epoch,batch,global_step,layer1_weight,layer1_bias,layer2_weight,layer2_bias,layer3_weight,layer3_bias,is_anomaly
1,1,0,0.503047,0.0948,0.306004,0.053762,0.776588,0.192187,0
1,2,1,0.499782,0.095715,0.307005,0.053101,0.800712,0.206733,0
1,3,2,0.503588,0.095166,0.306968,0.04978,0.797622,0.195854,0
1,4,3,0.495567,0.098179,0.304168,0.051432,0.804713,0.202495,0
1,5,4,0.494678,0.095851,0.304808,0.054476,0.798313,0.194839,0
1,6,5,0.507183,0.102616,0.294526,0.050879,0.801,0.201162,0
1,7,6,0.506489,0.100218,0.302133,0.052465,0.782034,0.197902,0
1,8,7,0.496899,0.107335,0.292863,0.053803,0.779246,0.197781,0
1,9,8,0.506712,0.103807,0.29697,0.048071,0.809656,0.198612,0
1,10,9,0.490355,0.102306,0.300869,0.052672,0.794153,0.200681,0
1,11,10,0.504068,0.09649,0.296796,0.048373,0.78485,0.202622,0
1,12,11,0.504257,0.102013,0.304993,0.049496,0.79404,0.199192,0
1,13,12,0.486173,0.094774,0.302838,0.046258,0.794502,0.207435,0
1,14,13,0.490014,0.098713,0.29201,0.048514,0.809044,0.189246,0
1,15,14,0.493359,0.09249,0.300157,0.047742,0.801672,0.199711,0
1,16,15,0.489015,0.100596,0.30131,0.055287,0.808821,0.201691,0
1,17,16,0.492802,0.095047,0.296402,0.044333,0.806342,0.198187,0
1,18,17,0.502285,0.103851,0.315464,0.061485,0.803613,0.193553,0
1,19,18,0.490971,0.097563,0.294563,0.049257,0.811352,0.200402,0
1,20,19,0.482303,0.097188,0.299,0.056882,0.800043,0.205326,0
1,21,20,0.489349,0.095974,0.316428,0.046514,0.808462,0.193982,0
1,22,21,0.497384,0.099376,0.294132,0.051574,0.79286,0.192016,0
1,23,22,0.514691,0.10036,0.298391,0.050923,0.813912,0.200656,0
1,24,23,0.503138,0.107219,0.300776,0.044872,0.781742,0.209216,0
1,25,24,0.494968,0.106827,0.290424,0.046181,0.8058,0.196912,0
1,26,25,0.502126,0.106537,0.299975,0.052326,0.773398,0.198958,0
1,27,26,0.489918,0.097809,0.306547,0.044434,0.798288,0.196315,0
1,28,27,0.504031,0.106147,0.297954,0.046946,0.795154,0.200645,0
1,29,28,0.499505,0.100581,0.3193,0.057227,0.787521,0.197436,0
1,30,29,0.501706,0.105449,0.293297,0.047093,0.771913,0.198154,0
1,31,30,0.489731,0.098929,0.285038,0.043832,0.823151,0.191375,0
1,32,31,0.527501,0.093522,0.296124,0.051056,0.818264,0.193149,0
1,33,32,0.502748,0.097479,0.297969,0.04418,0.794582,0.197442,0
1,34,33,0.503065,0.104404,0.300253,0.051077,0.797998,0.199011,0
1,35,34,0.497327,0.109786,0.311567,0.051203,0.788123,0.192306,0
1,36,35,0.503051,0.090577,0.30637,0.051468,0.783875,0.196121,0
1,37,36,0.495278,0.098763,0.296904,0.05025,0.814778,0.18352,0
1,38,37,0.50111,0.0974,0.284836,0.050942,0.817768,0.189687,0
1,39,38,0.497487,0.093976,0.296184,0.05482,0.803952,0.209254,0
1,40,39,0.515489,0.101415,0.305454,0.048424,0.797679,0.194645,0
1,41,40,0.505824,0.098247,0.30817,0.052603,0.818648,0.203185,0
1,42,41,0.48623,0.096589,0.31086,0.05214,0.788333,0.192688,0
1,43,42,0.491189,0.10072,0.307982,0.052015,0.769145,0.200566,0
1,44,43,0.514012,0.088824,0.293981,0.051934,0.777581,0.207566,0
1,45,44,0.492091,0.103189,0.307228,0.050492,0.799293,0.200302,0
1,46,45,0.496225,0.101017,0.306649,0.045316,0.7949,0.207539,0
1,47,46,0.499723,0.103302,0.298711,0.054856,0.806602,0.203671,0
1,48,47,0.495598,0.089042,0.311424,0.047699,0.797535,0.206447,0
1,49,48,0.481587,0.095069,0.302077,0.051617,0.799475,0.190083,0
1,50,49,0.492832,0.101317,0.304146,0.050063,0.805202,0.199905,0
1,51,50,0.495704,0.099984,0.305064,0.047925,0.802254,0.196905,0
1,52,51,0.477519,0.092498,0.286613,0.040156,0.787781,0.202967,0
1,53,52,0.508292,0.105598,0.297887,0.054894,0.796946,0.193416,0
1,54,53,0.488469,0.09715,0.304839,0.056353,0.779174,0.200767,0
1,55,54,0.495989,0.089765,0.305806,0.04704,0.789273,0.191961,0
1,56,55,0.495358,0.100543,0.301245,0.054733,0.791487,0.189489,0
1,57,56,0.508346,0.100797,0.297271,0.050835,0.818932,0.210782,0
1,58,57,0.507912,0.094632,0.300955,0.049327,0.799207,0.19329,0
1,59,58,0.485926,0.096547,0.295914,0.057169,0.808632,0.192487,0
1,60,59,0.494206,0.099747,0.303183,0.048053,0.808046,0.191378,0
1,61,60,0.499231,0.105966,0.298932,0.051723,0.794519,0.197178,0
1,62,61,0.488435,0.102108,0.306852,0.050856,0.791685,0.200894,0
1,63,62,0.478586,0.097082,0.282214,0.0434,0.811406,0.203511,0
1,64,63,0.467205,0.096023,0.317473,0.05111,0.788245,0.2009,0
1,65,64,0.497795,0.098289,0.304406,0.050739,0.8029,0.19395,0
1,66,65,0.487049,0.094262,0.308736,0.048585,0.811646,0.195395,0
1,67,66,0.499282,0.106504,0.295126,0.045576,0.789337,0.200734,0
1,68,67,0.491262,0.104399,0.278836,0.046184,0.774402,0.193033,0
1,69,68,0.494066,0.097844,0.299587,0.045286,0.803042,0.201936,0
1,70,69,0.499514,0.108795,0.297233,0.048082,0.785438,0.191736,0
1,71,70,0.495793,0.100271,0.298309,0.046238,0.805202,0.202336,0
1,72,71,0.501934,0.09952,0.286285,0.049018,0.797464,0.192472,0
1,73,72,0.509762,0.1048,0.29582,0.050734,0.765321,0.190902,0
1,74,73,0.503494,0.108526,0.288397,0.04592,0.796985,0.207477,0
1,75,74,0.514513,0.090261,0.287531,0.047566,0.787833,0.202656,0
1,76,75,0.501404,0.095612,0.307946,0.04674,0.786361,0.200997,0
1,77,76,0.479344,0.10117,0.289446,0.050181,0.776835,0.200398,0
1,78,77,0.503288,0.099668,0.292778,0.055035,0.788552,0.197883,0
1,79,78,0.500811,0.095773,0.294367,0.054671,0.781273,0.183183,0
1,80,79,0.491997,0.088736,0.295146,0.048065,0.791401,0.19095,0
1,81,80,0.481056,0.101896,0.314021,0.049888,0.789552,0.196748,0
1,82,81,0.497594,0.096428,0.312353,0.048493,0.813535,0.190948,0
1,83,82,0.48721,0.099247,0.30724,0.047885,0.773136,0.197435,0
1,84,83,0.495034,0.089812,0.284585,0.051098,0.787087,0.182122,0
1,85,84,0.488661,0.091736,0.304166,0.050557,0.821871,0.200001,0
1,86,85,0.503918,0.101425,0.307464,0.047065,0.787975,0.194575,0
1,87,86,0.491112,0.096156,0.299933,0.048157,0.804545,0.183909,0
1,88,87,0.472446,0.093442,0.290069,0.048326,0.806396,0.19592,0
1,89,88,0.506092,0.09336,0.290075,0.051354,0.790302,0.201245,0
1,90,89,0.485199,0.09816,0.295644,0.044246,0.774118,0.201444,0
1,91,90,0.494538,0.10384,0.279054,0.043113,0.781725,0.206067,0
1,92,91,0.484048,0.092582,0.300853,0.049323,0.799305,0.196144,0
1,93,92,0.503178,0.102195,0.284281,0.040091,0.804661,0.204366,0
1,94,93,0.49634,0.102794,0.311591,0.051135,0.788099,0.191851,0
1,95,94,0.485149,0.108364,0.311461,0.053604,0.78143,0.20231,0
1,96,95,0.507747,0.101277,0.30307,0.051598,0.796489,0.186448,0
1,97,96,0.482402,0.106489,0.310952,0.054477,0.795383,0.205224,0
1,98,97,0.484215,0.100045,0.297573,0.043819,0.791626,0.196612,0
1,99,98,0.495214,0.099284,0.297414,0.048208,0.779171,0.196154,0
1,100,99,0.500162,0.099976,0.282736,0.048519,0.804028,0.203385,0
2,1,100,0.48655,0.092582,0.299757,0.050517,0.807448,0.2036,0
2,2,101,0.491759,0.099066,0.295353,0.046678,0.794955,0.193946,0
2,3,102,0.49088,0.099181,0.299126,0.044422,0.786065,0.205567,0
2,4,103,0.476232,0.098086,0.297157,0.0485,0.80633,0.180873,0
2,5,104,0.483522,0.096021,0.290857,0.045383,0.787765,0.205445,0
2,6,105,0.513801,0.098078,0.31088,0.048577,0.793173,0.199043,0
2,7,106,0.487627,0.102725,0.293925,0.046981,0.802423,0.197007,0
2,8,107,0.498016,0.099985,0.281294,0.051596,0.779656,0.188136,0
2,9,108,0.487665,0.101995,0.286023,0.047292,0.784342,0.19648,0
2,10,109,0.501793,0.098135,0.281594,0.041076,0.791132,0.195404,0
2,11,110,0.496756,0.102538,0.287811,0.044212,0.77808,0.198434,0
2,12,111,0.469433,0.08926,0.290006,0.046659,0.786219,0.196901,0
2,13,112,0.48764,0.093448,0.300471,0.042737,0.795716,0.197255,0
2,14,113,0.488128,0.108041,0.294807,0.043762,0.791799,0.190153,0
2,15,114,0.499856,0.094609,0.304479,0.05349,0.808116,0.199756,0
2,16,115,0.491071,0.093365,0.297504,0.046564,0.788806,0.207843,0
2,17,116,0.491877,0.098059,0.296568,0.050633,0.804704,0.206404,0
2,18,117,0.482641,0.097221,0.304012,0.052294,0.793179,0.201808,0
2,19,118,0.496994,0.095862,0.299147,0.037098,0.795155,0.17457,0
2,20,119,0.498825,0.091808,0.290733,0.054292,0.784672,0.209888,0
2,21,120,0.510169,0.098255,0.288381,0.048361,0.789973,0.188212,0
2,22,121,0.503194,0.097753,0.294108,0.048365,0.792997,0.200071,0
2,23,122,0.504947,0.095498,0.285005,0.050555,0.7958,0.187156,0
2,24,123,0.497594,0.1007,0.285076,0.050094,0.786529,0.193413,0
2,25,124,0.511744,0.104094,0.295402,0.050171,0.799282,0.197007,0
2,26,125,0.493157,0.093854,0.292934,0.051286,0.790036,0.198291,0
2,27,126,0.501262,0.099374,0.286341,0.054509,0.783911,0.186289,0
2,28,127,0.494172,0.096091,0.293495,0.051209,0.793919,0.198086,0
2,29,128,0.47252,0.095618,0.278718,0.048864,0.789704,0.202433,0
2,30,129,0.488546,0.099846,0.291907,0.048704,0.801514,0.192783,0
2,31,130,0.483952,0.102269,0.301689,0.049108,0.780452,0.190945,0
2,32,131,0.483894,0.099568,0.286136,0.047874,0.790836,0.210741,0
2,33,132,0.494898,0.099416,0.296987,0.050459,0.787596,0.204764,0
2,34,133,0.486906,0.097039,0.287434,0.05049,0.806702,0.195546,0
2,35,134,0.491007,0.089356,0.288677,0.049567,0.805108,0.212835,0
2,36,135,0.495688,0.096544,0.299411,0.048898,0.790525,0.1935,0
2,37,136,0.499732,0.095896,0.291151,0.048674,0.798659,0.197002,0
2,38,137,0.508942,0.099733,0.303679,0.053598,0.802601,0.199575,0
2,39,138,0.482127,0.100744,0.285013,0.045442,0.804603,0.200901,0
2,40,139,0.481528,0.096018,0.296646,0.048926,0.802484,0.193662,0
2,41,140,0.497503,0.097216,0.289801,0.047657,0.78659,0.194179,0
2,42,141,0.490511,0.086693,0.288616,0.047538,0.78049,0.20406,0
2,43,142,0.493517,0.097346,0.29503,0.048595,0.809266,0.181822,0
2,44,143,0.492995,0.100591,0.299495,0.047033,0.800789,0.201891,0
2,45,144,0.495526,0.094313,0.301263,0.049002,0.788496,0.204518,0
2,46,145,0.480879,0.095284,0.293613,0.042521,0.776578,0.190485,0
2,47,146,0.488583,0.095262,0.286426,0.040907,0.786917,0.189633,0
2,48,147,0.48503,0.097803,0.29852,0.0502,0.772394,0.200718,0
2,49,148,0.492494,0.090158,0.29303,0.049981,0.795516,0.194714,0
2,50,149,0.489983,0.100771,0.311,0.056352,0.773344,0.189971,0
2,51,150,0.479275,0.094569,0.298862,0.04809,0.780193,0.191455,0
2,52,151,0.515266,0.098468,0.302564,0.046534,0.785689,0.191189,0
2,53,152,0.474294,0.085711,0.285877,0.05378,0.787307,0.203183,0
2,54,153,0.483341,0.09956,0.30124,0.046163,0.794474,0.198807,0
2,55,154,0.480459,0.097353,0.297996,0.04529,0.787999,0.198803,0
2,56,155,0.50502,0.091894,0.308819,0.046326,0.800138,0.195758,0
2,57,156,0.490484,0.089083,0.303058,0.054507,0.777957,0.197132,0
2,58,157,0.499895,0.096667,0.309207,0.046501,0.799432,0.195874,0
2,59,158,0.491604,0.096263,0.288572,0.051068,0.795163,0.198821,0
2,60,159,0.488301,0.098685,0.290241,0.048503,0.780083,0.20495,0
2,61,160,0.503936,0.085947,0.279087,0.051583,0.787926,0.196703,0
2,62,161,0.511985,0.100901,0.296528,0.046634,0.782385,0.182395,0
2,63,162,0.476144,0.093453,0.28588,0.044519,0.787682,0.182634,0
2,64,163,0.489339,0.084336,0.287139,0.053302,0.753624,0.193025,0
2,65,164,0.485049,0.09874,0.299604,0.055705,0.784445,0.197336,0
2,66,165,0.484145,0.093896,0.294872,0.042098,0.789545,0.200855,0
2,67,166,0.490462,0.10039,0.279996,0.044041,0.797239,0.196641,0
2,68,167,0.496336,0.099949,0.316676,0.047475,0.777065,0.197557,0
2,69,168,0.481276,0.108189,0.297575,0.045391,0.797551,0.194305,0
2,70,169,0.478631,0.098383,0.310234,0.050175,0.781965,0.191887,0
2,71,170,0.487722,0.101182,0.281034,0.051748,0.781844,0.197162,0
2,72,171,0.503906,0.101378,0.282752,0.051606,0.791178,0.185238,0
2,73,172,0.496961,0.097446,0.29717,0.054174,0.800952,0.177638,0
2,74,173,0.473829,0.097011,0.3048,0.043924,0.790197,0.189315,0
2,75,174,0.485874,0.098831,0.27981,0.055709,0.793312,0.193685,0
2,76,175,0.503075,0.09488,0.293117,0.046283,0.779032,0.198918,0
2,77,176,0.491112,0.099046,0.291369,0.057159,0.767105,0.202286,0
2,78,177,0.513443,0.101437,0.302459,0.048342,0.783233,0.193434,0
2,79,178,0.492913,0.091883,0.301255,0.051905,0.793616,0.199133,0
2,80,179,0.482368,0.088243,0.296526,0.047876,0.7804,0.176896,0
2,81,180,0.484354,0.098203,0.283475,0.053955,0.783872,0.19634,0
2,82,181,0.487884,0.093414,0.291966,0.05023,0.784257,0.192199,0
2,83,182,0.513896,0.096814,0.308823,0.049609,0.796996,0.190192,0
2,84,183,0.500736,0.096541,0.284219,0.042729,0.768234,0.183904,0
2,85,184,0.490666,0.085018,0.292954,0.047509,0.810432,0.185737,0
2,86,185,0.49525,0.099117,0.295367,0.04947,0.794531,0.189593,0
2,87,186,0.493984,0.097174,0.28949,0.048049,0.77765,0.18799,0
2,88,187,0.493878,0.09051,0.300086,0.043404,0.778244,0.190642,0
2,89,188,0.488483,0.098734,0.277502,0.047947,0.80893,0.195154,0
2,90,189,0.499506,0.086233,0.280871,0.048951,0.776301,0.202202,0
2,91,190,0.47782,0.082452,0.292427,0.047346,0.779706,0.200773,0
2,92,191,0.469103,0.099266,0.298713,0.049328,0.796498,0.187281,0
2,93,192,0.497892,0.087723,0.286798,0.054145,0.781509,0.19928,0
2,94,193,0.503989,0.094957,0.279964,0.044857,0.791174,0.196583,0
2,95,194,0.484483,0.094293,0.283173,0.045547,0.775737,0.198809,0
2,96,195,0.48633,0.0968,0.287617,0.043463,0.773117,0.190341,0
2,97,196,0.497497,0.088145,0.294321,0.04716,0.788418,0.194042,0
2,98,197,0.490444,0.101204,0.276377,0.049413,0.798515,0.193172,0
2,99,198,0.488906,0.087935,0.275305,0.051791,0.77234,0.191327,0
2,100,199,0.488312,0.092372,0.297054,0.04982,0.78793,0.195462,0
3,1,200,0.489451,0.101663,0.304116,0.042313,0.780252,0.202149,0
3,2,201,0.487773,0.094061,0.296276,0.046981,0.783409,0.194442,0
3,3,202,0.519042,0.087075,0.296532,0.044939,0.790769,0.194219,0
3,4,203,0.491774,0.1016,0.275156,0.054332,0.788261,0.200377,0
3,5,204,0.491259,0.095835,0.296145,0.052298,0.762497,0.199723,0
3,6,205,0.475039,0.098415,0.274537,0.050544,0.765695,0.194171,0
3,7,206,0.487913,0.092409,0.289767,0.053032,0.789956,0.191506,0
3,8,207,0.493535,0.087061,0.299804,0.048444,0.812083,0.187189,0
3,9,208,0.501514,0.092359,0.295552,0.047928,0.786743,0.189568,0
3,10,209,0.490901,0.09807,0.291911,0.04145,0.795142,0.195917,0
3,11,210,0.474493,0.090673,0.289398,0.052814,0.775526,0.197541,0
3,12,211,0.488036,0.100145,0.289392,0.0416,0.766537,0.190479,0
3,13,212,0.484742,0.107633,0.279738,0.048695,0.769505,0.19068,0
3,14,213,0.491718,0.105255,0.289982,0.048909,0.795259,0.192626,0
3,15,214,0.49571,0.095154,0.285479,0.048366,0.775876,0.190409,0
3,16,215,0.499723,0.088712,0.288248,0.055542,0.796328,0.194136,0
3,17,216,0.489933,0.095868,0.292793,0.047717,0.780147,0.184868,0
3,18,217,0.475467,0.094712,0.286932,0.048275,0.777976,0.202354,0
3,19,218,0.495812,0.091767,0.288844,0.049075,0.776659,0.198817,0
3,20,219,0.482486,0.092792,0.302224,0.050325,0.802999,0.207036,0
3,21,220,0.477238,0.091712,0.288359,0.043571,0.769777,0.192534,0
3,22,221,0.479772,0.109628,0.289759,0.048078,0.766776,0.203607,0
3,23,222,0.475432,0.096613,0.284369,0.053629,0.79195,0.193913,0
3,24,223,0.495728,0.101604,0.302183,0.041402,0.785779,0.199403,0
3,25,224,0.491538,0.094016,0.278463,0.046457,0.778152,0.192392,0
3,26,225,0.488353,0.097712,0.290815,0.046111,0.783108,0.181725,0
3,27,226,0.489097,0.100284,0.277597,0.039845,0.785206,0.193177,0
3,28,227,0.495294,0.100123,0.297062,0.046687,0.756548,0.197805,0
3,29,228,0.479804,0.098809,0.300044,0.053955,0.771247,0.191801,0
3,30,229,0.477377,0.097493,0.297759,0.048062,0.784315,0.191578,0
3,31,230,0.482627,0.095455,0.300132,0.041711,0.765876,0.180874,0
3,32,231,0.484604,0.098687,0.287938,0.048615,0.777928,0.197103,0
3,33,232,0.486713,0.100579,0.296187,0.042092,0.789307,0.186532,0
3,34,233,0.491249,0.096126,0.291338,0.050384,0.776911,0.194423,0
3,35,234,0.482138,0.089348,0.284464,0.040346,0.790038,0.203833,0
3,36,235,0.495499,0.102411,0.289296,0.048056,0.757105,0.19455,0
3,37,236,0.472588,0.097994,0.301116,0.044507,0.767477,0.179984,0
3,38,237,0.47264,0.097525,0.28929,0.043327,0.774385,0.199318,0
3,39,238,0.494291,0.089435,0.293119,0.048209,0.775322,0.195473,0
3,40,239,0.493569,0.080634,0.302352,0.035419,0.773487,0.198982,0
3,41,240,0.477063,0.100335,0.277428,0.052116,0.780139,0.185646,0
3,42,241,0.496612,0.098842,0.279017,0.045976,0.770362,0.200531,0
3,43,242,0.487567,0.08935,0.287322,0.044374,0.765345,0.193309,0
3,44,243,0.484053,0.086126,0.286693,0.043934,0.770105,0.204716,0
3,45,244,0.470036,0.09185,0.294402,0.043462,0.791377,0.185464,0
3,46,245,0.489393,0.091898,0.290483,0.046605,0.771587,0.195561,0
3,47,246,0.483395,0.099063,0.290733,0.046313,0.781576,0.2028,0
3,48,247,0.468718,0.096146,0.305191,0.049485,0.782288,0.189227,0
3,49,248,0.47974,0.093591,0.294147,0.044451,0.770485,0.184399,0
3,50,249,0.489867,0.099846,0.293233,0.049078,0.783726,0.191981,0
3,51,250,0.48298,0.091671,0.295972,0.048507,0.763143,0.199236,0
3,52,251,0.499338,0.098108,0.282354,0.054599,0.787826,0.192409,0
3,53,252,0.487119,0.091658,0.297095,0.049386,0.780016,0.1877,0
3,54,253,0.474015,0.087581,0.296931,0.037062,0.782225,0.189542,0
3,55,254,0.493895,0.092935,0.29329,0.050407,0.774129,0.198359,0
3,56,255,0.496476,0.0982,0.307682,0.044396,0.76305,0.186384,0
3,57,256,0.488223,0.089265,0.298455,0.042541,0.793427,0.209465,0
3,58,257,0.482221,0.085809,0.287468,0.043058,0.762076,0.202624,0
3,59,258,0.48401,0.093976,0.299976,0.047291,0.785728,0.191084,0
3,60,259,0.467273,0.093512,0.292682,0.042265,0.778866,0.192553,0
3,61,260,0.491073,0.096735,0.282971,0.048034,0.791469,0.196862,0
3,62,261,0.480657,0.097119,0.293731,0.049908,0.780702,0.197083,0
3,63,262,0.495608,0.090737,0.277675,0.053554,0.78212,0.181853,0
3,64,263,0.484053,0.09218,0.303317,0.043181,0.769382,0.193378,0
3,65,264,0.495912,0.095713,0.295995,0.046323,0.779632,0.192725,0
3,66,265,0.492301,0.094921,0.285577,0.047621,0.778464,0.193209,0
3,67,266,0.490923,0.100022,0.292804,0.056691,0.774184,0.193965,0
3,68,267,0.489139,0.098892,0.294543,0.052366,0.7775,0.189997,0
3,69,268,0.479405,0.091169,0.284419,0.051066,0.774187,0.192724,0
3,70,269,0.478083,0.089242,0.293724,0.049714,0.78247,0.187073,0
3,71,270,0.481285,0.08988,0.302309,0.049834,0.78566,0.199383,0
3,72,271,0.479066,0.091499,0.285063,0.04298,0.774724,0.18457,0
3,73,272,0.49121,0.097099,0.296664,0.045786,0.803694,0.193247,0
3,74,273,0.468945,0.094627,0.290836,0.045396,0.802291,0.195104,0
3,75,274,0.476309,0.094704,0.293164,0.039835,0.775916,0.191864,0
3,76,275,0.480855,0.093616,0.292476,0.049669,0.79097,0.189984,0
3,77,276,0.492308,0.092309,0.298043,0.051158,0.79342,0.20239,0
3,78,277,0.486263,0.09397,0.286496,0.041288,0.778952,0.18708,0
3,79,278,0.475103,0.095611,0.292867,0.049537,0.80399,0.193324,0
3,80,279,0.473181,0.102334,0.284242,0.043034,0.777211,0.191089,0
3,81,280,0.498294,0.09037,0.280451,0.05097,0.783508,0.187877,0
3,82,281,0.485403,0.100208,0.283277,0.046852,0.785622,0.177282,0
3,83,282,0.48922,0.095593,0.300217,0.049384,0.748913,0.186831,0
3,84,283,0.490626,0.098287,0.296378,0.046313,0.755204,0.188777,0
3,85,284,0.492113,0.098862,0.292495,0.034905,0.761943,0.202797,0
3,86,285,0.498102,0.094367,0.30029,0.048258,0.782703,0.193628,0
3,87,286,0.49541,0.086378,0.294993,0.051706,0.791552,0.18886,0
3,88,287,0.511375,0.09051,0.287331,0.045906,0.771157,0.18605,0
3,89,288,0.489294,0.091774,0.306843,0.047174,0.792452,0.192929,0
3,90,289,0.499238,0.0945,0.295299,0.048575,0.773421,0.19376,0
3,91,290,0.489695,0.100489,0.300422,0.047147,0.748199,0.1944,0
3,92,291,0.487145,0.099178,0.284053,0.04088,0.779849,0.191068,0
3,93,292,0.513074,0.098333,0.299636,0.050456,0.794394,0.1901,0
3,94,293,0.493467,0.089291,0.289799,0.044303,0.794584,0.195707,0
3,95,294,0.484928,0.095108,0.281699,0.038314,0.778281,0.193124,0
3,96,295,0.50095,0.08911,0.288332,0.048971,0.806783,0.200031,0
3,97,296,0.476368,0.098025,0.282315,0.046086,0.774943,0.200677,0
3,98,297,0.490194,0.090565,0.291431,0.046683,0.772956,0.195832,0
3,99,298,0.49194,0.09097,0.27819,0.049694,0.789637,0.19079,0
3,100,299,0.468451,0.095564,0.28393,0.042371,0.770777,0.18993,0
4,1,300,0.480539,0.098901,0.293249,0.04421,0.765609,0.181115,0
4,2,301,0.461228,0.091301,0.283762,0.053293,0.755487,0.182322,0
4,3,302,0.47745,0.0908,0.29587,0.037672,0.753506,0.189256,0
4,4,303,0.485859,0.099609,0.307765,0.044663,0.775558,0.201842,0
4,5,304,0.474617,0.094432,0.288939,0.043128,0.763883,0.192538,0
4,6,305,0.485451,0.096756,0.283077,0.049909,0.785432,0.206472,0
4,7,306,0.49239,0.097976,0.286539,0.045327,0.782014,0.185854,0
4,8,307,0.494609,0.090837,0.276051,0.039264,0.760327,0.182911,0
4,9,308,0.477572,0.08997,0.287236,0.05221,0.783303,0.190857,0
4,10,309,0.487827,0.096741,0.283469,0.047056,0.750901,0.192,0
4,11,310,0.502665,0.089394,0.29244,0.046757,0.773996,0.190014,0
4,12,311,0.498227,0.093769,0.297193,0.044083,0.784311,0.186098,0
4,13,312,0.483179,0.082797,0.286255,0.051808,0.781677,0.192133,0
4,14,313,0.496527,0.098337,0.302784,0.048305,0.785823,0.188767,0
4,15,314,0.486462,0.097744,0.29157,0.044514,0.775012,0.199196,0
4,16,315,0.482098,0.102611,0.28884,0.039648,0.797517,0.194644,0
4,17,316,0.495024,0.09097,0.299706,0.049009,0.777656,0.191393,0
4,18,317,0.475497,0.08555,0.295406,0.049355,0.780403,0.192936,0
4,19,318,0.483644,0.091204,0.287965,0.054903,0.75374,0.193459,0
4,20,319,0.479714,0.083195,0.293542,0.04529,0.74929,0.195467,0
4,21,320,0.48759,0.09383,0.301025,0.05353,0.788003,0.184751,0
4,22,321,0.465854,0.095927,0.308554,0.04935,0.792001,0.191467,0
4,23,322,0.475742,0.088741,0.30047,0.052269,0.762347,0.196148,0
4,24,323,0.488452,0.098512,0.290972,0.052411,0.777873,0.194055,0
4,25,324,0.488498,0.097085,0.277415,0.043469,0.788935,0.192001,0
4,26,325,0.478312,0.100557,0.289547,0.047569,0.788147,0.184865,0
4,27,326,0.491972,0.086826,0.276876,0.050035,0.766684,0.187867,0
4,28,327,0.483574,0.098112,0.28402,0.05336,0.765625,0.186091,0
4,29,328,0.47808,0.092664,0.300985,0.052585,0.763958,0.189905,0
4,30,329,0.482993,0.093447,0.299252,0.05154,0.769729,0.188846,0
4,31,330,0.489386,0.09296,0.282345,0.042873,0.790965,0.189161,0
4,32,331,0.486362,0.105343,0.281611,0.039099,0.788959,0.185109,0
4,33,332,0.486082,0.088607,0.2886,0.048479,0.76134,0.185839,0
4,34,333,0.479124,0.093934,0.286814,0.045584,0.773121,0.186076,0
4,35,334,0.478656,0.095746,0.288063,0.048122,0.792069,0.193032,0
4,36,335,0.495579,0.092192,0.297915,0.04389,0.755374,0.190797,0
4,37,336,0.496068,0.083731,0.279684,0.042512,0.77236,0.187726,0
4,38,337,0.488103,0.093988,0.293036,0.043182,0.783327,0.183218,0
4,39,338,0.485209,0.092359,0.293062,0.035174,0.776587,0.18918,0
4,40,339,0.482302,0.087519,0.288699,0.04688,0.774259,0.190802,0
4,41,340,0.484757,0.09965,0.275923,0.047319,0.765775,0.187576,0
4,42,341,0.501363,0.086858,0.280413,0.041382,0.793449,0.186996,0
4,43,342,0.473456,0.091984,0.309406,0.052148,0.762405,0.193625,0
4,44,343,0.493045,0.09894,0.298078,0.044691,0.770559,0.194209,0
4,45,344,0.466609,0.093689,0.298312,0.04177,0.780145,0.191669,0
4,46,345,0.475805,0.085015,0.285382,0.050107,0.765896,0.185486,0
4,47,346,0.490957,0.096929,0.297362,0.048847,0.769388,0.188637,0
4,48,347,0.488209,0.090741,0.293314,0.042487,0.790294,0.185624,0
4,49,348,0.486448,0.093512,0.289646,0.046294,0.76524,0.186863,0
4,50,349,0.474692,0.090439,0.298333,0.049212,0.778804,0.187985,0
4,51,350,0.479904,0.097849,0.296494,0.042572,0.761734,0.190152,0
4,52,351,0.485233,0.0861,0.284395,0.045032,0.766874,0.186267,0
4,53,352,0.467775,0.096859,0.295463,0.049853,0.753351,0.191234,0
4,54,353,0.482442,0.092359,0.304147,0.054168,0.751788,0.204374,0
4,55,354,0.492005,0.087942,0.293326,0.04603,0.778332,0.190764,0
4,56,355,0.480571,0.09838,0.293993,0.049377,0.763625,0.183078,0
4,57,356,0.490062,0.09776,0.288079,0.052164,0.787942,0.19078,0
4,58,357,0.48154,0.093491,0.286573,0.042871,0.753816,0.193087,0
4,59,358,0.471239,0.086553,0.293341,0.052537,0.772135,0.192693,0
4,60,359,0.471314,0.083345,0.290166,0.037439,0.755414,0.186007,0
4,61,360,0.485056,0.097269,0.295219,0.050963,0.771177,0.191021,0
4,62,361,0.477978,0.091118,0.28263,0.048076,0.769992,0.185191,0
4,63,362,0.491688,0.093153,0.282238,0.049614,0.764315,0.180701,0
4,64,363,0.477761,0.092946,0.298251,0.04645,0.756571,0.192373,0
4,65,364,0.481789,0.081545,0.291939,0.054138,0.789791,0.200066,0
4,66,365,0.47453,0.093821,0.278866,0.043772,0.762685,0.194441,0
4,67,366,0.468196,0.091122,0.283051,0.049819,0.784858,0.195358,0
4,68,367,0.46398,0.099768,0.28578,0.043327,0.790352,0.196581,0
4,69,368,0.480279,0.093776,0.30176,0.04801,0.779272,0.195976,0
4,70,369,0.478604,0.08004,0.271905,0.042238,0.776855,0.189613,0
4,71,370,0.468809,0.092463,0.291335,0.043355,0.77074,0.1793,0
4,72,371,0.501764,0.092418,0.297094,0.046077,0.769951,0.185366,0
4,73,372,0.473557,0.091935,0.283959,0.055479,0.769163,0.198111,0
4,74,373,0.468136,0.090305,0.290494,0.052614,0.772824,0.197112,0
4,75,374,0.48071,0.104471,0.284897,0.043194,0.755559,0.202766,0
4,76,375,0.49374,0.095938,0.304479,0.040059,0.766816,0.185975,0
4,77,376,0.478496,0.096178,0.307598,0.044827,0.764866,0.189432,0
4,78,377,0.47484,0.097746,0.291719,0.038051,0.755135,0.197697,0
4,79,378,0.479396,0.092506,0.294546,0.040787,0.759669,0.190298,0
4,80,379,0.468755,0.094206,0.297363,0.048157,0.771349,0.188055,0
4,81,380,0.493597,0.091805,0.281482,0.044231,0.77201,0.186359,0
4,82,381,0.48984,0.099498,0.296537,0.042453,0.758678,0.188115,0
4,83,382,0.476483,0.089987,0.283165,0.044917,0.783581,0.189735,0
4,84,383,0.477949,0.092361,0.290562,0.047911,0.794281,0.183438,0
4,85,384,0.465089,0.096173,0.298621,0.042731,0.769173,0.178128,0
4,86,385,0.476086,0.086756,0.290286,0.04406,0.76355,0.192886,0
4,87,386,0.482241,0.097127,0.298325,0.04348,0.780369,0.183715,0
4,88,387,0.493935,0.088978,0.304496,0.048495,0.756848,0.185257,0
4,89,388,0.479893,0.092463,0.294427,0.046647,0.753438,0.183482,0
4,90,389,0.49671,0.096118,0.290628,0.049105,0.760879,0.187411,0
4,91,390,0.483835,0.093128,0.293801,0.048284,0.771712,0.19164,0
4,92,391,0.473189,0.094029,0.293617,0.043411,0.769342,0.184528,0
4,93,392,0.493058,0.097488,0.292539,0.053969,0.766369,0.206431,0
4,94,393,0.476372,0.094002,0.294895,0.045614,0.789881,0.189645,0
4,95,394,0.484485,0.09145,0.283314,0.042954,0.800541,0.186599,0
4,96,395,0.479734,0.094833,0.292588,0.048756,0.760662,0.190193,0
4,97,396,0.471023,0.086138,0.296634,0.048794,0.78004,0.188356,0
4,98,397,0.488781,0.092946,0.293107,0.04755,0.756395,0.179102,0
4,99,398,0.487001,0.0852,0.280211,0.043127,0.763872,0.179888,0
4,100,399,0.480913,0.086117,0.287104,0.050244,0.752459,0.186791,0
5,1,400,0.474263,0.097817,0.28555,0.050418,0.773148,0.185943,0
5,2,401,0.490159,0.089238,0.2883,0.045744,0.77637,0.181819,0
5,3,402,0.466731,0.098001,0.305813,0.049987,0.784964,0.188452,0
5,4,403,0.482401,0.08898,0.280593,0.045719,0.775147,0.179193,0
5,5,404,0.469047,0.096269,0.284002,0.048143,0.780848,0.192328,0
5,6,405,0.490887,0.087637,0.289926,0.046983,0.773421,0.189872,0
5,7,406,0.488423,0.092809,0.297015,0.045761,0.750658,0.193617,0
5,8,407,0.473175,0.100082,0.280777,0.04458,0.768729,0.181237,0
5,9,408,0.474695,0.093816,0.265765,0.045764,0.763603,0.182849,0
5,10,409,0.477775,0.089934,0.272395,0.041382,0.778813,0.17507,0
5,11,410,0.496936,0.095643,0.283243,0.051118,0.758314,0.193755,0
5,12,411,0.475389,0.086637,0.285933,0.046999,0.761183,0.190994,0
5,13,412,0.483822,0.091455,0.284109,0.046486,0.773643,0.200011,0
5,14,413,0.510235,0.09432,0.291487,0.048686,0.754852,0.184947,0
5,15,414,0.477558,0.092411,0.29628,0.049313,0.764939,0.18356,0
5,16,415,0.463187,0.090134,0.288874,0.048965,0.777721,0.189253,0
5,17,416,0.472461,0.090374,0.287672,0.045701,0.744093,0.185135,0
5,18,417,0.476682,0.0941,0.278858,0.039318,0.762462,0.192075,0
5,19,418,0.464417,0.090478,0.289513,0.04653,0.773032,0.181958,0
5,20,419,0.487307,0.087591,0.284669,0.034995,0.759022,0.184284,0
5,21,420,0.478441,0.080304,0.289124,0.042087,0.772228,0.179709,0
5,22,421,0.481981,0.092203,0.285329,0.039645,0.748594,0.183867,0
5,23,422,0.485152,0.090164,0.27962,0.044668,0.76895,0.189289,0
5,24,423,0.478115,0.093671,0.287123,0.043768,0.747569,0.184245,0
5,25,424,0.470843,0.086285,0.29195,0.048164,0.755233,0.185719,0
5,26,425,0.48274,0.095625,0.281546,0.049957,0.747812,0.179764,0
5,27,426,0.483634,0.091278,0.269659,0.03765,0.767473,0.185072,0
5,28,427,0.479801,0.096182,0.288283,0.050644,0.765936,0.186498,0
5,29,428,0.506744,0.093316,0.290207,0.04782,0.788286,0.191915,0
5,30,429,0.475141,0.091956,0.276896,0.047815,0.757864,0.187731,0
5,31,430,0.498323,0.091633,0.287612,0.044206,0.778872,0.185126,0
5,32,431,0.473067,0.091191,0.27442,0.048507,0.78881,0.191397,0
5,33,432,0.480763,0.086644,0.285218,0.048769,0.766662,0.178564,0
5,34,433,0.483265,0.101659,0.29791,0.038086,0.782413,0.192628,0
5,35,434,0.489255,0.094072,0.276507,0.048103,0.73963,0.185643,0
5,36,435,0.473261,0.095747,0.294748,0.05089,0.775692,0.193438,0
5,37,436,0.479095,0.090094,0.277221,0.041819,0.761736,0.188369,0
5,38,437,0.488185,0.096657,0.285038,0.048009,0.762118,0.194823,0
5,39,438,0.479715,0.099481,0.28541,0.047411,0.771511,0.18064,0
5,40,439,0.471794,0.096599,0.289684,0.044392,0.770238,0.186469,0
5,41,440,0.470726,0.091402,0.284302,0.039258,0.753755,0.196209,0
5,42,441,0.462546,0.090619,0.299259,0.044843,0.780404,0.188882,0
5,43,442,0.487275,0.089485,0.293645,0.042323,0.766765,0.188852,0
5,44,443,0.475186,0.087895,0.299554,0.049766,0.75543,0.190121,0
5,45,444,0.488138,0.0826,0.294095,0.044549,0.761941,0.189139,0
5,46,445,0.484927,0.091667,0.276602,0.044871,0.780975,0.19671,0
5,47,446,0.482606,0.095334,0.292426,0.04868,0.768679,0.186186,0
5,48,447,0.481046,0.09199,0.291051,0.04018,0.77198,0.198917,0
5,49,448,0.48069,0.101202,0.278371,0.046333,0.754564,0.183278,0
5,50,449,0.49556,0.093261,0.283517,0.055481,0.758949,0.183103,0
5,51,450,0.487182,0.103089,0.275384,0.051333,0.764842,0.191337,0
5,52,451,0.485315,0.090785,0.291631,0.042428,0.756967,0.183689,0
5,53,452,0.489316,0.087453,0.289226,0.044418,0.767779,0.182675,0
5,54,453,0.476711,0.101051,0.28678,0.041766,0.778483,0.190195,0
5,55,454,0.470772,0.090284,0.285008,0.040297,0.760517,0.194398,0
5,56,455,0.461692,0.099224,0.285627,0.04286,0.760312,0.177486,0
5,57,456,0.490874,0.091138,0.297756,0.046467,0.773759,0.190635,0
5,58,457,0.474821,0.100437,0.279035,0.045447,0.763619,0.188705,0
5,59,458,0.475412,0.08293,0.286336,0.041018,0.742547,0.187081,0
5,60,459,0.482722,0.081157,0.275342,0.053304,0.750713,0.189895,0
5,61,460,0.470667,0.093608,0.287294,0.043607,0.750598,0.187807,0
5,62,461,0.503215,0.097531,0.291917,0.045048,0.739855,0.178236,0
5,63,462,0.469907,0.089932,0.277644,0.040473,0.762434,0.180791,0
5,64,463,0.482074,0.089579,0.284681,0.047758,0.761256,0.18444,0
5,65,464,0.475329,0.091123,0.279826,0.041917,0.77211,0.18875,0
5,66,465,0.477212,0.094182,0.293531,0.048995,0.761591,0.194372,0
5,67,466,0.479521,0.091915,0.280134,0.048145,0.796864,0.183771,0
5,68,467,0.47177,0.098382,0.280606,0.043434,0.74359,0.181444,0
5,69,468,0.504597,0.088807,0.272626,0.04892,0.753837,0.193756,0
5,70,469,0.47477,0.094409,0.284111,0.043323,0.760094,0.178299,0
5,71,470,0.472059,0.094397,0.288324,0.047661,0.761619,0.192918,0
5,72,471,0.485725,0.094332,0.282354,0.039914,0.767364,0.189147,0
5,73,472,0.467336,0.09286,0.285271,0.037737,0.766741,0.174725,0
5,74,473,0.494599,0.084462,0.283175,0.04544,0.783535,0.182853,0
5,75,474,0.472552,0.094131,0.273963,0.044575,0.742165,0.179447,0
5,76,475,0.473059,0.086756,0.283985,0.046454,0.773795,0.169999,0
5,77,476,0.475211,0.092497,0.28786,0.044021,0.755598,0.184247,0
5,78,477,0.475522,0.091377,0.298173,0.044029,0.773346,0.193082,0
5,79,478,0.472809,0.089161,0.292494,0.046144,0.764583,0.178909,0
5,80,479,0.474272,0.086546,0.297079,0.046337,0.768618,0.184802,0
5,81,480,1.259845,0.08996,-0.632993,0.035863,0.245948,0.190798,1
5,82,481,-0.095342,0.090838,1.016715,0.045231,-0.22499,0.189855,1
5,83,482,1.181748,0.092447,-0.665796,0.04525,-0.042816,0.178269,1
5,84,483,-0.03694,0.083831,0.843447,0.050796,-0.042495,0.185847,1
5,85,484,-0.229121,0.084242,-0.496373,0.04767,1.483332,0.196225,1
5,86,485,0.936714,0.089145,-0.667859,0.03877,0.150458,0.193566,1
5,87,486,-0.436448,0.089059,-0.856624,0.046721,0.156839,0.17881,1
5,88,487,1.016141,0.083089,1.434454,0.048151,1.549823,0.186642,1
5,89,488,-0.008811,0.090816,1.364409,0.047932,1.763153,0.193207,1
5,90,489,-0.093803,0.089889,-0.649692,0.037099,1.815888,0.180357,1
5,91,490,-0.702507,0.089003,1.145854,0.042628,1.698207,0.186616,1
5,92,491,0.478577,0.088911,0.291225,0.048191,0.764649,0.183736,1
5,93,492,0.467341,0.08705,0.276248,0.04684,0.775,0.179792,0
5,94,493,0.472301,0.086688,0.290025,0.042355,0.7727,0.183736,0
5,95,494,0.477832,0.094596,0.287367,0.054015,0.777637,0.183335,0
5,96,495,0.46687,0.095931,0.288043,0.046076,0.768643,0.195487,0
5,97,496,0.490287,0.094918,0.282552,0.045061,0.762665,0.187291,0
5,98,497,0.466276,0.085236,0.279939,0.047569,0.758213,0.186268,0
5,99,498,0.480973,0.093015,0.279263,0.045667,0.786546,0.184954,0
5,100,499,0.475972,0.089264,0.284779,0.039236,0.748528,0.184134,0
6,1,500,0.47323,0.090305,0.292115,0.044603,0.764789,0.18175,0
6,2,501,0.483608,0.093547,0.28968,0.044596,0.762859,0.191351,0
6,3,502,0.476714,0.092036,0.278347,0.044681,0.758712,0.171648,0
6,4,503,0.473247,0.09702,0.275184,0.041672,0.728414,0.182025,0
6,5,504,0.485877,0.094223,0.285503,0.043478,0.771994,0.184761,0
6,6,505,0.470337,0.093673,0.303062,0.045196,0.750416,0.17774,0
6,7,506,0.480203,0.093969,0.28831,0.044061,0.766299,0.185846,0
6,8,507,0.471133,0.093739,0.265441,0.050036,0.777065,0.184969,0
6,9,508,0.468172,0.092576,0.278291,0.042485,0.772883,0.190608,0
6,10,509,0.468094,0.093483,0.27673,0.046337,0.768242,0.184201,0
6,11,510,0.472361,0.084914,0.292837,0.041834,0.763397,0.184272,0
6,12,511,0.488279,0.090788,0.276597,0.046111,0.757367,0.205394,0
6,13,512,0.4886,0.080555,0.285395,0.052858,0.757646,0.17424,0
6,14,513,0.478111,0.085546,0.279128,0.042631,0.763294,0.192639,0
6,15,514,0.460984,0.08308,0.288846,0.039478,0.756173,0.186405,0
6,16,515,0.473309,0.092218,0.293042,0.047278,0.759684,0.180073,0
6,17,516,0.478299,0.091363,0.267721,0.041697,0.773174,0.184995,0
6,18,517,0.473861,0.091582,0.287686,0.04336,0.749909,0.19722,0
6,19,518,0.479863,0.084623,0.29468,0.041447,0.761959,0.174624,0
6,20,519,0.465959,0.079674,0.288755,0.05329,0.775155,0.182886,0
6,21,520,0.485221,0.087882,0.284673,0.046002,0.765047,0.183602,0
6,22,521,0.486045,0.091967,0.298123,0.043244,0.777796,0.187625,0
6,23,522,0.467007,0.091654,0.287518,0.052581,0.75022,0.18977,0
6,24,523,0.46424,0.096579,0.294145,0.047168,0.760612,0.185667,0
6,25,524,0.474111,0.085277,0.275891,0.041752,0.760746,0.184118,0
6,26,525,0.467477,0.096828,0.282108,0.043016,0.763789,0.173231,0
6,27,526,0.456326,0.095068,0.296309,0.043262,0.761422,0.190935,0
6,28,527,0.466939,0.087072,0.277795,0.046101,0.771736,0.183085,0
6,29,528,0.477546,0.098661,0.28731,0.043172,0.766954,0.182723,0
6,30,529,0.487634,0.076724,0.290513,0.042855,0.752756,0.194284,0
6,31,530,0.472196,0.091469,0.280565,0.038405,0.747212,0.191788,0
6,32,531,0.470836,0.086083,0.297491,0.043937,0.7522,0.190647,0
6,33,532,0.473502,0.089361,0.286117,0.053047,0.761475,0.169772,0
6,34,533,0.473785,0.09057,0.283781,0.04446,0.764717,0.180758,0
6,35,534,0.466141,0.089821,0.272015,0.045126,0.746081,0.181325,0
6,36,535,0.478934,0.080444,0.298645,0.039882,0.775543,0.190079,0
6,37,536,0.474716,0.086925,0.284152,0.043641,0.732657,0.190651,0
6,38,537,0.467547,0.091052,0.27674,0.035609,0.761926,0.187005,0
6,39,538,0.473989,0.081917,0.275642,0.041617,0.767087,0.181684,0
6,40,539,0.476575,0.090915,0.280872,0.042225,0.730643,0.189642,0
6,41,540,0.471628,0.092881,0.271362,0.04224,0.743164,0.194429,0
6,42,541,0.457812,0.088518,0.27999,0.039292,0.780057,0.185645,0
6,43,542,0.480123,0.087258,0.281473,0.047024,0.737092,0.193322,0
6,44,543,0.462096,0.084524,0.274415,0.045571,0.757352,0.180924,0
6,45,544,0.472315,0.086792,0.278195,0.050748,0.755492,0.1913,0
6,46,545,0.472195,0.080612,0.295077,0.044009,0.765357,0.179138,0
6,47,546,0.48506,0.090637,0.286556,0.049973,0.770196,0.188212,0
6,48,547,0.462611,0.092698,0.284955,0.038968,0.753975,0.174625,0
6,49,548,0.477888,0.09093,0.298824,0.047911,0.751085,0.188468,0
6,50,549,0.475881,0.078229,0.283233,0.040429,0.757296,0.177064,0
6,51,550,0.486504,0.089034,0.277351,0.043512,0.739869,0.185937,0
6,52,551,0.466232,0.087641,0.278864,0.045338,0.7605,0.18315,0
6,53,552,0.482262,0.091652,0.283344,0.04322,0.78496,0.178538,0
6,54,553,0.490206,0.093374,0.277983,0.04652,0.758852,0.18031,0
6,55,554,0.474457,0.08871,0.286828,0.045378,0.756389,0.179534,0
6,56,555,0.476526,0.087299,0.297426,0.040836,0.746777,0.177531,0
6,57,556,0.467415,0.078118,0.285243,0.042439,0.737663,0.189834,0
6,58,557,0.46514,0.096868,0.289286,0.040398,0.744435,0.186923,0
6,59,558,0.484822,0.085097,0.28399,0.048239,0.765069,0.182302,0
6,60,559,0.461488,0.090412,0.282127,0.04471,0.767751,0.176106,0
6,61,560,0.464958,0.095957,0.290469,0.045561,0.776731,0.174207,0
6,62,561,0.462804,0.090284,0.274317,0.047152,0.767814,0.184804,0
6,63,562,0.477547,0.088866,0.261588,0.049351,0.75668,0.178226,0
6,64,563,0.464965,0.090532,0.297358,0.050864,0.759277,0.185884,0
6,65,564,0.478241,0.08505,0.285628,0.04345,0.760894,0.183789,0
6,66,565,0.478172,0.09093,0.282229,0.050919,0.758536,0.185676,0
6,67,566,0.46272,0.076488,0.279203,0.047384,0.750483,0.187827,0
6,68,567,0.468698,0.090998,0.287037,0.050336,0.73416,0.18024,0
6,69,568,0.474001,0.087176,0.289017,0.047795,0.750244,0.184942,0
6,70,569,0.478976,0.088841,0.282497,0.04654,0.753092,0.184068,0
6,71,570,0.460098,0.086439,0.283681,0.052264,0.749328,0.178904,0
6,72,571,0.443327,0.083566,0.30472,0.046654,0.741048,0.182618,0
6,73,572,0.489795,0.090503,0.278522,0.047428,0.745861,0.17664,0
6,74,573,0.462386,0.082651,0.285316,0.039472,0.716436,0.176547,0
6,75,574,0.486495,0.085452,0.289827,0.044184,0.753572,0.177768,0
6,76,575,0.47295,0.087319,0.275193,0.048218,0.759122,0.180062,0
6,77,576,0.462524,0.088832,0.277752,0.04046,0.734447,0.180568,0
6,78,577,0.496357,0.092888,0.293125,0.047411,0.776074,0.177968,0
6,79,578,0.476682,0.089198,0.284864,0.049504,0.758345,0.187453,0
6,80,579,0.487191,0.088925,0.277644,0.041724,0.745891,0.178376,0
6,81,580,0.46905,0.085435,0.291457,0.045372,0.756784,0.178141,0
6,82,581,0.478112,0.087911,0.291203,0.044222,0.763034,0.179631,0
6,83,582,0.478153,0.091237,0.285917,0.042786,0.743759,0.18585,0
6,84,583,0.481944,0.083926,0.277842,0.050716,0.763783,0.180362,0
6,85,584,0.443344,0.083788,0.282073,0.042734,0.756245,0.189257,0
6,86,585,0.473999,0.086667,0.281201,0.042983,0.780102,0.169006,0
6,87,586,0.462889,0.092779,0.288926,0.043949,0.749872,0.181748,0
6,88,587,0.46877,0.089522,0.288416,0.039209,0.740432,0.171899,0
6,89,588,0.475653,0.081093,0.29664,0.041685,0.754978,0.187486,0
6,90,589,0.472342,0.102507,0.284739,0.050535,0.767348,0.184538,0
6,91,590,0.455519,0.096204,0.2839,0.033499,0.748714,0.186224,0
6,92,591,0.46195,0.08165,0.281698,0.044216,0.748539,0.189634,0
6,93,592,0.47108,0.080376,0.271688,0.044128,0.776414,0.185716,0
6,94,593,0.477681,0.087659,0.29134,0.040547,0.756763,0.187287,0
6,95,594,0.470553,0.090833,0.282065,0.047956,0.746937,0.17421,0
6,96,595,0.464566,0.087771,0.282687,0.042503,0.752191,0.181911,0
6,97,596,0.489009,0.087344,0.286765,0.038528,0.746668,0.178086,0
6,98,597,0.477731,0.084808,0.278469,0.043048,0.767646,0.170751,0
6,99,598,0.459225,0.083982,0.269144,0.041083,0.727983,0.175952,0
6,100,599,0.471925,0.083006,0.269741,0.039453,0.751561,0.187239,0
7,1,600,0.462624,0.088123,0.279429,0.043195,0.776446,0.171428,0
7,2,601,0.455291,0.084761,0.277738,0.043097,0.732769,0.185542,0
7,3,602,0.461196,0.088393,0.274744,0.04265,0.777682,0.182514,0
7,4,603,0.456332,0.081945,0.273581,0.042193,0.763004,0.18538,0
7,5,604,0.464387,0.08928,0.276853,0.042847,0.756976,0.179787,0
7,6,605,0.468031,0.093797,0.286325,0.038081,0.738374,0.176848,0
7,7,606,0.475846,0.094156,0.284285,0.042157,0.726533,0.182244,0
7,8,607,0.490712,0.094063,0.28807,0.040082,0.745284,0.181221,0
7,9,608,0.473169,0.082398,0.291335,0.044329,0.730611,0.181452,0
7,10,609,0.466175,0.09196,0.283227,0.03865,0.734298,0.188465,0
7,11,610,0.484457,0.093083,0.287169,0.040255,0.771977,0.184918,0
7,12,611,0.472018,0.079425,0.287267,0.040076,0.755567,0.17854,0
7,13,612,0.467788,0.097207,0.29272,0.045298,0.750736,0.186705,0
7,14,613,0.468576,0.07863,0.290595,0.05213,0.751921,0.16886,0
7,15,614,0.462667,0.090853,0.283616,0.041908,0.743085,0.182335,0
7,16,615,0.465924,0.089398,0.280125,0.038196,0.762669,0.165117,0
7,17,616,0.470682,0.090488,0.290534,0.04099,0.757759,0.182695,0
7,18,617,0.454762,0.089757,0.28461,0.044933,0.744705,0.186454,0
7,19,618,0.463461,0.084254,0.28489,0.04813,0.746441,0.186144,0
7,20,619,0.46647,0.086123,0.275857,0.045524,0.753296,0.171886,0
7,21,620,0.460847,0.08911,0.287647,0.038716,0.733462,0.191447,0
7,22,621,0.459611,0.085028,0.271845,0.047324,0.740999,0.187931,0
7,23,622,0.464637,0.074439,0.280374,0.0431,0.760137,0.170022,0
7,24,623,0.48137,0.087276,0.289421,0.037885,0.758717,0.176683,0
7,25,624,0.468855,0.083399,0.284289,0.036527,0.724555,0.189514,0
7,26,625,0.46872,0.092598,0.284604,0.044343,0.763142,0.176866,0
7,27,626,0.465972,0.085531,0.281803,0.043878,0.737339,0.186031,0
7,28,627,0.465697,0.089251,0.264237,0.047294,0.741716,0.18851,0
7,29,628,0.487738,0.086053,0.291071,0.043876,0.754745,0.18158,0
7,30,629,0.45871,0.084227,0.281928,0.042827,0.758203,0.188958,0
7,31,630,0.454138,0.097552,0.283537,0.045619,0.733517,0.181093,0
7,32,631,0.479207,0.098939,0.273493,0.039602,0.738987,0.190707,0
7,33,632,0.468766,0.083277,0.28816,0.04216,0.746319,0.184693,0
7,34,633,0.468456,0.091317,0.294182,0.046012,0.759,0.179811,0
7,35,634,0.470012,0.080207,0.278355,0.043328,0.743155,0.18987,0
7,36,635,0.470884,0.087707,0.273457,0.043698,0.749357,0.172747,0
7,37,636,0.472335,0.089587,0.276269,0.045515,0.746935,0.163702,0
7,38,637,0.451332,0.087823,0.293572,0.040588,0.749066,0.173066,0
7,39,638,0.468566,0.094012,0.286152,0.040117,0.741193,0.18383,0
7,40,639,0.467518,0.079819,0.29376,0.044317,0.738018,0.176638,0
7,41,640,0.478163,0.098359,0.286611,0.043232,0.743616,0.175061,0
7,42,641,0.489106,0.094148,0.266844,0.040926,0.740691,0.180291,0
7,43,642,0.457128,0.088305,0.285672,0.043574,0.749962,0.174471,0
7,44,643,0.471126,0.089991,0.292011,0.047318,0.749416,0.173679,0
7,45,644,0.470323,0.084728,0.273194,0.038807,0.728666,0.17927,0
7,46,645,0.463811,0.08042,0.283688,0.046511,0.741807,0.178028,0
7,47,646,0.459873,0.093062,0.287694,0.045946,0.759428,0.168756,0
7,48,647,0.477758,0.088996,0.280981,0.042429,0.752646,0.17872,0
7,49,648,0.462184,0.097264,0.275551,0.042565,0.737569,0.182575,0
7,50,649,0.476039,0.083526,0.286839,0.046799,0.760739,0.181373,0
7,51,650,0.470749,0.08262,0.279724,0.049205,0.768514,0.18937,0
7,52,651,0.472322,0.080773,0.26857,0.044447,0.754198,0.18589,0
7,53,652,0.457553,0.086435,0.268383,0.035467,0.756728,0.175921,0
7,54,653,0.461157,0.089892,0.275121,0.036086,0.74924,0.177585,0
7,55,654,0.452041,0.088834,0.272422,0.047093,0.751261,0.182656,0
7,56,655,0.476523,0.095754,0.284192,0.03986,0.751667,0.194915,0
7,57,656,0.459797,0.08667,0.285277,0.045029,0.738323,0.175463,0
7,58,657,0.482271,0.09588,0.281367,0.042185,0.763652,0.184568,0
7,59,658,0.472019,0.085954,0.280049,0.04771,0.756468,0.188239,0
7,60,659,0.473997,0.079187,0.274991,0.040048,0.74754,0.189997,0
7,61,660,0.472266,0.089594,0.283301,0.044996,0.750845,0.190325,0
7,62,661,0.474907,0.091242,0.28269,0.047916,0.749377,0.181373,0
7,63,662,0.466096,0.083419,0.270648,0.049116,0.75309,0.179961,0
7,64,663,0.476764,0.082605,0.280071,0.046842,0.723728,0.179765,0
7,65,664,0.461784,0.087408,0.295469,0.042064,0.750381,0.192048,0
7,66,665,0.466803,0.095609,0.286052,0.044578,0.746012,0.176306,0
7,67,666,0.466569,0.085097,0.278014,0.04731,0.761422,0.176017,0
7,68,667,0.481925,0.09239,0.269975,0.042274,0.735473,0.178385,0
7,69,668,0.450411,0.082497,0.282258,0.045803,0.751809,0.187014,0
7,70,669,0.463429,0.090277,0.269343,0.04333,0.749315,0.186865,0
7,71,670,0.455648,0.089127,0.286118,0.048449,0.73998,0.185463,0
7,72,671,0.472573,0.091373,0.2778,0.038447,0.757635,0.172673,0
7,73,672,0.473555,0.083427,0.274363,0.043676,0.758317,0.193565,0
7,74,673,0.455485,0.091634,0.272302,0.040571,0.739089,0.179353,0
7,75,674,0.466242,0.079871,0.285602,0.043048,0.760021,0.175534,0
7,76,675,0.47921,0.087305,0.278153,0.039769,0.767093,0.173572,0
7,77,676,0.44764,0.092853,0.284714,0.046837,0.752617,0.178753,0
7,78,677,0.456398,0.088891,0.286144,0.049137,0.750301,0.185237,0
7,79,678,0.470837,0.084508,0.281813,0.038975,0.73518,0.183472,0
7,80,679,0.472756,0.083756,0.279762,0.048878,0.75537,0.184405,0
7,81,680,0.456141,0.082789,0.277564,0.033782,0.743111,0.176333,0
7,82,681,0.459943,0.08933,0.285356,0.040116,0.739604,0.166218,0
7,83,682,0.466642,0.081633,0.275432,0.038279,0.747493,0.182094,0
7,84,683,0.450439,0.08324,0.276252,0.041557,0.74626,0.188063,0
7,85,684,0.472584,0.089522,0.273031,0.046555,0.743355,0.17102,0
7,86,685,0.463473,0.086113,0.273697,0.045591,0.744679,0.180449,0
7,87,686,0.456757,0.07523,0.283938,0.038291,0.746711,0.181646,0
7,88,687,0.464998,0.094611,0.293105,0.047079,0.74909,0.173359,0
7,89,688,0.471205,0.083076,0.277977,0.043777,0.747915,0.182322,0
7,90,689,0.481798,0.098666,0.282909,0.037814,0.735602,0.182385,0
7,91,690,0.464257,0.08718,0.286217,0.041726,0.726034,0.183027,0
7,92,691,0.469502,0.083808,0.272504,0.047196,0.74937,0.182212,0
7,93,692,0.45988,0.08695,0.274725,0.046213,0.742391,0.173285,0
7,94,693,0.474697,0.088106,0.282899,0.044351,0.742301,0.174913,0
7,95,694,0.482198,0.092831,0.284243,0.044574,0.743424,0.171613,0
7,96,695,0.467545,0.088448,0.286521,0.040281,0.736203,0.187855,0
7,97,696,0.464128,0.085566,0.279373,0.044931,0.77474,0.180259,0
7,98,697,0.460301,0.092204,0.282309,0.025474,0.752328,0.190599,0
7,99,698,0.43738,0.09073,0.278991,0.03362,0.749514,0.185965,0
7,100,699,0.460933,0.076713,0.284565,0.050009,0.757635,0.167103,0
8,1,700,0.44907,0.086221,0.282147,0.037279,0.753326,0.182607,0
8,2,701,0.445452,0.084319,0.279029,0.043665,0.748467,0.180435,0
8,3,702,0.47492,0.085483,0.281481,0.042235,0.736079,0.182077,0
8,4,703,0.465133,0.08442,0.276285,0.040938,0.72401,0.181207,0
8,5,704,0.459485,0.095397,0.275842,0.03946,0.731756,0.168476,0
8,6,705,0.470757,0.08142,0.29334,0.041543,0.740372,0.187474,0
8,7,706,0.467187,0.083895,0.273926,0.035552,0.740177,0.185688,0
8,8,707,0.454701,0.086994,0.286893,0.044653,0.745441,0.174008,0
8,9,708,0.468428,0.098692,0.266693,0.041955,0.743265,0.175985,0
8,10,709,0.466073,0.089806,0.278864,0.055629,0.745096,0.179902,0
8,11,710,0.475974,0.079123,0.26144,0.043029,0.759649,0.178954,0
8,12,711,0.468973,0.089086,0.264416,0.047428,0.752308,0.185464,0
8,13,712,0.469607,0.090102,0.26409,0.036876,0.734208,0.177861,0
8,14,713,0.475521,0.091482,0.271631,0.043824,0.732786,0.177481,0
8,15,714,0.488412,0.088552,0.273814,0.050569,0.738711,0.179375,0
8,16,715,0.4632,0.086447,0.28818,0.045191,0.742148,0.185212,0
8,17,716,0.465368,0.086533,0.289003,0.040443,0.73938,0.169295,0
8,18,717,0.463591,0.094505,0.282778,0.039182,0.733904,0.186738,0
8,19,718,0.459675,0.091265,0.270513,0.044388,0.769832,0.179692,0
8,20,719,0.45935,0.078649,0.284038,0.047281,0.738749,0.176167,0
8,21,720,0.458376,0.080545,0.293537,0.044666,0.749269,0.1837,0
8,22,721,0.466676,0.084235,0.281878,0.044157,0.737728,0.170394,0
8,23,722,0.444996,0.088098,0.286063,0.052893,0.737546,0.175108,0
8,24,723,0.465873,0.081484,0.276911,0.034855,0.753277,0.173686,0
8,25,724,0.457976,0.084122,0.27819,0.044679,0.759349,0.182676,0
8,26,725,0.469447,0.085316,0.286323,0.047042,0.749783,0.169522,0
8,27,726,0.471496,0.085373,0.287315,0.048001,0.75631,0.185453,0
8,28,727,0.457575,0.077215,0.27589,0.048029,0.747369,0.190297,0
8,29,728,0.465375,0.085552,0.267925,0.047162,0.735734,0.174278,0
8,30,729,0.474871,0.083609,0.277722,0.042471,0.75107,0.187451,0
8,31,730,0.472472,0.084226,0.28473,0.049524,0.765579,0.185221,0
8,32,731,0.469211,0.09375,0.28154,0.044508,0.742137,0.176103,0
8,33,732,0.480581,0.084161,0.278461,0.039218,0.75004,0.18624,0
8,34,733,0.469094,0.084572,0.282234,0.043926,0.742059,0.178837,0
8,35,734,0.460875,0.093857,0.299664,0.037843,0.726166,0.172237,0
8,36,735,0.469163,0.08616,0.282181,0.039882,0.738271,0.177829,0
8,37,736,0.451984,0.089101,0.279883,0.045084,0.719044,0.169019,0
8,38,737,0.475396,0.076143,0.284637,0.039076,0.753627,0.197139,0
8,39,738,0.445018,0.087374,0.276206,0.043139,0.73002,0.182543,0
8,40,739,0.458957,0.078207,0.290589,0.042341,0.763772,0.185158,0
8,41,740,0.46421,0.092832,0.2813,0.043305,0.738401,0.177497,0
8,42,741,0.459,0.082357,0.27334,0.036982,0.731715,0.186761,0
8,43,742,0.438112,0.088002,0.276449,0.040654,0.742812,0.174765,0
8,44,743,0.46528,0.08357,0.269981,0.036691,0.743247,0.187391,0
8,45,744,0.465051,0.084853,0.284592,0.044987,0.70465,0.180951,0
8,46,745,0.460865,0.087155,0.264524,0.045368,0.74956,0.177932,0
8,47,746,0.472959,0.077524,0.286136,0.041879,0.73917,0.167371,0
8,48,747,0.449286,0.087553,0.278302,0.039955,0.750496,0.164376,0
8,49,748,0.476999,0.086989,0.275147,0.039977,0.736525,0.180823,0
8,50,749,0.483882,0.084711,0.266775,0.037131,0.749399,0.177172,0
8,51,750,0.470806,0.084209,0.27164,0.040896,0.725635,0.189436,0
8,52,751,0.457081,0.07972,0.275599,0.046895,0.733671,0.172247,0
8,53,752,0.478828,0.086729,0.282592,0.045357,0.726004,0.17166,0
8,54,753,0.470305,0.08639,0.278046,0.032099,0.764426,0.172044,0
8,55,754,0.454176,0.073906,0.280277,0.038055,0.726804,0.169145,0
8,56,755,0.48037,0.081471,0.279101,0.037293,0.73558,0.174237,0
8,57,756,0.472111,0.080666,0.285308,0.042264,0.735625,0.173069,0
8,58,757,0.465224,0.085733,0.275192,0.052214,0.7551,0.172964,0
8,59,758,0.463559,0.081334,0.280771,0.048228,0.723596,0.170491,0
8,60,759,0.482035,0.089829,0.284785,0.041353,0.735844,0.16852,0
8,61,760,0.47486,0.083746,0.276066,0.04308,0.749903,0.168379,0
8,62,761,0.451364,0.074357,0.276078,0.048181,0.759216,0.179302,0
8,63,762,0.471433,0.082504,0.273023,0.03967,0.714314,0.184863,0
8,64,763,0.45005,0.083718,0.291218,0.050745,0.71903,0.174983,0
8,65,764,0.464666,0.081537,0.277661,0.04045,0.758251,0.180362,0
8,66,765,0.461082,0.095116,0.287659,0.034962,0.735039,0.169841,0
8,67,766,0.454022,0.084851,0.256161,0.038,0.739157,0.182094,0
8,68,767,0.471747,0.077403,0.278823,0.042594,0.759213,0.175609,0
8,69,768,0.448337,0.083536,0.273314,0.041764,0.748741,0.180285,0
8,70,769,0.476454,0.080463,0.278091,0.041537,0.737724,0.167146,0
8,71,770,0.471761,0.081493,0.271896,0.047152,0.750327,0.178152,0
8,72,771,0.461366,0.081272,0.284103,0.039516,0.756142,0.174975,0
8,73,772,0.461639,0.08307,0.2766,0.045855,0.730286,0.176083,0
8,74,773,0.460352,0.093581,0.275558,0.041319,0.736108,0.16891,0
8,75,774,0.472658,0.084354,0.272903,0.047166,0.756694,0.184312,0
8,76,775,0.479387,0.085706,0.274609,0.045123,0.750088,0.173321,0
8,77,776,0.449597,0.084542,0.267805,0.038306,0.731163,0.179583,0
8,78,777,0.461666,0.078725,0.28012,0.046756,0.73689,0.175474,0
8,79,778,0.466468,0.099949,0.275679,0.041743,0.746683,0.186532,0
8,80,779,0.466684,0.09728,0.28161,0.037592,0.741062,0.168946,0
8,81,780,0.461742,0.080111,0.272228,0.048145,0.738841,0.173245,0
8,82,781,0.448437,0.08494,0.284412,0.039949,0.756367,0.172265,0
8,83,782,0.470808,0.094848,0.262445,0.040795,0.752617,0.167858,0
8,84,783,0.461632,0.087091,0.290597,0.049964,0.736616,0.173316,0
8,85,784,0.447082,0.083057,0.277302,0.040148,0.740638,0.191867,0
8,86,785,0.470903,0.085498,0.287965,0.042809,0.734219,0.165748,0
8,87,786,0.464493,0.077469,0.286465,0.042261,0.73419,0.171357,0
8,88,787,0.450796,0.090202,0.279227,0.04119,0.744737,0.176444,0
8,89,788,0.481304,0.081342,0.288808,0.041365,0.746645,0.180765,0
8,90,789,0.471306,0.093452,0.27426,0.042249,0.730599,0.174251,0
8,91,790,0.451079,0.092255,0.281296,0.050581,0.731395,0.177058,0
8,92,791,0.442709,0.087605,0.278858,0.04186,0.732036,0.170901,0
8,93,792,0.465519,0.094532,0.288124,0.036059,0.730199,0.178769,0
8,94,793,0.464203,0.08409,0.291525,0.041057,0.750576,0.168607,0
8,95,794,0.471137,0.079333,0.276373,0.036534,0.734305,0.181202,0
8,96,795,0.448952,0.080858,0.290215,0.042342,0.724372,0.174261,0
8,97,796,0.473803,0.083368,0.291246,0.041659,0.735888,0.179965,0
8,98,797,0.45966,0.09149,0.283807,0.037495,0.751146,0.174516,0
8,99,798,0.458072,0.091732,0.278785,0.042843,0.746968,0.182617,0
8,100,799,0.466137,0.084858,0.285943,0.041646,0.736479,0.186359,0
9,1,800,0.455464,0.091316,0.282403,0.043262,0.732138,0.17799,0
9,2,801,0.46124,0.085307,0.272967,0.045605,0.751386,0.181789,0
9,3,802,0.46068,0.077781,0.281322,0.042565,0.766963,0.184684,0
9,4,803,0.461487,0.078922,0.261998,0.03848,0.735187,0.163277,0
9,5,804,0.457646,0.080611,0.273148,0.048856,0.743626,0.172518,0
9,6,805,0.45207,0.080054,0.283934,0.040271,0.722464,0.175591,0
9,7,806,0.459293,0.08822,0.27943,0.050859,0.750533,0.184514,0
9,8,807,0.461281,0.088729,0.271316,0.042361,0.727667,0.178178,0
9,9,808,0.463735,0.083151,0.26034,0.036098,0.721593,0.170462,0
9,10,809,0.470203,0.087584,0.284305,0.044344,0.737796,0.182326,0
9,11,810,0.472211,0.072071,0.273376,0.040677,0.749032,0.185128,0
9,12,811,0.447736,0.078074,0.273796,0.040617,0.716419,0.179569,0
9,13,812,0.455065,0.083562,0.275397,0.048632,0.701029,0.169898,0
9,14,813,0.456767,0.08311,0.270349,0.042128,0.742498,0.174192,0
9,15,814,0.459226,0.075018,0.279272,0.040056,0.750018,0.179126,0
9,16,815,0.455536,0.077488,0.269908,0.046858,0.75265,0.168661,0
9,17,816,0.465056,0.074881,0.262696,0.043799,0.711332,0.172839,0
9,18,817,0.457733,0.081831,0.282247,0.042971,0.726876,0.175716,0
9,19,818,0.466963,0.089713,0.270575,0.039723,0.731735,0.174599,0
9,20,819,0.467884,0.082092,0.280564,0.042702,0.743118,0.167364,0
9,21,820,0.465236,0.080458,0.255401,0.037473,0.733667,0.175783,0
9,22,821,0.459765,0.083418,0.284203,0.03943,0.732637,0.168834,0
9,23,822,0.451825,0.082988,0.279417,0.040777,0.727826,0.171414,0
9,24,823,0.454312,0.07686,0.275931,0.041045,0.7303,0.176503,0
9,25,824,0.464327,0.082317,0.270744,0.037584,0.726962,0.175398,0
9,26,825,0.449095,0.075195,0.281805,0.039852,0.723956,0.168687,0
9,27,826,0.454669,0.082402,0.283793,0.034498,0.757522,0.189885,0
9,28,827,0.451461,0.082136,0.271843,0.044977,0.732489,0.169725,0
9,29,828,0.446763,0.075209,0.291102,0.03915,0.732112,0.172773,0
9,30,829,0.464349,0.075828,0.264057,0.040114,0.730461,0.164798,0
9,31,830,0.473433,0.092503,0.273114,0.043456,0.718817,0.178842,0
9,32,831,0.455557,0.081051,0.272469,0.045489,0.724096,0.18548,0
9,33,832,0.448235,0.083355,0.271118,0.040305,0.743056,0.184039,0
9,34,833,0.460193,0.07943,0.267078,0.037085,0.728109,0.176508,0
9,35,834,0.47346,0.08893,0.270299,0.036073,0.738798,0.161075,0
9,36,835,0.476563,0.074665,0.282295,0.041248,0.729227,0.166731,0
9,37,836,0.476051,0.08832,0.270169,0.037625,0.716698,0.183759,0
9,38,837,0.463401,0.08491,0.272435,0.044273,0.732854,0.172675,0
9,39,838,0.450117,0.086239,0.274348,0.043576,0.727514,0.167605,0
9,40,839,0.466888,0.081281,0.272427,0.047139,0.728634,0.171035,0
9,41,840,0.475684,0.076208,0.278945,0.049884,0.733157,0.173216,0
9,42,841,0.450249,0.082706,0.264894,0.047818,0.746579,0.17458,0
9,43,842,0.454241,0.077634,0.260643,0.038996,0.715184,0.171003,0
9,44,843,0.461407,0.079523,0.275231,0.049254,0.728378,0.177017,0
9,45,844,0.453028,0.088373,0.273695,0.044006,0.740532,0.171965,0
9,46,845,0.465529,0.081149,0.277446,0.039702,0.733,0.168202,0
9,47,846,0.452298,0.082805,0.275692,0.039075,0.730775,0.168587,0
9,48,847,0.460381,0.088921,0.258756,0.031299,0.727449,0.166319,0
9,49,848,0.466804,0.077349,0.277757,0.041578,0.73633,0.171441,0
9,50,849,0.475292,0.079068,0.280473,0.041271,0.728147,0.178324,0
9,51,850,0.426871,0.089362,0.284342,0.049049,0.73179,0.166744,0
9,52,851,0.44738,0.091223,0.292386,0.043403,0.73179,0.1667,0
9,53,852,0.454508,0.085366,0.269754,0.042068,0.71453,0.180963,0
9,54,853,0.455339,0.082259,0.264711,0.044509,0.72125,0.171491,0
9,55,854,0.440239,0.081766,0.280742,0.039947,0.728983,0.175354,0
9,56,855,0.456887,0.08787,0.265941,0.039952,0.71502,0.179998,0
9,57,856,0.458123,0.076862,0.266052,0.035599,0.718719,0.182464,0
9,58,857,0.448787,0.086658,0.266081,0.041587,0.732074,0.188257,0
9,59,858,0.46395,0.093531,0.261223,0.03805,0.728517,0.171757,0
9,60,859,0.47109,0.075707,0.272628,0.045593,0.730918,0.168354,0
9,61,860,0.44943,0.083826,0.262988,0.044652,0.732587,0.175339,0
9,62,861,0.449692,0.080041,0.27263,0.041026,0.721152,0.162031,0
9,63,862,0.458263,0.088758,0.289784,0.044417,0.74763,0.178741,0
9,64,863,0.466362,0.086272,0.272468,0.041205,0.726906,0.177838,0
9,65,864,0.433248,0.091335,0.272316,0.043182,0.748373,0.175882,0
9,66,865,0.480724,0.088136,0.275724,0.04705,0.716776,0.172318,0
9,67,866,0.462305,0.085341,0.289774,0.035008,0.750036,0.170663,0
9,68,867,0.445771,0.084678,0.265091,0.044291,0.722684,0.166712,0
9,69,868,0.453826,0.082811,0.27953,0.04565,0.726839,0.167695,0
9,70,869,0.441943,0.078167,0.268177,0.040479,0.721348,0.178172,0
9,71,870,0.453161,0.081722,0.262263,0.038873,0.725587,0.17154,0
9,72,871,0.471228,0.085021,0.267413,0.041668,0.731808,0.181158,0
9,73,872,0.456819,0.090018,0.284167,0.042068,0.727093,0.17688,0
9,74,873,0.457135,0.080512,0.270133,0.036418,0.736839,0.16889,0
9,75,874,0.457572,0.088271,0.256562,0.049333,0.724977,0.174627,0
9,76,875,0.458989,0.087487,0.277903,0.048294,0.736268,0.185538,0
9,77,876,0.482311,0.079608,0.285684,0.041347,0.742653,0.169589,0
9,78,877,0.47194,0.084653,0.281178,0.032574,0.728813,0.176153,0
9,79,878,0.452441,0.082684,0.28311,0.032105,0.736832,0.171657,0
9,80,879,0.468325,0.087616,0.272549,0.044713,0.740097,0.173106,0
9,81,880,0.464379,0.082189,0.265231,0.034461,0.739582,0.170319,0
9,82,881,0.442861,0.082154,0.272204,0.042709,0.74439,0.165593,0
9,83,882,0.454036,0.081673,0.276888,0.042559,0.736428,0.176908,0
9,84,883,0.467518,0.08327,0.261557,0.040711,0.731693,0.166642,0
9,85,884,0.461873,0.08315,0.260314,0.042566,0.728602,0.176578,0
9,86,885,0.448042,0.079609,0.273601,0.041742,0.726911,0.17091,0
9,87,886,0.447993,0.07949,0.299771,0.042824,0.71256,0.178476,0
9,88,887,0.45354,0.080061,0.286263,0.043396,0.740716,0.176,0
9,89,888,0.467692,0.082914,0.287773,0.044522,0.731504,0.174869,0
9,90,889,0.454649,0.083326,0.270001,0.042461,0.729136,0.177972,0
9,91,890,0.441828,0.091154,0.272165,0.040776,0.72469,0.17037,0
9,92,891,0.459894,0.081642,0.278223,0.041385,0.726437,0.175299,0
9,93,892,0.457442,0.085175,0.268287,0.043921,0.717764,0.169805,0
9,94,893,0.465507,0.077295,0.267619,0.046092,0.721713,0.172081,0
9,95,894,0.463767,0.085815,0.27748,0.041354,0.722187,0.16829,0
9,96,895,0.448317,0.082299,0.270749,0.036537,0.730532,0.170657,0
9,97,896,0.439562,0.080223,0.272439,0.037539,0.736129,0.172727,0
9,98,897,0.447279,0.082631,0.262989,0.043188,0.716994,0.178599,0
9,99,898,0.443874,0.078651,0.276107,0.045702,0.748159,0.173308,0
9,100,899,0.466038,0.077309,0.276392,0.031643,0.714621,0.17583,0
10,1,900,0.464065,0.079493,0.265248,0.039103,0.71641,0.172393,0
10,2,901,0.471694,0.078383,0.284101,0.036825,0.728793,0.180069,0
10,3,902,0.460451,0.084066,0.26862,0.043444,0.75019,0.17577,0
10,4,903,0.44024,0.084241,0.264776,0.03861,0.753703,0.17139,0
10,5,904,0.445323,0.079683,0.282872,0.041131,0.708941,0.176144,0
10,6,905,0.448688,0.087156,0.287056,0.037546,0.725281,0.175182,0
10,7,906,0.452451,0.080655,0.273212,0.041225,0.729487,0.169227,0
10,8,907,0.454202,0.079666,0.275382,0.033671,0.718674,0.17111,0
10,9,908,0.454789,0.082724,0.268894,0.040857,0.712777,0.171741,0
10,10,909,0.428951,0.07618,0.284441,0.044232,0.743108,0.181056,0
10,11,910,0.444127,0.087534,0.273217,0.050876,0.722819,0.184537,0
10,12,911,0.471417,0.076665,0.26879,0.036758,0.712361,0.176672,0
10,13,912,0.459962,0.072473,0.282934,0.039484,0.733429,0.176364,0
10,14,913,0.433114,0.082026,0.274216,0.036733,0.72873,0.170444,0
10,15,914,0.448663,0.079688,0.268879,0.045802,0.726389,0.173055,0
10,16,915,0.467743,0.084939,0.278045,0.043275,0.710237,0.167293,0
10,17,916,0.443555,0.072319,0.261748,0.039814,0.725887,0.167762,0
10,18,917,0.465056,0.080852,0.278061,0.041643,0.709815,0.171946,0
10,19,918,0.446649,0.08355,0.261721,0.040879,0.733429,0.177906,0
10,20,919,0.455891,0.089356,0.260579,0.037166,0.760134,0.170791,0
10,21,920,0.426311,0.082805,0.278878,0.037153,0.720751,0.177942,0
10,22,921,0.451669,0.077818,0.270019,0.035735,0.728892,0.171475,0
10,23,922,0.455967,0.074328,0.276281,0.039457,0.724241,0.17863,0
10,24,923,0.468295,0.085304,0.264465,0.032025,0.739106,0.172978,0
10,25,924,0.445184,0.079399,0.276479,0.036306,0.724766,0.178815,0
10,26,925,0.465086,0.081539,0.253556,0.036327,0.73516,0.162948,0
10,27,926,0.468396,0.078605,0.267072,0.04053,0.730131,0.171295,0
10,28,927,0.454852,0.083686,0.268988,0.044089,0.727628,0.176923,0
10,29,928,0.447276,0.078286,0.281955,0.043262,0.713484,0.173245,0
10,30,929,0.46316,0.080794,0.273073,0.028644,0.720973,0.17416,0
10,31,930,0.451397,0.080572,0.261443,0.039882,0.710461,0.161013,0
10,32,931,0.450744,0.082479,0.267962,0.033528,0.736753,0.159037,0
10,33,932,0.455705,0.077728,0.257336,0.037476,0.716455,0.167401,0
10,34,933,0.45636,0.082131,0.279694,0.040137,0.734854,0.170977,0
10,35,934,0.426917,0.083208,0.275429,0.042562,0.718981,0.180918,0
10,36,935,0.459196,0.089894,0.269414,0.038037,0.707222,0.181264,0
10,37,936,0.484367,0.082905,0.261501,0.039856,0.713423,0.169545,0
10,38,937,0.439217,0.089223,0.274281,0.039728,0.734132,0.174716,0
10,39,938,0.454439,0.084591,0.277885,0.041271,0.722315,0.181042,0
10,40,939,0.457189,0.078172,0.265367,0.039195,0.718973,0.163081,0
10,41,940,0.465659,0.083972,0.251004,0.043165,0.718102,0.174518,0
10,42,941,0.451928,0.081068,0.282525,0.040511,0.737746,0.177409,0
10,43,942,0.464066,0.07887,0.277466,0.03669,0.710419,0.183598,0
10,44,943,0.454034,0.079039,0.271351,0.035366,0.724395,0.165214,0
10,45,944,0.455342,0.073709,0.278492,0.040532,0.717974,0.17616,0
10,46,945,0.471228,0.081014,0.270999,0.03893,0.73856,0.168501,0
10,47,946,0.465968,0.085241,0.26958,0.046033,0.733295,0.17002,0
10,48,947,0.444331,0.081083,0.274058,0.033782,0.721968,0.169772,0
10,49,948,0.448785,0.078631,0.279241,0.040346,0.745713,0.175533,0
10,50,949,0.449009,0.085317,0.260872,0.037215,0.729548,0.178885,0
10,51,950,0.451099,0.071581,0.247486,0.034382,0.723764,0.171105,0
10,52,951,0.44137,0.078915,0.271739,0.041413,0.71445,0.176879,0
10,53,952,0.446976,0.086334,0.270378,0.037702,0.734953,0.184296,0
10,54,953,0.462711,0.077912,0.271623,0.03534,0.721301,0.167653,0
10,55,954,0.449429,0.083581,0.270424,0.033003,0.714727,0.162264,0
10,56,955,0.454815,0.076963,0.273325,0.03857,0.709941,0.175802,0
10,57,956,0.446117,0.086777,0.267371,0.043054,0.717389,0.169976,0
10,58,957,0.453061,0.07881,0.28534,0.03578,0.716677,0.165861,0
10,59,958,0.46688,0.077336,0.265476,0.035791,0.739035,0.177986,0
10,60,959,0.438983,0.081673,0.275625,0.032145,0.719424,0.18094,0
10,61,960,0.45849,0.075379,0.268859,0.039885,0.71177,0.165381,0
10,62,961,0.462734,0.078598,0.270965,0.042637,0.715937,0.174577,0
10,63,962,0.427215,0.079626,0.277974,0.042869,0.707459,0.164122,0
10,64,963,0.431531,0.080674,0.273601,0.039238,0.729264,0.172452,0
10,65,964,0.453134,0.075955,0.266453,0.042276,0.739888,0.170852,0
10,66,965,0.454205,0.0804,0.280884,0.038188,0.7199,0.177403,0
10,67,966,0.477216,0.075287,0.270502,0.041727,0.725931,0.169882,0
10,68,967,0.440491,0.091411,0.26923,0.042718,0.718624,0.168861,0
10,69,968,0.449994,0.078605,0.280332,0.035533,0.715634,0.165569,0
10,70,969,0.457173,0.085471,0.269761,0.034803,0.70611,0.176089,0
10,71,970,0.452643,0.082486,0.274673,0.036565,0.710694,0.17519,0
10,72,971,0.457938,0.075399,0.274607,0.045861,0.722521,0.176845,0
10,73,972,0.440779,0.080519,0.276225,0.039518,0.736067,0.168248,0
10,74,973,0.454171,0.083303,0.280343,0.035521,0.706416,0.178349,0
10,75,974,0.451411,0.06859,0.269256,0.037248,0.733097,0.17675,0
10,76,975,0.436277,0.083453,0.275785,0.045231,0.747419,0.160595,0
10,77,976,0.452925,0.080547,0.268847,0.04435,0.708703,0.164473,0
10,78,977,0.438864,0.080217,0.269366,0.037084,0.732325,0.170333,0
10,79,978,0.450858,0.077626,0.270604,0.043069,0.716824,0.17377,0
10,80,979,0.445251,0.084678,0.271118,0.046294,0.707831,0.161773,0
10,81,980,0.437173,0.083508,0.270567,0.038281,0.716956,0.167017,0
10,82,981,0.437729,0.08436,0.268844,0.048345,0.715206,0.175646,0
10,83,982,0.443471,0.084067,0.275139,0.034538,0.707899,0.155321,0
10,84,983,0.449228,0.071883,0.261725,0.038258,0.713292,0.171217,0
10,85,984,0.4506,0.085897,0.26384,0.03346,0.717052,0.160894,0
10,86,985,0.431207,0.08898,0.26615,0.0336,0.731978,0.166078,0
10,87,986,0.445291,0.082004,0.275166,0.043214,0.720043,0.173592,0
10,88,987,0.449223,0.073034,0.275183,0.040299,0.716077,0.178057,0
10,89,988,0.450377,0.081828,0.2672,0.033452,0.719285,0.172368,0
10,90,989,0.428625,0.072512,0.286746,0.03574,0.738005,0.164725,0
10,91,990,0.442298,0.088161,0.270906,0.041943,0.717589,0.174252,0
10,92,991,0.467747,0.077122,0.276383,0.042046,0.707897,0.171553,0
10,93,992,0.45398,0.080891,0.269659,0.039806,0.71956,0.168034,0
10,94,993,0.476918,0.073093,0.265532,0.038047,0.745046,0.162289,0
10,95,994,0.453636,0.086302,0.279907,0.038256,0.722808,0.158995,0
10,96,995,0.448386,0.071673,0.273389,0.033264,0.722179,0.162791,0
10,97,996,0.456079,0.085826,0.282598,0.036949,0.738308,0.161327,0
10,98,997,0.440847,0.083132,0.27765,0.043691,0.722818,0.170882,0
10,99,998,0.455514,0.08106,0.276802,0.033511,0.718585,0.161757,0
10,100,999,0.445309,0.080656,0.276082,0.031739,0.713815,0.172217,0
11,1,1000,0.461009,0.085015,0.272995,0.043529,0.722581,0.173332,0
11,2,1001,0.443626,0.086297,0.282142,0.04551,0.715023,0.164247,0
11,3,1002,0.453186,0.076792,0.273345,0.035639,0.727449,0.178213,0
11,4,1003,0.43603,0.080927,0.287027,0.036496,0.71905,0.178391,0
11,5,1004,0.442471,0.074971,0.279673,0.035176,0.717319,0.169486,0
11,6,1005,0.454321,0.077888,0.27957,0.056053,0.727895,0.170448,0
11,7,1006,0.447563,0.077207,0.269691,0.047052,0.734486,0.168867,0
11,8,1007,0.449159,0.071227,0.275489,0.044033,0.690329,0.164843,0
11,9,1008,0.444443,0.075679,0.275577,0.038047,0.725865,0.163091,0
11,10,1009,0.452075,0.084432,0.265469,0.03673,0.735609,0.160592,0
11,11,1010,0.458101,0.076361,0.263168,0.03906,0.70366,0.16393,0
11,12,1011,0.438954,0.083161,0.273304,0.04593,0.72595,0.176021,0
11,13,1012,0.436529,0.079151,0.269328,0.038905,0.724367,0.173446,0
11,14,1013,0.441993,0.085226,0.272408,0.035796,0.716636,0.15915,0
11,15,1014,0.443555,0.087643,0.260331,0.042686,0.74512,0.176044,0
11,16,1015,0.435629,0.077642,0.264054,0.036972,0.714884,0.168937,0
11,17,1016,0.442378,0.078882,0.267956,0.047186,0.721507,0.159838,0
11,18,1017,0.447899,0.073593,0.283554,0.03555,0.726569,0.17069,0
11,19,1018,0.454716,0.076847,0.278308,0.037296,0.720523,0.161701,0
11,20,1019,0.452731,0.071108,0.273408,0.036532,0.733836,0.167318,0
11,21,1020,0.439838,0.085945,0.269404,0.039193,0.725502,0.16337,0
11,22,1021,0.437953,0.07408,0.276064,0.04189,0.703274,0.165655,0
11,23,1022,0.45796,0.077456,0.27395,0.034355,0.710168,0.169969,0
11,24,1023,0.45133,0.079932,0.268001,0.038585,0.713045,0.170702,0
11,25,1024,0.437014,0.074525,0.272471,0.045647,0.719909,0.16681,0
11,26,1025,0.461839,0.080433,0.263894,0.039083,0.711676,0.17712,0
11,27,1026,0.454437,0.075776,0.27077,0.040838,0.699271,0.170736,0
11,28,1027,0.449006,0.080756,0.279889,0.035012,0.713734,0.17319,0
11,29,1028,0.476136,0.082511,0.278208,0.038492,0.705845,0.167274,0
11,30,1029,0.452583,0.078348,0.26614,0.038991,0.726374,0.174174,0
11,31,1030,0.441993,0.081745,0.267564,0.045963,0.712583,0.170172,0
11,32,1031,0.447721,0.078047,0.264959,0.037931,0.730864,0.165479,0
11,33,1032,0.43443,0.081956,0.257732,0.042192,0.711354,0.16909,0
11,34,1033,0.45762,0.075305,0.264153,0.041488,0.723115,0.154405,0
11,35,1034,0.455269,0.078602,0.254137,0.042359,0.710498,0.172244,0
11,36,1035,0.4405,0.083622,0.259443,0.048632,0.744055,0.178746,0
11,37,1036,0.459865,0.078799,0.256492,0.045653,0.730666,0.168732,0
11,38,1037,0.429939,0.083985,0.256064,0.040777,0.706916,0.16033,0
11,39,1038,0.456482,0.072902,0.262801,0.030069,0.690748,0.179649,0
11,40,1039,0.439812,0.077728,0.275819,0.037552,0.719732,0.168753,0
11,41,1040,0.450933,0.074316,0.272414,0.037714,0.718328,0.177104,0
11,42,1041,0.43003,0.076828,0.268992,0.047283,0.693201,0.168193,0
11,43,1042,0.445772,0.080819,0.270216,0.045843,0.722022,0.176707,0
11,44,1043,0.445593,0.073344,0.272578,0.038026,0.708499,0.171702,0
11,45,1044,0.443017,0.084915,0.265538,0.042088,0.718635,0.173143,0
11,46,1045,0.457838,0.078662,0.274966,0.042311,0.70712,0.163161,0
11,47,1046,0.457064,0.078189,0.276807,0.041233,0.719776,0.166376,0
11,48,1047,0.447108,0.081716,0.268961,0.040028,0.736921,0.1758,0
11,49,1048,0.440581,0.078175,0.271035,0.042922,0.725151,0.161904,0
11,50,1049,0.43768,0.085702,0.280236,0.040565,0.724586,0.173135,0
11,51,1050,0.434223,0.089049,0.277025,0.037462,0.703644,0.171529,0
11,52,1051,0.454884,0.076148,0.259541,0.041033,0.709519,0.169347,0
11,53,1052,0.45455,0.08199,0.262133,0.034807,0.716029,0.171806,0
11,54,1053,0.450328,0.086452,0.270051,0.032937,0.718198,0.180674,0
11,55,1054,0.445037,0.079399,0.269934,0.04402,0.716697,0.176044,0
11,56,1055,0.440558,0.069815,0.270556,0.047666,0.721099,0.17247,0
11,57,1056,0.457046,0.088923,0.280224,0.042661,0.715942,0.169578,0
11,58,1057,0.435882,0.079109,0.265954,0.033552,0.714992,0.166379,0
11,59,1058,0.44389,0.075757,0.275673,0.031808,0.69153,0.16828,0
11,60,1059,0.44166,0.07423,0.268171,0.037644,0.733893,0.166285,0
11,61,1060,0.445052,0.081581,0.27337,0.042326,0.718674,0.169363,0
11,62,1061,0.450205,0.088923,0.277855,0.040606,0.72539,0.162955,0
11,63,1062,0.461772,0.074906,0.264271,0.048106,0.716195,0.17908,0
11,64,1063,0.443795,0.083453,0.278972,0.03523,0.710731,0.1736,0
11,65,1064,0.456895,0.084237,0.264483,0.040209,0.700378,0.162707,0
11,66,1065,0.437081,0.07512,0.25953,0.04117,0.691188,0.161981,0
11,67,1066,0.428673,0.078839,0.281136,0.046034,0.693049,0.16981,0
11,68,1067,0.445515,0.084801,0.272787,0.036469,0.7231,0.154528,0
11,69,1068,0.447383,0.077626,0.266828,0.038621,0.714829,0.171201,0
11,70,1069,0.450567,0.082751,0.263482,0.039072,0.728423,0.161313,0
11,71,1070,0.443046,0.073849,0.285403,0.037287,0.70839,0.165676,0
11,72,1071,0.445121,0.060934,0.268327,0.039361,0.726783,0.175724,0
11,73,1072,0.435384,0.082397,0.26326,0.034541,0.712013,0.176243,0
11,74,1073,0.438863,0.083779,0.262593,0.040171,0.71676,0.171779,0
11,75,1074,0.455103,0.087178,0.26311,0.031919,0.720072,0.165793,0
11,76,1075,0.441686,0.077156,0.266949,0.045129,0.714361,0.160336,0
11,77,1076,0.434906,0.070668,0.272804,0.041978,0.709502,0.169482,0
11,78,1077,0.452197,0.065431,0.265766,0.041302,0.708915,0.167907,0
11,79,1078,0.461179,0.084075,0.266711,0.038428,0.679556,0.165701,0
11,80,1079,0.447579,0.081899,0.278803,0.039105,0.741045,0.169025,0
11,81,1080,0.442273,0.081361,0.260022,0.038008,0.711668,0.164911,0
11,82,1081,0.457616,0.076725,0.27719,0.033734,0.696859,0.160287,0
11,83,1082,0.439879,0.075977,0.265812,0.041471,0.707708,0.164339,0
11,84,1083,0.457625,0.078795,0.261591,0.044115,0.706337,0.17603,0
11,85,1084,0.430815,0.089768,0.270578,0.037864,0.724754,0.171694,0
11,86,1085,0.448935,0.072371,0.272781,0.039058,0.716572,0.166572,0
11,87,1086,0.453604,0.085729,0.262967,0.041354,0.718306,0.167469,0
11,88,1087,0.43784,0.067565,0.278654,0.040601,0.71268,0.154249,0
11,89,1088,0.465305,0.074747,0.27427,0.0372,0.713623,0.174648,0
11,90,1089,0.459731,0.078448,0.27606,0.036369,0.72976,0.168972,0
11,91,1090,0.440445,0.078192,0.263759,0.042938,0.710363,0.158321,0
11,92,1091,0.45163,0.072422,0.269671,0.039636,0.711943,0.1699,0
11,93,1092,0.442164,0.080286,0.280362,0.045826,0.696282,0.165142,0
11,94,1093,0.455479,0.079893,0.268539,0.044593,0.727096,0.174158,0
11,95,1094,0.452971,0.0822,0.265655,0.037655,0.72608,0.177165,0
11,96,1095,0.448759,0.080533,0.262971,0.046584,0.717465,0.170338,0
11,97,1096,0.444316,0.071813,0.265741,0.033084,0.721294,0.16964,0
11,98,1097,0.452765,0.072381,0.268723,0.041828,0.690853,0.1712,0
11,99,1098,0.433466,0.085196,0.257803,0.032419,0.71376,0.164578,0
11,100,1099,0.425135,0.072839,0.262428,0.042219,0.727626,0.173647,0
12,1,1100,0.448909,0.085353,0.27687,0.040852,0.697726,0.163848,0
12,2,1101,0.433472,0.082693,0.263521,0.034263,0.730256,0.169736,0
12,3,1102,0.465374,0.077838,0.278119,0.042555,0.705589,0.163862,0
12,4,1103,0.426081,0.080689,0.26594,0.034837,0.714901,0.158812,0
12,5,1104,0.439802,0.077563,0.258755,0.045253,0.717599,0.177647,0
12,6,1105,0.462334,0.07501,0.265424,0.04183,0.696747,0.171118,0
12,7,1106,0.4536,0.08438,0.265937,0.035489,0.73684,0.15766,0
12,8,1107,0.4609,0.078808,0.274784,0.030947,0.705445,0.155546,0
12,9,1108,0.431822,0.08041,0.275255,0.038284,0.718202,0.169987,0
12,10,1109,0.450199,0.080885,0.273882,0.040158,0.697258,0.170872,0
12,11,1110,0.441554,0.074349,0.273811,0.033228,0.699278,0.164727,0
12,12,1111,0.428042,0.084537,0.277465,0.034194,0.680863,0.166237,0
12,13,1112,0.435692,0.08652,0.248817,0.037408,0.706033,0.173554,0
12,14,1113,0.430844,0.082053,0.270682,0.032185,0.686156,0.172838,0
12,15,1114,0.442218,0.07954,0.265917,0.032652,0.733507,0.172605,0
12,16,1115,0.447845,0.072052,0.269131,0.033527,0.709954,0.159539,0
12,17,1116,0.444792,0.078717,0.250429,0.036452,0.716255,0.167685,0
12,18,1117,0.447816,0.084079,0.261248,0.029862,0.698679,0.159908,0
12,19,1118,0.439616,0.084769,0.266518,0.042405,0.690858,0.156848,0
12,20,1119,0.445083,0.072029,0.267236,0.034226,0.724722,0.182797,0
12,21,1120,0.418663,0.069178,0.278839,0.034683,0.70595,0.170332,0
12,22,1121,0.439903,0.077938,0.261349,0.036495,0.715263,0.167482,0
12,23,1122,0.455411,0.072204,0.270541,0.035888,0.714985,0.170471,0
12,24,1123,0.45813,0.083426,0.272424,0.045823,0.692916,0.174532,0
12,25,1124,0.449414,0.083686,0.257051,0.03671,0.71125,0.165162,0
12,26,1125,0.447943,0.073824,0.255878,0.037449,0.698717,0.169055,0
12,27,1126,0.46355,0.073803,0.265265,0.041297,0.720625,0.173885,0
12,28,1127,0.436999,0.08205,0.273428,0.044782,0.689819,0.160747,0
12,29,1128,0.44852,0.082739,0.261549,0.036999,0.69687,0.163031,0
12,30,1129,0.436173,0.076065,0.263865,0.046207,0.70495,0.168195,0
12,31,1130,0.426456,0.069543,0.256444,0.039435,0.722514,0.15538,0
12,32,1131,0.440807,0.082759,0.262495,0.0385,0.726983,0.168817,0
12,33,1132,0.435125,0.079462,0.270163,0.033211,0.711542,0.165335,0
12,34,1133,0.448124,0.075824,0.273477,0.035178,0.693514,0.146838,0
12,35,1134,0.447278,0.067464,0.260803,0.040541,0.696922,0.168436,0
12,36,1135,0.449202,0.082064,0.26669,0.035394,0.703704,0.169772,0
12,37,1136,0.439341,0.076763,0.257846,0.031232,0.715369,0.171705,0
12,38,1137,0.453982,0.08024,0.262557,0.034856,0.710012,0.167377,0
12,39,1138,0.432273,0.079353,0.269627,0.039423,0.710292,0.175935,0
12,40,1139,0.43571,0.082765,0.275697,0.037438,0.728812,0.168644,0
12,41,1140,0.454328,0.081815,0.257336,0.038043,0.711242,0.162754,0
12,42,1141,0.442332,0.083134,0.262848,0.04262,0.688707,0.163048,0
12,43,1142,0.435167,0.072711,0.27028,0.036088,0.705417,0.170998,0
12,44,1143,0.429839,0.07719,0.250803,0.037381,0.691855,0.17555,0
12,45,1144,0.445368,0.072318,0.263205,0.045774,0.70288,0.163964,0
12,46,1145,0.410117,0.074886,0.265283,0.035906,0.718763,0.172862,0
12,47,1146,0.428467,0.083523,0.266819,0.036525,0.703408,0.165419,0
12,48,1147,0.440311,0.073207,0.25587,0.035261,0.69444,0.163069,0
12,49,1148,0.462343,0.065988,0.269315,0.038546,0.717948,0.169859,0
12,50,1149,0.435109,0.080088,0.250499,0.041617,0.707802,0.162608,0
12,51,1150,0.455473,0.093167,0.275259,0.036239,0.715557,0.16954,0
12,52,1151,0.441817,0.081019,0.252576,0.035606,0.714792,0.16572,0
12,53,1152,0.465922,0.06927,0.249207,0.038244,0.694226,0.165207,0
12,54,1153,0.433926,0.079103,0.262871,0.042885,0.705596,0.159622,0
12,55,1154,0.429608,0.07017,0.2696,0.031349,0.724626,0.166338,0
12,56,1155,0.449894,0.076885,0.259861,0.039249,0.687407,0.155538,0
12,57,1156,0.442167,0.082125,0.25796,0.040739,0.706154,0.159662,0
12,58,1157,0.435859,0.07707,0.264254,0.037815,0.702489,0.15746,0
12,59,1158,0.431897,0.075637,0.271132,0.039162,0.700986,0.161832,0
12,60,1159,0.450024,0.06745,0.253907,0.036353,0.733321,0.175295,0
12,61,1160,0.423377,0.077584,0.260806,0.035133,0.709058,0.162373,0
12,62,1161,0.4427,0.072385,0.261893,0.039609,0.693712,0.166155,0
12,63,1162,0.437194,0.075987,0.258997,0.038408,0.703702,0.161472,0
12,64,1163,0.438023,0.077469,0.256895,0.036623,0.703119,0.157629,0
12,65,1164,0.438245,0.073876,0.288753,0.03571,0.682056,0.15548,0
12,66,1165,0.434932,0.083095,0.270983,0.037592,0.703675,0.166135,0
12,67,1166,0.434932,0.075809,0.28087,0.039345,0.717152,0.168259,0
12,68,1167,0.450624,0.080253,0.267101,0.035555,0.711267,0.164588,0
12,69,1168,0.426209,0.081433,0.258059,0.038845,0.737383,0.159186,0
12,70,1169,0.433078,0.08104,0.260654,0.040926,0.69053,0.154089,0
12,71,1170,0.456683,0.068951,0.256599,0.039954,0.699364,0.15579,0
12,72,1171,0.439487,0.075534,0.270552,0.040139,0.696398,0.162915,0
12,73,1172,0.429717,0.086651,0.258767,0.038245,0.69232,0.157051,0
12,74,1173,0.437207,0.071645,0.270374,0.035138,0.695434,0.162452,0
12,75,1174,0.440303,0.069355,0.255638,0.033146,0.721762,0.167963,0
12,76,1175,0.432997,0.072071,0.268432,0.0371,0.730974,0.172252,0
12,77,1176,0.436973,0.079469,0.261929,0.044761,0.710771,0.166294,0
12,78,1177,0.426812,0.085651,0.263201,0.032605,0.696813,0.154785,0
12,79,1178,0.442787,0.082111,0.259284,0.037148,0.69012,0.16233,0
12,80,1179,0.438403,0.073362,0.264289,0.03873,0.700651,0.16781,0
12,81,1180,0.444702,0.070557,0.270432,0.038143,0.683665,0.165257,0
12,82,1181,0.438463,0.085635,0.273141,0.033947,0.681271,0.160039,0
12,83,1182,0.440797,0.081027,0.26226,0.037461,0.705048,0.171179,0
12,84,1183,0.457075,0.074876,0.260866,0.026852,0.712973,0.165116,0
12,85,1184,0.435048,0.074472,0.268185,0.040716,0.702508,0.170174,0
12,86,1185,0.442734,0.069503,0.266312,0.031981,0.692867,0.152338,0
12,87,1186,0.439529,0.079498,0.283239,0.039756,0.695937,0.160655,0
12,88,1187,0.435069,0.081186,0.272599,0.031542,0.695222,0.161606,0
12,89,1188,0.46762,0.073912,0.261034,0.040474,0.696773,0.163514,0
12,90,1189,0.441782,0.075308,0.2745,0.038132,0.689823,0.162781,0
12,91,1190,0.446855,0.074963,0.27168,0.030232,0.70189,0.161447,0
12,92,1191,0.446873,0.083887,0.261325,0.04343,0.69219,0.157785,0
12,93,1192,0.446128,0.076667,0.272815,0.037842,0.705313,0.167296,0
12,94,1193,0.445094,0.075994,0.260951,0.037739,0.723695,0.161552,0
12,95,1194,0.439876,0.079404,0.27087,0.038493,0.71595,0.168567,0
12,96,1195,0.45595,0.075252,0.253534,0.040705,0.713767,0.17357,0
12,97,1196,0.446399,0.077224,0.25304,0.039272,0.69769,0.165389,0
12,98,1197,0.439177,0.080735,0.242305,0.03879,0.71867,0.17531,0
12,99,1198,0.441789,0.076054,0.268295,0.038007,0.694772,0.160969,0
12,100,1199,0.440164,0.074219,0.259497,0.04003,0.713445,0.157247,0
13,1,1200,0.426249,-0.433331,0.276954,-0.778647,0.675987,-0.162304,1
13,2,1201,0.439556,0.702973,0.259593,0.817091,0.715358,-0.253371,1
13,3,1202,0.468888,-0.546166,0.267336,0.405496,0.701831,0.615012,1
13,4,1203,0.42278,-0.757218,0.273405,-0.616597,0.711204,-0.520335,1
13,5,1204,0.439184,0.792965,0.275137,-0.434495,0.706815,0.926489,1
13,6,1205,0.422919,-0.405098,0.269034,0.48595,0.702498,1.063215,1
13,7,1206,0.447803,-0.673557,0.262552,-0.532931,0.693465,-0.721551,1
13,8,1207,0.424755,0.709906,0.271542,-0.845466,0.689026,0.890765,1
13,9,1208,0.439568,-0.229096,0.275913,0.91619,0.723752,0.662643,1
13,10,1209,0.44987,0.060405,0.26217,0.042319,0.714374,0.156412,1
13,11,1210,0.44363,0.066383,0.272744,0.042631,0.697508,0.166828,0
13,12,1211,0.427977,0.078892,0.250541,0.03057,0.701657,0.162403,0
13,13,1212,0.458257,0.076563,0.265503,0.038669,0.715075,0.167096,0
13,14,1213,0.421104,0.066806,0.263002,0.037079,0.709918,0.16373,0
13,15,1214,0.439193,0.069015,0.266675,0.030347,0.70706,0.154766,0
13,16,1215,0.441524,0.067472,0.258171,0.031844,0.682463,0.164256,0
13,17,1216,0.445226,0.07562,0.261333,0.033548,0.697439,0.155592,0
13,18,1217,0.437972,0.090984,0.252724,0.03733,0.685555,0.161163,0
13,19,1218,0.434603,0.074683,0.260017,0.032216,0.694735,0.161168,0
13,20,1219,0.436704,0.074359,0.249663,0.039969,0.694129,0.167913,0
13,21,1220,0.428767,0.075517,0.26619,0.036538,0.695632,0.166781,0
13,22,1221,0.422409,0.077862,0.257231,0.038647,0.704134,0.152036,0
13,23,1222,0.445272,0.076147,0.247523,0.042888,0.707172,0.15612,0
13,24,1223,0.445648,0.0731,0.269914,0.030599,0.68965,0.150924,0
13,25,1224,0.459378,0.076693,0.258173,0.036873,0.70776,0.153902,0
13,26,1225,0.428293,0.071755,0.263356,0.038883,0.6945,0.163712,0
13,27,1226,0.437438,0.075274,0.27544,0.035543,0.686028,0.164721,0
13,28,1227,0.43768,0.068218,0.262723,0.042663,0.687031,0.161722,0
13,29,1228,0.441079,0.077657,0.266623,0.033813,0.682008,0.164734,0
13,30,1229,0.457395,0.085373,0.255609,0.039987,0.712131,0.16768,0
13,31,1230,0.438505,0.076041,0.250797,0.040279,0.698475,0.165889,0
13,32,1231,0.437993,0.079313,0.261479,0.031869,0.708347,0.158216,0
13,33,1232,0.441233,0.074877,0.245979,0.036145,0.715471,0.160332,0
13,34,1233,0.446305,0.080449,0.24083,0.044604,0.708997,0.177779,0
13,35,1234,0.438372,0.073943,0.268209,0.04196,0.700232,0.161536,0
13,36,1235,0.43485,0.080486,0.273028,0.041986,0.699181,0.150111,0
13,37,1236,0.436903,0.071925,0.262754,0.033483,0.685751,0.170256,0
13,38,1237,0.447695,0.079832,0.269249,0.038841,0.709728,0.171129,0
13,39,1238,0.432815,0.078722,0.257843,0.0441,0.700202,0.163371,0
13,40,1239,0.439813,0.079716,0.251052,0.036469,0.71083,0.163224,0
13,41,1240,0.4211,0.079048,0.269726,0.036827,0.705605,0.167271,0
13,42,1241,0.439847,0.0797,0.253442,0.036798,0.697789,0.165278,0
13,43,1242,0.450386,0.072464,0.260403,0.031214,0.692076,0.165836,0
13,44,1243,0.44336,0.085579,0.256727,0.031092,0.687953,0.158488,0
13,45,1244,0.450327,0.082818,0.266714,0.046125,0.696204,0.152885,0
13,46,1245,0.4302,0.077701,0.261831,0.036786,0.686231,0.162585,0
13,47,1246,0.429398,0.068842,0.256143,0.039109,0.704443,0.157817,0
13,48,1247,0.428673,0.078505,0.256541,0.033578,0.702078,0.176736,0
13,49,1248,0.441189,0.066284,0.253581,0.027476,0.720918,0.171724,0
13,50,1249,0.422034,0.073924,0.276869,0.038036,0.693304,0.151982,0
13,51,1250,0.419933,0.070379,0.25228,0.036973,0.702488,0.159481,0
13,52,1251,0.448073,0.073194,0.286833,0.035232,0.68908,0.156312,0
13,53,1252,0.440346,0.065433,0.263733,0.032075,0.695264,0.166067,0
13,54,1253,0.435847,0.071321,0.255451,0.03461,0.709649,0.159482,0
13,55,1254,0.4272,0.073086,0.255965,0.04066,0.680015,0.154334,0
13,56,1255,0.449581,0.081803,0.266588,0.037118,0.709136,0.155483,0
13,57,1256,0.427143,0.074553,0.263277,0.038432,0.710773,0.167312,0
13,58,1257,0.438228,0.071879,0.260719,0.047903,0.701626,0.164991,0
13,59,1258,0.444703,0.078677,0.263979,0.041557,0.71462,0.163959,0
13,60,1259,0.428009,0.07123,0.261804,0.030445,0.709211,0.156453,0
13,61,1260,0.437393,0.073082,0.261661,0.037161,0.693836,0.157561,0
13,62,1261,0.434893,0.072436,0.26552,0.031573,0.693123,0.161556,0
13,63,1262,0.425065,0.072323,0.269228,0.032577,0.698096,0.162085,0
13,64,1263,0.432723,0.076989,0.25598,0.039481,0.709409,0.158582,0
13,65,1264,0.425356,0.079904,0.257648,0.027706,0.720064,0.157267,0
13,66,1265,0.435333,0.073883,0.252225,0.030811,0.696803,0.164227,0
13,67,1266,0.436903,0.065494,0.265701,0.037986,0.722404,0.162065,0
13,68,1267,0.433372,0.076834,0.262205,0.03229,0.679011,0.163567,0
13,69,1268,0.444733,0.079704,0.264094,0.034062,0.700904,0.169202,0
13,70,1269,0.431925,0.073608,0.26098,0.037105,0.712495,0.147847,0
13,71,1270,0.422785,0.077959,0.256104,0.035872,0.720585,0.16796,0
13,72,1271,0.434803,0.084577,0.268287,0.034292,0.681519,0.165271,0
13,73,1272,0.440686,0.073215,0.266085,0.039047,0.690941,0.165637,0
13,74,1273,0.431027,0.080195,0.259565,0.04276,0.719562,0.157378,0
13,75,1274,0.43288,0.070189,0.25707,0.035601,0.713646,0.162739,0
13,76,1275,0.433158,0.072548,0.266243,0.040532,0.709962,0.160181,0
13,77,1276,0.43236,0.068805,0.25527,0.036276,0.705866,0.169274,0
13,78,1277,0.432571,0.078434,0.257465,0.035511,0.680896,0.16459,0
13,79,1278,0.433505,0.080075,0.253621,0.033853,0.712787,0.162115,0
13,80,1279,0.435697,0.072679,0.268282,0.041859,0.71069,0.154517,0
13,81,1280,0.42845,0.073553,0.268249,0.039362,0.694535,0.166626,0
13,82,1281,0.42887,0.076431,0.26091,0.031688,0.707686,0.158688,0
13,83,1282,0.434093,0.07086,0.253737,0.035233,0.718687,0.1624,0
13,84,1283,0.418636,0.071658,0.25644,0.036274,0.670094,0.16096,0
13,85,1284,0.416856,0.070313,0.254646,0.037743,0.682643,0.171574,0
13,86,1285,0.451677,0.07422,0.264652,0.034147,0.680754,0.157788,0
13,87,1286,0.438445,0.069398,0.26871,0.031709,0.678315,0.158067,0
13,88,1287,0.431138,0.070889,0.248267,0.037442,0.698984,0.166127,0
13,89,1288,0.44116,0.070737,0.265656,0.035091,0.702474,0.163631,0
13,90,1289,0.419846,0.068895,0.25917,0.031337,0.691998,0.159082,0
13,91,1290,0.445794,0.075708,0.257015,0.037635,0.705553,0.16846,0
13,92,1291,0.418272,0.072548,0.242567,0.04427,0.703883,0.157456,0
13,93,1292,0.424264,0.069069,0.255112,0.037536,0.70409,0.168396,0
13,94,1293,0.445555,0.070785,0.246643,0.034385,0.686885,0.157418,0
13,95,1294,0.4415,0.082696,0.247377,0.031909,0.686983,0.165774,0
13,96,1295,0.442417,0.078882,0.261,0.033785,0.699643,0.15975,0
13,97,1296,0.44445,0.075329,0.269406,0.042385,0.701828,0.158081,0
13,98,1297,0.461184,0.075611,0.266672,0.038192,0.695051,0.159537,0
13,99,1298,0.446644,0.075584,0.257357,0.035713,0.680285,0.171027,0
13,100,1299,0.437816,0.075539,0.26009,0.033859,0.684458,0.171401,0
14,1,1300,0.448849,0.071946,0.264388,0.03718,0.682113,0.159887,0
14,2,1301,0.431702,0.073113,0.277862,0.029654,0.70194,0.15945,0
14,3,1302,0.441574,0.077583,0.262428,0.041351,0.711066,0.165838,0
14,4,1303,0.439842,0.069862,0.248354,0.028879,0.696598,0.162698,0
14,5,1304,0.436322,0.080667,0.263844,0.032695,0.701179,0.164901,0
14,6,1305,0.435753,0.068896,0.269817,0.035321,0.716295,0.148105,0
14,7,1306,0.425797,0.073084,0.257596,0.034205,0.698455,0.153047,0
14,8,1307,0.432499,0.068859,0.269031,0.039851,0.682946,0.153025,0
14,9,1308,0.437356,0.07779,0.258151,0.033221,0.706386,0.157439,0
14,10,1309,0.428852,0.078867,0.255,0.040168,0.667308,0.157374,0
14,11,1310,0.422809,0.077155,0.269155,0.034014,0.690718,0.16155,0
14,12,1311,0.447211,0.076393,0.259416,0.037342,0.702091,0.165304,0
14,13,1312,0.447563,0.077146,0.253896,0.032799,0.691121,0.161005,0
14,14,1313,0.447225,0.076622,0.255202,0.033692,0.698558,0.15969,0
14,15,1314,0.445219,0.068059,0.262353,0.035406,0.693696,0.165766,0
14,16,1315,0.438506,0.07315,0.258527,0.029911,0.710877,0.158619,0
14,17,1316,0.421747,0.069063,0.272896,0.038002,0.687753,0.159762,0
14,18,1317,0.419489,0.081831,0.268219,0.03622,0.680339,0.166814,0
14,19,1318,0.431779,0.089271,0.260592,0.033852,0.682458,0.171093,0
14,20,1319,0.436532,0.07989,0.253643,0.03746,0.697925,0.168725,0
14,21,1320,0.434641,0.065218,0.241832,0.040125,0.689903,0.158831,0
14,22,1321,0.439295,0.08322,0.264392,0.037999,0.697205,0.152657,0
14,23,1322,0.428037,0.073675,0.254022,0.034973,0.716313,0.166964,0
14,24,1323,0.42108,0.077065,0.258312,0.028904,0.695369,0.162944,0
14,25,1324,0.430073,0.083451,0.260333,0.039638,0.687606,0.164419,0
14,26,1325,0.421667,0.070475,0.270254,0.034301,0.702619,0.169354,0
14,27,1326,0.439011,0.074062,0.266223,0.0441,0.686273,0.154465,0
14,28,1327,0.444944,0.070775,0.243102,0.034031,0.700414,0.15979,0
14,29,1328,0.443741,0.075156,0.264852,0.037356,0.700052,0.162911,0
14,30,1329,0.441465,0.079196,0.263459,0.032849,0.683944,0.157519,0
14,31,1330,0.422263,0.067751,0.243312,0.024222,0.692019,0.174021,0
14,32,1331,0.434949,0.066057,0.249573,0.0319,0.690814,0.158975,0
14,33,1332,0.430031,0.073541,0.251289,0.031302,0.675452,0.163935,0
14,34,1333,0.432719,0.067096,0.273293,0.034355,0.701538,0.166544,0
14,35,1334,0.438835,0.073898,0.262869,0.031341,0.699928,0.157063,0
14,36,1335,0.439938,0.075044,0.265087,0.039404,0.711146,0.159746,0
14,37,1336,0.428296,0.066604,0.263866,0.035816,0.67863,0.162923,0
14,38,1337,0.443373,0.060575,0.256688,0.043992,0.6891,0.16043,0
14,39,1338,0.433821,0.073561,0.274759,0.031677,0.688382,0.15429,0
14,40,1339,0.433317,0.070442,0.255687,0.034357,0.687194,0.152243,0
14,41,1340,0.425422,0.073975,0.261719,0.034373,0.69107,0.172752,0
14,42,1341,0.423806,0.067883,0.268226,0.034996,0.695596,0.171752,0
14,43,1342,0.438104,0.070219,0.268213,0.033181,0.708719,0.156215,0
14,44,1343,0.423607,0.071006,0.240259,0.035637,0.686464,0.16445,0
14,45,1344,0.428214,0.071947,0.271568,0.033271,0.683843,0.152908,0
14,46,1345,0.434779,0.079514,0.267981,0.046138,0.691514,0.158087,0
14,47,1346,0.433885,0.076336,0.250507,0.037946,0.694782,0.160454,0
14,48,1347,0.453153,0.067508,0.265354,0.025019,0.700263,0.148369,0
14,49,1348,0.430444,0.077234,0.244701,0.035082,0.686,0.169046,0
14,50,1349,0.427837,0.080801,0.265245,0.032837,0.688875,0.158119,0
14,51,1350,0.425724,0.079946,0.256451,0.036087,0.693686,0.172809,0
14,52,1351,0.426468,0.071683,0.25957,0.033393,0.689475,0.164798,0
14,53,1352,0.439487,0.068838,0.268203,0.036772,0.689859,0.147391,0
14,54,1353,0.449803,0.075779,0.26842,0.031634,0.690238,0.166734,0
14,55,1354,0.439633,0.074294,0.25675,0.032515,0.712985,0.163171,0
14,56,1355,0.432629,0.073724,0.262549,0.039387,0.68221,0.15055,0
14,57,1356,0.428963,0.070334,0.263254,0.04437,0.668185,0.172965,0
14,58,1357,0.418002,0.077844,0.259622,0.036184,0.668191,0.159733,0
14,59,1358,0.443842,0.078504,0.254131,0.0428,0.691904,0.159558,0
14,60,1359,0.405749,0.071892,0.248318,0.042915,0.710313,0.164342,0
14,61,1360,0.425424,0.082513,0.253662,0.026978,0.703562,0.168203,0
14,62,1361,0.443965,0.073045,0.24256,0.036502,0.698579,0.158358,0
14,63,1362,0.421883,0.081951,0.274135,0.036369,0.694418,0.153255,0
14,64,1363,0.416558,0.075059,0.263422,0.03848,0.710674,0.171326,0
14,65,1364,0.432642,0.069559,0.261247,0.039046,0.693483,0.153793,0
14,66,1365,0.423326,0.074268,0.262395,0.040268,0.680509,0.155585,0
14,67,1366,0.432001,0.071804,0.268084,0.041027,0.704078,0.159179,0
14,68,1367,0.440213,0.070377,0.270381,0.034188,0.707568,0.16786,0
14,69,1368,0.439422,0.085715,0.253022,0.04205,0.690768,0.151512,0
14,70,1369,0.420961,0.074181,0.266592,0.037263,0.683978,0.158039,0
14,71,1370,0.442598,0.07396,0.247678,0.034051,0.692392,0.165645,0
14,72,1371,0.432756,0.076397,0.247234,0.03801,0.677417,0.158495,0
14,73,1372,0.422762,0.074599,0.254703,0.032437,0.715478,0.165241,0
14,74,1373,0.428242,0.080252,0.261263,0.023939,0.719211,0.159908,0
14,75,1374,0.435954,0.076255,0.25539,0.031341,0.693443,0.16737,0
14,76,1375,0.44346,0.070214,0.255466,0.034757,0.68922,0.149308,0
14,77,1376,0.433432,0.07827,0.273435,0.04229,0.700896,0.157828,0
14,78,1377,0.437006,0.07657,0.263675,0.035745,0.699282,0.166255,0
14,79,1378,0.422762,0.068152,0.25321,0.037248,0.695998,0.150173,0
14,80,1379,0.422053,0.07459,0.256171,0.033316,0.690318,0.160984,0
14,81,1380,0.435677,0.06859,0.245338,0.030054,0.684583,0.150689,0
14,82,1381,0.417164,0.070967,0.275628,0.037823,0.685107,0.157629,0
14,83,1382,0.425591,0.068572,0.24751,0.036592,0.672572,0.155757,0
14,84,1383,0.425766,0.074325,0.245677,0.036696,0.674922,0.155956,0
14,85,1384,0.429516,0.088315,0.251159,0.040821,0.670888,0.157016,0
14,86,1385,0.43131,0.070762,0.267186,0.033882,0.693122,0.163373,0
14,87,1386,0.431239,0.075431,0.26979,0.035276,0.685322,0.153184,0
14,88,1387,0.42791,0.071791,0.262803,0.033875,0.679774,0.16098,0
14,89,1388,0.419087,0.078256,0.254833,0.033877,0.688377,0.154788,0
14,90,1389,0.42633,0.070074,0.250249,0.031495,0.689608,0.16017,0
14,91,1390,0.43814,0.077073,0.260699,0.038648,0.71502,0.156491,0
14,92,1391,0.448007,0.081024,0.250873,0.033181,0.684832,0.165616,0
14,93,1392,0.452075,0.073722,0.261875,0.03526,0.694229,0.149155,0
14,94,1393,0.407641,0.070627,0.255297,0.034859,0.681947,0.152235,0
14,95,1394,0.427299,0.065244,0.25868,0.03488,0.682948,0.145239,0
14,96,1395,0.430883,0.068059,0.25504,0.040659,0.694779,0.16493,0
14,97,1396,0.412389,0.070492,0.256321,0.040935,0.682245,0.159709,0
14,98,1397,0.428813,0.076199,0.244451,0.029574,0.66084,0.162806,0
14,99,1398,0.423326,0.069222,0.257092,0.041795,0.708486,0.162823,0
14,100,1399,0.427492,0.070065,0.256998,0.032095,0.68598,0.151326,0
15,1,1400,0.444296,0.063854,0.273214,0.02971,0.67362,0.154275,0
15,2,1401,0.427512,0.068017,0.246963,0.040521,0.697504,0.166085,0
15,3,1402,0.417454,0.074284,0.254982,0.033745,0.674601,0.163626,0
15,4,1403,0.423514,0.072821,0.247208,0.035451,0.657425,0.148501,0
15,5,1404,0.411793,0.065702,0.259614,0.043038,0.690106,0.162093,0
15,6,1405,0.430572,0.068609,0.263644,0.029525,0.69828,0.158086,0
15,7,1406,0.419902,0.077873,0.256151,0.037054,0.676966,0.157646,0
15,8,1407,0.433356,0.073463,0.250561,0.034562,0.693886,0.156521,0
15,9,1408,0.42009,0.077242,0.248523,0.038539,0.695858,0.154698,0
15,10,1409,0.423399,0.074451,0.249109,0.036298,0.669563,0.156327,0
15,11,1410,0.424489,0.065848,0.252429,0.032163,0.671433,0.164196,0
15,12,1411,0.423217,0.076354,0.251579,0.041881,0.67684,0.16069,0
15,13,1412,0.415655,0.067048,0.267001,0.032662,0.698748,0.155058,0
15,14,1413,0.423267,0.067363,0.259415,0.036243,0.692512,0.154667,0
15,15,1414,0.419004,0.077112,0.256664,0.034555,0.692426,0.157122,0
15,16,1415,0.439827,0.072119,0.244097,0.037258,0.680089,0.152303,0
15,17,1416,0.409545,0.067492,0.258481,0.042153,0.693366,0.152444,0
15,18,1417,0.431803,0.074099,0.250441,0.03862,0.680473,0.161661,0
15,19,1418,0.424979,0.077389,0.257108,0.040817,0.692651,0.156695,0
15,20,1419,0.433769,0.060158,0.24957,0.041346,0.671409,0.162725,0
15,21,1420,0.409048,0.068755,0.274024,0.032347,0.676869,0.151415,0
15,22,1421,0.422691,0.078647,0.262006,0.032113,0.671637,0.164319,0
15,23,1422,0.411069,0.06598,0.247424,0.027596,0.673046,0.151826,0
15,24,1423,0.426182,0.070702,0.261384,0.034821,0.690962,0.158994,0
15,25,1424,0.437911,0.066111,0.260242,0.032593,0.691435,0.149029,0
15,26,1425,0.438727,0.074013,0.264083,0.037245,0.68807,0.154228,0
15,27,1426,0.428069,0.070895,0.269951,0.035658,0.686828,0.160125,0
15,28,1427,0.43243,0.071266,0.271928,0.038884,0.678694,0.161564,0
15,29,1428,0.423355,0.072383,0.256367,0.035954,0.675138,0.160615,0
15,30,1429,0.42845,0.069361,0.263444,0.032533,0.6987,0.163627,0
15,31,1430,0.423635,0.071946,0.260141,0.033459,0.701597,0.160581,0
15,32,1431,0.429424,0.065909,0.250428,0.041641,0.70742,0.163127,0
15,33,1432,0.433969,0.073005,0.261359,0.038624,0.676541,0.161432,0
15,34,1433,0.425218,0.073723,0.251813,0.030403,0.699133,0.154304,0
15,35,1434,0.441068,0.075586,0.255054,0.03094,0.681117,0.160401,0
15,36,1435,0.430367,0.075094,0.256615,0.03745,0.673357,0.172273,0
15,37,1436,0.433865,0.069226,0.256983,0.035623,0.674152,0.159552,0
15,38,1437,0.43608,0.074456,0.242997,0.03246,0.701712,0.181797,0
15,39,1438,0.43335,0.067003,0.264821,0.031215,0.670433,0.149219,0
15,40,1439,0.429059,0.071143,0.247824,0.032927,0.677435,0.148398,0
15,41,1440,0.433777,0.074505,0.246451,0.034413,0.707073,0.150915,0
15,42,1441,0.438879,0.072657,0.25332,0.035857,0.685696,0.15622,0
15,43,1442,0.438564,0.065939,0.254334,0.03468,0.670762,0.145539,0
15,44,1443,0.413438,0.072025,0.266013,0.038938,0.68304,0.145668,0
15,45,1444,0.432044,0.080801,0.250082,0.024061,0.671839,0.159596,0
15,46,1445,0.413553,0.069327,0.246681,0.037633,0.679463,0.152887,0
15,47,1446,0.428126,0.07209,0.258061,0.035251,0.671922,0.152238,0
15,48,1447,0.414162,0.068965,0.257376,0.034317,0.697128,0.154739,0
15,49,1448,0.445707,0.078077,0.255467,0.035322,0.684721,0.157442,0
15,50,1449,0.429616,0.070796,0.246361,0.035759,0.661361,0.15304,0
15,51,1450,0.446299,0.07386,0.268087,0.038081,0.697501,0.167643,0
15,52,1451,0.434138,0.070962,0.258233,0.034495,0.676765,0.166195,0
15,53,1452,0.432642,0.063065,0.249794,0.032829,0.690615,0.154238,0
15,54,1453,0.450609,0.071296,0.260402,0.033307,0.675928,0.167886,0
15,55,1454,0.415185,0.068895,0.251275,0.031516,0.684105,0.140972,0
15,56,1455,0.413657,0.078466,0.251594,0.0345,0.676493,0.155861,0
15,57,1456,0.434656,0.07632,0.270051,0.036435,0.702363,0.161074,0
15,58,1457,0.408936,0.072321,0.24394,0.028929,0.685755,0.149606,0
15,59,1458,0.42893,0.066319,0.263449,0.035063,0.688653,0.149081,0
15,60,1459,0.436752,0.066834,0.251866,0.031455,0.675403,0.147836,0
15,61,1460,0.419149,0.070347,0.254436,0.03962,0.675861,0.152749,0
15,62,1461,0.432242,0.070104,0.256608,0.040489,0.699105,0.146293,0
15,63,1462,0.422284,0.072398,0.242329,0.041231,0.689219,0.150949,0
15,64,1463,0.42371,0.068326,0.245509,0.038477,0.698282,0.155946,0
15,65,1464,0.426604,0.065309,0.250859,0.034174,0.685858,0.156136,0
15,66,1465,0.433402,0.070717,0.276472,0.033799,0.686682,0.173025,0
15,67,1466,0.416831,0.078321,0.246747,0.037048,0.677037,0.154884,0
15,68,1467,0.423872,0.064585,0.266012,0.033313,0.686655,0.161038,0
15,69,1468,0.433554,0.070137,0.253328,0.034884,0.66324,0.157113,0
15,70,1469,0.428113,0.07599,0.249373,0.041116,0.693842,0.153354,0
15,71,1470,0.429218,0.066914,0.265495,0.032582,0.671592,0.157302,0
15,72,1471,0.43631,0.071166,0.256838,0.036111,0.662003,0.158221,0
15,73,1472,0.432458,0.06955,0.264099,0.034109,0.685206,0.153973,0
15,74,1473,0.442826,0.080627,0.262802,0.041435,0.663689,0.147282,0
15,75,1474,0.424318,0.062309,0.264993,0.043877,0.697452,0.162293,0
15,76,1475,0.426975,0.081028,0.252934,0.03343,0.695288,0.162792,0
15,77,1476,0.421181,0.070828,0.264549,0.032024,0.694996,0.15633,0
15,78,1477,0.425181,0.073334,0.252993,0.028049,0.678954,0.154152,0
15,79,1478,0.405429,0.068702,0.257609,0.035608,0.676827,0.155147,0
15,80,1479,0.426631,0.065919,0.257772,0.036256,0.679685,0.170156,0
15,81,1480,0.421776,0.065545,0.261087,0.032455,0.674785,0.152371,0
15,82,1481,0.421321,0.074747,0.257146,0.041432,0.690531,0.158714,0
15,83,1482,0.426531,0.070303,0.26789,0.03519,0.673661,0.159066,0
15,84,1483,0.429988,0.069393,0.260036,0.029219,0.683316,0.152733,0
15,85,1484,0.419836,0.063428,0.265923,0.03376,0.671784,0.157498,0
15,86,1485,0.425948,0.071096,0.257306,0.036496,0.686299,0.162017,0
15,87,1486,0.424257,0.074049,0.241128,0.028017,0.692139,0.164541,0
15,88,1487,0.421655,0.068956,0.257834,0.029959,0.667753,0.153582,0
15,89,1488,0.433496,0.068152,0.251985,0.036251,0.679413,0.160385,0
15,90,1489,0.422452,0.070521,0.245404,0.029559,0.683068,0.150783,0
15,91,1490,0.419182,0.075949,0.255528,0.036279,0.678262,0.139369,0
15,92,1491,0.429097,0.061232,0.254841,0.030601,0.683535,0.155154,0
15,93,1492,0.42999,0.074462,0.252437,0.046372,0.666014,0.152073,0
15,94,1493,0.430224,0.073517,0.238542,0.041427,0.678113,0.162685,0
15,95,1494,0.419665,0.072981,0.257717,0.036524,0.667773,0.154838,0
15,96,1495,0.435143,0.070852,0.244941,0.03548,0.711733,0.165026,0
15,97,1496,0.434521,0.069168,0.251439,0.033972,0.686946,0.148229,0
15,98,1497,0.4158,0.075682,0.242729,0.032809,0.67338,0.167954,0
15,99,1498,0.419282,0.072318,0.261333,0.044126,0.697043,0.156188,0
15,100,1499,0.421364,0.066729,0.251693,0.030001,0.6745,0.153631,0
16,1,1500,0.412325,0.061981,0.256677,0.035291,0.673348,0.152195,0
16,2,1501,0.417149,0.070425,0.262636,0.031886,0.679732,0.154742,0
16,3,1502,0.425215,0.072735,0.245445,0.03502,0.696421,0.167405,0
16,4,1503,0.429361,0.067524,0.257181,0.031881,0.659198,0.152843,0
16,5,1504,0.428829,0.071002,0.258116,0.037078,0.676384,0.155377,0
16,6,1505,0.425176,0.070414,0.253107,0.033209,0.682104,0.151816,0
16,7,1506,0.42578,0.072801,0.253125,0.026906,0.686604,0.155541,0
16,8,1507,0.410666,0.075087,0.254331,0.025855,0.68158,0.152353,0
16,9,1508,0.423328,0.067414,0.239906,0.040008,0.676428,0.150368,0
16,10,1509,0.411566,0.07049,0.250061,0.032808,0.666037,0.151008,0
16,11,1510,0.416644,0.069345,0.261808,0.028249,0.679125,0.148995,0
16,12,1511,0.418997,0.063696,0.265264,0.03857,0.655932,0.145823,0
16,13,1512,0.439406,0.072842,0.257036,0.030793,0.684937,0.146985,0
16,14,1513,0.416102,0.073763,0.272542,0.034,0.685565,0.152019,0
16,15,1514,0.424295,0.069938,0.268972,0.02768,0.675509,0.162309,0
16,16,1515,0.415917,0.065037,0.239943,0.032333,0.666928,0.155258,0
16,17,1516,0.419678,0.069439,0.250292,0.030593,0.679749,0.160925,0
16,18,1517,0.422919,0.059407,0.253375,0.033229,0.667438,0.149977,0
16,19,1518,0.435021,0.064999,0.250315,0.03285,0.688275,0.155333,0
16,20,1519,0.418086,0.076439,0.254416,0.031386,0.675724,0.161822,0
16,21,1520,0.417747,0.065772,0.259677,0.031304,0.68827,0.15651,0
16,22,1521,0.418462,0.071325,0.269472,0.033307,0.684725,0.154517,0
16,23,1522,0.415326,0.071236,0.25203,0.031161,0.69041,0.154934,0
16,24,1523,0.405489,0.075904,0.247268,0.035616,0.671103,0.148772,0
16,25,1524,0.421588,0.071197,0.254736,0.041682,0.652722,0.156543,0
16,26,1525,0.420145,0.07874,0.249002,0.037913,0.692384,0.154174,0
16,27,1526,0.416538,0.074015,0.254705,0.036209,0.679518,0.167372,0
16,28,1527,0.424985,0.077931,0.24439,0.035469,0.673116,0.155027,0
16,29,1528,0.435804,0.066089,0.247577,0.034784,0.677296,0.153045,0
16,30,1529,0.419922,0.07655,0.254232,0.037304,0.684373,0.149184,0
16,31,1530,0.426016,0.073906,0.259646,0.035928,0.679838,0.157384,0
16,32,1531,0.425923,0.06846,0.250938,0.039874,0.668722,0.145701,0
16,33,1532,0.404121,0.073901,0.25531,0.036571,0.672131,0.145734,0
16,34,1533,0.410626,0.070875,0.25031,0.03541,0.679222,0.156331,0
16,35,1534,0.42514,0.0705,0.234549,0.037246,0.679079,0.157364,0
16,36,1535,0.412335,0.073023,0.242709,0.030935,0.683612,0.150174,0
16,37,1536,0.432677,0.07289,0.26071,0.033714,0.674665,0.150032,0
16,38,1537,0.418819,0.07226,0.263366,0.036223,0.698572,0.149657,0
16,39,1538,0.415382,0.067872,0.239702,0.031023,0.658933,0.151254,0
16,40,1539,0.435447,0.072605,0.240853,0.037042,0.678221,0.153243,0
16,41,1540,0.416081,0.068288,0.263272,0.031784,0.664441,0.15343,0
16,42,1541,0.419505,0.076423,0.253461,0.035304,0.651158,0.156399,0
16,43,1542,0.424701,0.070011,0.245264,0.035907,0.691006,0.152372,0
16,44,1543,0.431396,0.063008,0.258338,0.031858,0.679465,0.150324,0
16,45,1544,0.408709,0.071547,0.267531,0.037302,0.660507,0.145991,0
16,46,1545,0.425009,0.062742,0.246668,0.031304,0.674231,0.165558,0
16,47,1546,0.411369,0.072258,0.253289,0.030955,0.671966,0.148871,0
16,48,1547,0.428159,0.068595,0.24827,0.029156,0.685044,0.157666,0
16,49,1548,0.422811,0.072914,0.25593,0.033811,0.664701,0.152687,0
16,50,1549,0.426947,0.063606,0.25977,0.035762,0.661655,0.152186,0
16,51,1550,0.41179,0.068653,0.270567,0.03181,0.681943,0.155061,0
16,52,1551,0.417972,0.067191,0.24018,0.034392,0.686709,0.153815,0
16,53,1552,0.421805,0.06582,0.24955,0.028598,0.672635,0.154316,0
16,54,1553,0.413701,0.061743,0.251758,0.037717,0.673113,0.156662,0
16,55,1554,0.406327,0.076941,0.24448,0.037635,0.672414,0.152685,0
16,56,1555,0.426825,0.074192,0.264614,0.035777,0.696164,0.153908,0
16,57,1556,0.416708,0.069786,0.257345,0.034311,0.680474,0.158512,0
16,58,1557,0.438933,0.067372,0.246704,0.029934,0.671403,0.149914,0
16,59,1558,0.427397,0.078992,0.259825,0.03891,0.670831,0.153888,0
16,60,1559,0.417793,0.073093,0.261952,0.03468,0.660938,0.151456,0
16,61,1560,0.424554,0.067446,0.255134,0.036068,0.678282,0.145991,0
16,62,1561,0.437737,0.06742,0.257577,0.037903,0.67276,0.16006,0
16,63,1562,0.426484,0.080561,0.248218,0.042876,0.68426,0.161182,0
16,64,1563,0.43612,0.063303,0.251803,0.025805,0.67282,0.148214,0
16,65,1564,0.438978,0.061523,0.257526,0.037556,0.670825,0.15415,0
16,66,1565,0.411437,0.069561,0.253845,0.031516,0.665267,0.152511,0
16,67,1566,0.437927,0.065201,0.254565,0.032923,0.681776,0.14833,0
16,68,1567,0.438805,0.06911,0.257409,0.039668,0.684932,0.14861,0
16,69,1568,0.412727,0.079232,0.256046,0.032587,0.663841,0.15162,0
16,70,1569,0.418921,0.063248,0.258913,0.033435,0.66685,0.150978,0
16,71,1570,0.41449,0.069228,0.252495,0.029742,0.670938,0.156376,0
16,72,1571,0.428218,0.06368,0.245278,0.033285,0.692291,0.15385,0
16,73,1572,0.418531,0.079734,0.24875,0.030233,0.672244,0.151345,0
16,74,1573,0.424536,0.070861,0.249115,0.031959,0.686467,0.142755,0
16,75,1574,0.43481,0.066647,0.256109,0.034371,0.689635,0.143272,0
16,76,1575,0.430499,0.064404,0.252945,0.03384,0.661971,0.145068,0
16,77,1576,0.413631,0.06683,0.237634,0.032757,0.686203,0.156951,0
16,78,1577,0.412867,0.076582,0.269232,0.034889,0.704928,0.148609,0
16,79,1578,0.418905,0.08,0.250411,0.030781,0.662978,0.1595,0
16,80,1579,0.402292,0.062777,0.2664,0.036965,0.674466,0.163843,0
16,81,1580,0.420824,0.06549,0.250323,0.028255,0.655715,0.142264,0
16,82,1581,0.44045,0.064728,0.266469,0.03273,0.654726,0.160273,0
16,83,1582,0.417583,0.063831,0.251576,0.034611,0.669223,0.141627,0
16,84,1583,0.418761,0.066703,0.245064,0.03173,0.690267,0.145671,0
16,85,1584,0.423248,0.064658,0.249666,0.034137,0.667032,0.154469,0
16,86,1585,0.423532,0.058739,0.261754,0.033335,0.697343,0.161276,0
16,87,1586,0.41476,0.068293,0.257828,0.038592,0.683862,0.15287,0
16,88,1587,0.404578,0.061187,0.264182,0.033823,0.674949,0.149135,0
16,89,1588,0.425312,0.067753,0.25584,0.035478,0.667849,0.143608,0
16,90,1589,0.435332,0.074921,0.246933,0.034148,0.663096,0.144458,0
16,91,1590,0.428907,0.06335,0.249781,0.037096,0.665948,0.152778,0
16,92,1591,0.422991,0.064912,0.247862,0.029555,0.653984,0.151582,0
16,93,1592,0.42313,0.072083,0.237546,0.032998,0.692395,0.155552,0
16,94,1593,0.412873,0.071597,0.246689,0.033858,0.666109,0.152229,0
16,95,1594,0.408544,0.070573,0.253582,0.027594,0.684395,0.151122,0
16,96,1595,0.423532,0.073926,0.249804,0.038188,0.673875,0.155196,0
16,97,1596,0.427414,0.065865,0.24699,0.033841,0.663199,0.145807,0
16,98,1597,0.440004,0.064777,0.267318,0.035643,0.671643,0.143086,0
16,99,1598,0.435676,0.069411,0.242871,0.030191,0.661929,0.159729,0
16,100,1599,0.417019,0.075764,0.244201,0.034217,0.677636,0.146853,0
17,1,1600,0.434167,0.077572,0.252918,0.032927,0.664802,0.15201,0
17,2,1601,0.424082,0.065953,0.250453,0.033248,0.668109,0.149321,0
17,3,1602,0.435643,0.068638,0.25682,0.03688,0.663343,0.146454,0
17,4,1603,0.426842,0.065021,0.256773,0.024498,0.667133,0.158913,0
17,5,1604,0.413232,0.05278,0.243786,0.038189,0.664689,0.149093,0
17,6,1605,0.43165,0.070986,0.24147,0.031428,0.67125,0.144673,0
17,7,1606,0.425426,0.070839,0.258822,0.027726,0.672215,0.150209,0
17,8,1607,0.413046,0.052771,0.261085,0.03525,0.653629,0.154629,0
17,9,1608,0.411916,0.070525,0.245361,0.029533,0.684941,0.150687,0
17,10,1609,0.412874,0.065479,0.254176,0.027744,0.673933,0.147196,0
17,11,1610,0.423645,0.059765,0.250873,0.029191,0.670758,0.137808,0
17,12,1611,0.423141,0.066011,0.2444,0.029553,0.673522,0.149608,0
17,13,1612,0.419987,0.060817,0.248754,0.034588,0.666567,0.148726,0
17,14,1613,0.4208,0.073461,0.256583,0.038207,0.663643,0.150368,0
17,15,1614,0.427224,0.068345,0.258594,0.031607,0.681505,0.157675,0
17,16,1615,0.426383,0.06323,0.253137,0.035052,0.654846,0.154398,0
17,17,1616,0.419598,0.064026,0.25218,0.034106,0.660878,0.154928,0
17,18,1617,0.418055,0.061804,0.243615,0.03842,0.66573,0.143307,0
17,19,1618,0.425634,0.072318,0.253656,0.043404,0.649863,0.146552,0
17,20,1619,0.43703,0.074063,0.245077,0.0311,0.660537,0.146729,0
17,21,1620,0.417885,0.071472,0.238092,0.034011,0.657238,0.149634,0
17,22,1621,0.421206,0.068686,0.249611,0.035273,0.659897,0.15546,0
17,23,1622,0.410952,0.066353,0.266305,0.033527,0.656507,0.156853,0
17,24,1623,0.412793,0.073944,0.246584,0.039361,0.657569,0.149553,0
17,25,1624,0.441515,0.066174,0.253336,0.041381,0.651913,0.141453,0
17,26,1625,0.402651,0.070485,0.255464,0.041808,0.682546,0.153434,0
17,27,1626,0.414099,0.061757,0.246665,0.03358,0.67202,0.138409,0
17,28,1627,0.424125,0.075594,0.252675,0.030092,0.648023,0.155312,0
17,29,1628,0.432574,0.05972,0.255591,0.03889,0.681988,0.138582,0
17,30,1629,0.423785,0.069487,0.229547,0.032507,0.679289,0.152018,0
17,31,1630,0.407911,0.067315,0.251517,0.036161,0.677958,0.151615,0
17,32,1631,0.40401,0.069765,0.252081,0.035678,0.654347,0.161815,0
17,33,1632,0.409045,0.072746,0.242226,0.042725,0.662082,0.161363,0
17,34,1633,0.411001,0.067434,0.257448,0.036318,0.682569,0.148085,0
17,35,1634,0.411247,0.070183,0.249227,0.034483,0.670295,0.14625,0
17,36,1635,0.417223,0.075164,0.25903,0.03481,0.660042,0.146006,0
17,37,1636,0.419339,0.069085,0.248429,0.029631,0.659701,0.147641,0
17,38,1637,0.418059,0.064641,0.251746,0.036302,0.664905,0.156302,0
17,39,1638,0.41801,0.067,0.245316,0.028709,0.64896,0.146283,0
17,40,1639,0.402566,0.062675,0.247751,0.032228,0.667333,0.157026,0
17,41,1640,0.401751,0.062921,0.256388,0.031784,0.679129,0.152043,0
17,42,1641,0.42856,0.065121,0.24999,0.032369,0.650649,0.159601,0
17,43,1642,0.430946,0.064008,0.236035,0.037609,0.653297,0.149565,0
17,44,1643,0.426334,0.070044,0.255109,0.030407,0.672091,0.141677,0
17,45,1644,0.414336,0.060526,0.244839,0.033614,0.662135,0.157545,0
17,46,1645,0.416414,0.073199,0.257921,0.028995,0.660232,0.153499,0
17,47,1646,0.425191,0.062626,0.261051,0.035658,0.654737,0.147446,0
17,48,1647,0.41561,0.061333,0.239436,0.035726,0.671675,0.151223,0
17,49,1648,0.41944,0.079733,0.259957,0.032366,0.66188,0.133397,0
17,50,1649,0.412112,0.059861,0.241288,0.035288,0.667008,0.15468,0
17,51,1650,0.421196,0.071144,0.233783,0.028563,0.663628,0.156977,0
17,52,1651,0.411334,0.057205,0.257379,0.031289,0.70342,0.146034,0
17,53,1652,0.407117,0.068121,0.256611,0.032579,0.677896,0.155336,0
17,54,1653,0.405601,0.066556,0.251819,0.025966,0.669791,0.149829,0
17,55,1654,0.414182,0.07657,0.252141,0.037604,0.666266,0.139137,0
17,56,1655,0.413894,0.061635,0.250932,0.037711,0.678793,0.159867,0
17,57,1656,0.405264,0.057839,0.255375,0.030668,0.66165,0.14902,0
17,58,1657,0.404561,0.066866,0.25988,0.033328,0.65794,0.137401,0
17,59,1658,0.405626,0.058263,0.238747,0.029575,0.664494,0.143008,0
17,60,1659,0.43927,0.058298,0.251522,0.034106,0.654913,0.150802,0
17,61,1660,0.430845,0.055912,0.243462,0.0393,0.678144,0.153443,0
17,62,1661,0.424906,0.072102,0.2449,0.043907,0.669476,0.137013,0
17,63,1662,0.42855,0.0695,0.245357,0.03939,0.678313,0.145172,0
17,64,1663,0.413207,0.065068,0.250404,0.029107,0.640167,0.151545,0
17,65,1664,0.399084,0.058478,0.253491,0.032471,0.663779,0.142185,0
17,66,1665,0.416229,0.070813,0.257771,0.032341,0.644573,0.14551,0
17,67,1666,0.406154,0.067029,0.269462,0.031387,0.666686,0.142148,0
17,68,1667,0.424707,0.073459,0.246571,0.03212,0.687159,0.153786,0
17,69,1668,0.410783,0.071131,0.253226,0.026358,0.669786,0.151224,0
17,70,1669,0.43151,0.068689,0.250113,0.037902,0.693393,0.15542,0
17,71,1670,0.41906,0.066693,0.267221,0.030304,0.680259,0.149145,0
17,72,1671,0.410982,0.069468,0.2506,0.029202,0.683972,0.156411,0
17,73,1672,0.416043,0.070078,0.24522,0.0338,0.664132,0.141074,0
17,74,1673,0.413924,0.068359,0.25999,0.029875,0.662121,0.14522,0
17,75,1674,0.414335,0.069449,0.252344,0.029033,0.68161,0.155446,0
17,76,1675,0.419519,0.065718,0.252615,0.033147,0.672541,0.150874,0
17,77,1676,0.421472,0.064612,0.255944,0.035167,0.661748,0.155858,0
17,78,1677,0.414769,0.074878,0.243984,0.031939,0.650992,0.15405,0
17,79,1678,0.410931,0.066754,0.239654,0.024247,0.671252,0.136979,0
17,80,1679,0.414408,0.072917,0.249436,0.039607,0.660205,0.135441,0
17,81,1680,0.42135,0.063823,0.252231,0.037084,0.664573,0.165358,0
17,82,1681,0.423569,0.062881,0.246174,0.037262,0.667257,0.151598,0
17,83,1682,0.418773,0.06604,0.252427,0.031543,0.658337,0.148089,0
17,84,1683,0.424969,0.061498,0.2658,0.031439,0.665713,0.154895,0
17,85,1684,0.410067,0.067345,0.25244,0.032851,0.663796,0.155871,0
17,86,1685,0.417229,0.075479,0.250831,0.031092,0.642292,0.140846,0
17,87,1686,0.410144,0.068036,0.244872,0.029482,0.672472,0.157636,0
17,88,1687,0.3966,0.058887,0.24468,0.03767,0.655696,0.144493,0
17,89,1688,0.407749,0.076171,0.247237,0.033574,0.660139,0.152,0
17,90,1689,0.407927,0.071724,0.253727,0.037008,0.663777,0.148208,0
17,91,1690,0.431157,0.067193,0.248445,0.023261,0.645465,0.146934,0
17,92,1691,0.40235,0.063673,0.245574,0.037909,0.657421,0.151984,0
17,93,1692,0.423902,0.065993,0.23567,0.032153,0.664401,0.150956,0
17,94,1693,0.415486,0.061538,0.245544,0.040784,0.672533,0.155501,0
17,95,1694,0.408486,0.067042,0.247788,0.031102,0.660111,0.144416,0
17,96,1695,0.400119,0.067832,0.260191,0.032317,0.658053,0.154695,0
17,97,1696,0.404802,0.056729,0.247904,0.027986,0.66418,0.15581,0
17,98,1697,0.425342,0.068055,0.246025,0.025331,0.683758,0.142795,0
17,99,1698,0.40534,0.0676,0.266123,0.039163,0.658007,0.144788,0
17,100,1699,0.427047,0.069718,0.235492,0.034845,0.661931,0.149253,0
18,1,1700,0.424778,0.062251,0.248531,0.031206,0.643818,0.148344,0
18,2,1701,0.414709,0.065699,0.251272,0.029139,0.646819,0.140698,0
18,3,1702,0.409904,0.076483,0.243066,0.03435,0.676606,0.155034,0
18,4,1703,0.417874,0.075585,0.242818,0.030996,0.668795,0.152628,0
18,5,1704,0.40948,0.066998,0.258978,0.032006,0.663412,0.142724,0
18,6,1705,0.425528,0.066049,0.249532,0.026949,0.637791,0.156361,0
18,7,1706,0.402209,0.061365,0.257318,0.039901,0.656065,0.152849,0
18,8,1707,0.43317,0.063594,0.258716,0.034456,0.663237,0.157022,0
18,9,1708,0.428394,0.072086,0.258376,0.017369,0.668642,0.150033,0
18,10,1709,0.417156,0.069209,0.246586,0.038903,0.672627,0.151985,0
18,11,1710,0.424717,0.065236,0.256622,0.033596,0.686203,0.155286,0
18,12,1711,0.39343,0.068967,0.2431,0.040419,0.666154,0.143907,0
18,13,1712,0.411342,0.064117,0.242631,0.03396,0.667735,0.142662,0
18,14,1713,0.419669,0.069391,0.253019,0.039161,0.674925,0.164689,0
18,15,1714,0.392329,0.065683,0.252614,0.032556,0.671323,0.146959,0
18,16,1715,0.412248,0.069918,0.244656,0.031694,0.669643,0.147357,0
18,17,1716,0.402836,0.067203,0.251754,0.02938,0.678843,0.16007,0
18,18,1717,0.390329,0.071041,0.241628,0.036734,0.651105,0.148079,0
18,19,1718,0.432399,0.0651,0.265342,0.031277,0.680461,0.138706,0
18,20,1719,0.429427,0.066546,0.231725,0.027569,0.650328,0.154034,0
18,21,1720,0.408515,0.069182,0.239364,0.034631,0.66687,0.146752,0
18,22,1721,0.418924,0.058909,0.253286,0.036896,0.666171,0.151977,0
18,23,1722,0.414552,0.05982,0.254902,0.026243,0.665633,0.146035,0
18,24,1723,0.406757,0.068101,0.248764,0.030301,0.678218,0.149539,0
18,25,1724,0.427802,0.068419,0.245859,0.027041,0.66456,0.154848,0
18,26,1725,0.422451,0.070157,0.24584,0.036703,0.669536,0.144137,0
18,27,1726,0.413128,0.064695,0.241616,0.033955,0.677644,0.155706,0
18,28,1727,0.40029,0.066291,0.247916,0.030738,0.684704,0.148825,0
18,29,1728,0.41415,0.078395,0.240637,0.030296,0.650446,0.157536,0
18,30,1729,0.404911,0.072344,0.251024,0.038352,0.660958,0.151199,0
18,31,1730,0.412059,0.059478,0.252053,0.035745,0.673482,0.152099,0
18,32,1731,0.422373,0.072323,0.25968,0.032188,0.666175,0.152717,0
18,33,1732,0.400407,0.064819,0.245373,0.026937,0.663232,0.147466,0
18,34,1733,0.417915,0.061857,0.253184,0.032707,0.658478,0.14284,0
18,35,1734,0.421341,0.067875,0.262585,0.035357,0.666372,0.146143,0
18,36,1735,0.406252,0.052495,0.239881,0.039059,0.665623,0.145691,0
18,37,1736,0.416021,0.071667,0.246951,0.025552,0.656153,0.155596,0
18,38,1737,0.436826,0.058991,0.245947,0.02848,0.648608,0.145177,0
18,39,1738,0.409238,0.060189,0.251689,0.034652,0.663845,0.149514,0
18,40,1739,0.411233,0.070571,0.265658,0.033329,0.660801,0.149365,0
18,41,1740,0.417412,0.063098,0.255017,0.032676,0.649159,0.14991,0
18,42,1741,0.421265,0.064634,0.243993,0.032597,0.66508,0.150673,0
18,43,1742,0.422868,0.061788,0.267575,0.035632,0.64711,0.148851,0
18,44,1743,0.397899,0.059945,0.252047,0.025552,0.643168,0.150931,0
18,45,1744,0.407853,0.057766,0.251556,0.029334,0.654051,0.149761,0
18,46,1745,0.392856,0.066937,0.248282,0.03048,0.647951,0.147727,0
18,47,1746,0.429081,0.068604,0.246762,0.035493,0.660904,0.147891,0
18,48,1747,0.412883,0.071009,0.250062,0.031054,0.639766,0.133968,0
18,49,1748,0.406759,0.066787,0.239979,0.031195,0.648869,0.13908,0
18,50,1749,0.422763,0.060086,0.251809,0.036337,0.660279,0.145739,0
18,51,1750,0.424539,0.074383,0.259098,0.023894,0.654756,0.147525,0
18,52,1751,0.395016,0.071514,0.242997,0.02654,0.646676,0.149813,0
18,53,1752,0.402613,0.056239,0.258835,0.034073,0.655835,0.144312,0
18,54,1753,0.423818,0.062022,0.247815,0.034079,0.653159,0.146837,0
18,55,1754,0.399086,0.06778,0.249866,0.031647,0.665074,0.14519,0
18,56,1755,0.41812,0.062364,0.242606,0.031718,0.652976,0.156501,0
18,57,1756,0.402873,0.068575,0.242427,0.029829,0.668791,0.149644,0
18,58,1757,0.413405,0.063162,0.248573,0.025191,0.625468,0.141437,0
18,59,1758,0.403665,0.055226,0.245319,0.040252,0.656754,0.146615,0
18,60,1759,0.4099,0.069453,0.251005,0.033565,0.657615,0.145154,0
18,61,1760,0.424313,0.059564,0.25867,0.034288,0.647578,0.150254,0
18,62,1761,0.407084,0.064115,0.254701,0.034464,0.645616,0.140761,0
18,63,1762,0.405156,0.072717,0.253648,0.029878,0.650373,0.145773,0
18,64,1763,0.421695,0.064915,0.252533,0.035662,0.659659,0.149526,0
18,65,1764,0.404012,0.061331,0.244771,0.029533,0.641203,0.151136,0
18,66,1765,0.409341,0.063779,0.248506,0.028022,0.642552,0.150168,0
18,67,1766,0.408439,0.064064,0.249042,0.038734,0.639526,0.152279,0
18,68,1767,0.391221,0.076842,0.243872,0.037492,0.67165,0.144371,0
18,69,1768,0.419474,0.062523,0.240408,0.034469,0.647794,0.144986,0
18,70,1769,0.406635,0.072295,0.245296,0.030871,0.656378,0.149657,0
18,71,1770,0.414058,0.055657,0.261254,0.038143,0.648793,0.140165,0
18,72,1771,0.425093,0.062238,0.259844,0.028992,0.656974,0.154473,0
18,73,1772,0.422327,0.06178,0.236746,0.026445,0.665241,0.149173,0
18,74,1773,0.397043,0.052776,0.269754,0.034378,0.659802,0.148482,0
18,75,1774,0.428733,0.067812,0.240671,0.027353,0.651892,0.144887,0
18,76,1775,0.399354,0.064207,0.248865,0.027128,0.662826,0.154003,0
18,77,1776,0.405911,0.056186,0.245649,0.033483,0.64716,0.158358,0
18,78,1777,0.393427,0.05954,0.259275,0.035794,0.677325,0.146751,0
18,79,1778,0.414597,0.063459,0.244783,0.038692,0.656244,0.154646,0
18,80,1779,0.407317,0.067956,0.25356,0.030221,0.667508,0.151856,0
18,81,1780,0.411453,0.063823,0.257745,0.035011,0.656755,0.150236,0
18,82,1781,0.413828,0.069957,0.248168,0.038023,0.667935,0.14364,0
18,83,1782,0.406414,0.072016,0.23767,0.033444,0.666265,0.144659,0
18,84,1783,0.41897,0.061841,0.237959,0.036772,0.662152,0.152557,0
18,85,1784,0.42195,0.0607,0.250242,0.02993,0.65183,0.138005,0
18,86,1785,0.41009,0.058803,0.234266,0.040597,0.661102,0.141506,0
18,87,1786,0.416905,0.050345,0.267638,0.024743,0.654648,0.13962,0
18,88,1787,0.38994,0.063809,0.255569,0.028757,0.640357,0.145554,0
18,89,1788,0.398717,0.066836,0.251122,0.027857,0.645833,0.147179,0
18,90,1789,0.42523,0.063921,0.236621,0.033678,0.654748,0.145429,0
18,91,1790,0.410855,0.063897,0.262808,0.036902,0.666803,0.147087,0
18,92,1791,0.411893,0.061294,0.244325,0.028225,0.669408,0.150368,0
18,93,1792,0.403593,0.05351,0.234937,0.029109,0.645924,0.147976,0
18,94,1793,0.424439,0.060226,0.245126,0.031866,0.669666,0.146845,0
18,95,1794,0.401301,0.0696,0.229577,0.037432,0.662476,0.141695,0
18,96,1795,0.424364,0.063503,0.247227,0.029465,0.658017,0.142107,0
18,97,1796,0.409244,0.05884,0.235189,0.032548,0.647189,0.1476,0
18,98,1797,0.399548,0.064291,0.243384,0.038904,0.658298,0.157763,0
18,99,1798,0.408012,0.065768,0.255809,0.03564,0.662532,0.144092,0
18,100,1799,0.423509,0.061056,0.24008,0.028393,0.666036,0.140453,0
19,1,1800,0.404549,0.071819,0.234302,0.038638,0.659827,0.133559,0
19,2,1801,0.405668,0.059156,0.233417,0.041652,0.644839,0.138388,0
19,3,1802,0.400085,0.068935,0.249654,0.030435,0.65606,0.143285,0
19,4,1803,0.404048,0.060887,0.240103,0.036146,0.665001,0.140316,0
19,5,1804,0.431353,0.058781,0.24459,0.032315,0.654376,0.143131,0
19,6,1805,0.418208,0.066847,0.253002,0.038288,0.671573,0.159799,0
19,7,1806,0.418173,0.067432,0.261182,0.028071,0.662215,0.141734,0
19,8,1807,0.414445,0.056808,0.252136,0.032754,0.657266,0.157491,0
19,9,1808,0.410603,0.06483,0.263534,0.032175,0.648553,0.156985,0
19,10,1809,0.402142,0.057587,0.23133,0.030458,0.654437,0.152813,0
19,11,1810,0.400568,0.068225,0.25683,0.033478,0.66027,0.138112,0
19,12,1811,0.41268,0.060808,0.244374,0.030208,0.650795,0.149558,0
19,13,1812,0.413109,0.05944,0.241634,0.029629,0.652802,0.156408,0
19,14,1813,0.410538,0.056932,0.24737,0.02871,0.674526,0.135973,0
19,15,1814,0.409205,0.06705,0.253756,0.031617,0.664015,0.141605,0
19,16,1815,0.412571,0.061053,0.243318,0.035913,0.641698,0.139884,0
19,17,1816,0.394669,0.070434,0.236723,0.031042,0.647286,0.143734,0
19,18,1817,0.410258,0.068578,0.240617,0.040362,0.631784,0.135979,0
19,19,1818,0.412514,0.065796,0.25003,0.033019,0.642969,0.150369,0
19,20,1819,0.426692,0.065272,0.23561,0.0389,0.642262,0.147458,0
19,21,1820,0.416643,0.064822,0.249506,0.028537,0.652311,0.140783,0
19,22,1821,0.427393,0.062283,0.228365,0.03737,0.659711,0.144584,0
19,23,1822,0.42828,0.063819,0.231438,0.033091,0.668714,0.146279,0
19,24,1823,0.399677,0.071148,0.244737,0.025055,0.65877,0.146156,0
19,25,1824,0.398161,0.068953,0.24726,0.033675,0.657017,0.147246,0
19,26,1825,0.420399,0.070573,0.235473,0.030917,0.664071,0.156542,0
19,27,1826,0.42145,0.063773,0.253575,0.034893,0.638752,0.14852,0
19,28,1827,0.406187,0.055602,0.250659,0.032565,0.642774,0.143235,0
19,29,1828,0.408627,0.05469,0.255955,0.031784,0.640568,0.130402,0
19,30,1829,0.410657,0.067738,0.252017,0.032488,0.650629,0.142627,0
19,31,1830,0.407471,0.070782,0.248085,0.033223,0.682461,0.155016,0
19,32,1831,0.430372,0.062969,0.24325,0.023053,0.657435,0.13857,0
19,33,1832,0.426377,0.066118,0.263279,0.027588,0.67203,0.134224,0
19,34,1833,0.40387,0.060758,0.237692,0.026631,0.648051,0.145706,0
19,35,1834,0.419965,0.055929,0.241516,0.034504,0.657398,0.139813,0
19,36,1835,0.400476,0.065735,0.244999,0.029558,0.646518,0.138531,0
19,37,1836,0.410646,0.068073,0.249049,0.029191,0.63333,0.139359,0
19,38,1837,0.41796,0.068113,0.262585,0.028575,0.672209,0.154438,0
19,39,1838,0.420507,0.062945,0.243769,0.029111,0.62464,0.145283,0
19,40,1839,0.412272,0.055963,0.251279,0.033544,0.648078,0.14445,0
19,41,1840,0.409874,0.064509,0.248815,0.02903,0.634571,0.150544,0
19,42,1841,0.412041,0.06947,0.25388,0.029332,0.634855,0.136867,0
19,43,1842,0.400616,0.060178,0.239805,0.029453,0.652505,0.13706,0
19,44,1843,0.432641,0.057272,0.257429,0.037135,0.64762,0.14234,0
19,45,1844,0.407794,0.063223,0.231861,0.040734,0.649366,0.145074,0
19,46,1845,0.404171,0.063085,0.244533,0.034769,0.655127,0.148876,0
19,47,1846,0.405287,0.068096,0.247201,0.030908,0.650065,0.143965,0
19,48,1847,0.402062,0.066885,0.251215,0.038665,0.644996,0.148589,0
19,49,1848,0.393034,0.058118,0.247218,0.029034,0.64306,0.141651,0
19,50,1849,0.407008,0.061127,0.251089,0.034902,0.630057,0.150801,0
19,51,1850,0.398111,0.064856,0.264911,0.032009,0.646482,0.143107,0
19,52,1851,0.410579,0.057736,0.236339,0.031551,0.663104,0.137564,0
19,53,1852,0.398098,0.060622,0.258428,0.025927,0.643057,0.150156,0
19,54,1853,0.416998,0.068001,0.247061,0.02902,0.64626,0.146118,0
19,55,1854,0.424302,0.06174,0.247229,0.036203,0.675147,0.153722,0
19,56,1855,0.412257,0.060429,0.258612,0.037968,0.641809,0.143376,0
19,57,1856,0.404946,0.067651,0.237212,0.020973,0.632265,0.13815,0
19,58,1857,0.396352,0.056804,0.236854,0.026967,0.644786,0.140706,0
19,59,1858,0.403524,0.060115,0.250731,0.030803,0.663968,0.137346,0
19,60,1859,0.39479,0.062482,0.258093,0.027998,0.649751,0.136357,0
19,61,1860,0.4025,0.060772,0.242392,0.024807,0.643689,0.147211,0
19,62,1861,0.409878,0.058869,0.246902,0.025305,0.661781,0.146365,0
19,63,1862,0.403607,0.059671,0.25512,0.038743,0.642719,0.143458,0
19,64,1863,0.412796,0.066642,0.239612,0.033047,0.650886,0.136809,0
19,65,1864,0.416085,0.067527,0.250079,0.03312,0.655834,0.145745,0
19,66,1865,0.392706,0.058749,0.235819,0.035779,0.670649,0.131036,0
19,67,1866,0.416827,0.065212,0.255543,0.032179,0.634359,0.143386,0
19,68,1867,0.413227,0.062332,0.239226,0.026986,0.645938,0.145217,0
19,69,1868,0.386633,0.059555,0.253539,0.026576,0.658998,0.161053,0
19,70,1869,0.415134,0.055772,0.231343,0.031425,0.655263,0.150496,0
19,71,1870,0.408091,0.061943,0.24332,0.027881,0.653756,0.14507,0
19,72,1871,0.416728,0.065967,0.23553,0.031689,0.639383,0.144449,0
19,73,1872,0.414233,0.068325,0.252254,0.030198,0.645133,0.15429,0
19,74,1873,0.416425,0.063259,0.255858,0.032242,0.64992,0.152967,0
19,75,1874,0.397426,0.051545,0.250765,0.02903,0.660944,0.146115,0
19,76,1875,0.398608,0.062949,0.251103,0.031048,0.641577,0.136556,0
19,77,1876,0.405483,0.061286,0.240165,0.032415,0.656574,0.155512,0
19,78,1877,0.397964,0.054455,0.243575,0.034662,0.658254,0.150958,0
19,79,1878,0.409455,0.05472,0.249448,0.031898,0.654335,0.149655,0
19,80,1879,0.40462,0.054332,0.248822,0.036802,0.634783,0.139601,0
19,81,1880,0.410124,0.060185,0.24882,0.035462,0.662821,0.136891,0
19,82,1881,0.421477,0.061591,0.237555,0.027253,0.636299,0.14364,0
19,83,1882,0.401044,0.062167,0.242706,0.028639,0.658269,0.145717,0
19,84,1883,0.412005,0.065367,0.236802,0.034755,0.652424,0.140902,0
19,85,1884,0.416618,0.057089,0.25408,0.031253,0.643206,0.140259,0
19,86,1885,0.412524,0.072204,0.230509,0.027348,0.658219,0.143176,0
19,87,1886,0.399894,0.061151,0.224363,0.026566,0.660499,0.150571,0
19,88,1887,0.383089,0.059085,0.253987,0.037622,0.665392,0.141972,0
19,89,1888,0.405748,0.070068,0.245182,0.031187,0.649842,0.145759,0
19,90,1889,0.394974,0.069073,0.230202,0.037661,0.625952,0.139823,0
19,91,1890,0.392335,0.064332,0.243836,0.030236,0.641313,0.143092,0
19,92,1891,0.40305,0.060311,0.238937,0.038198,0.629051,0.145427,0
19,93,1892,0.397209,0.063745,0.236325,0.032118,0.66939,0.144264,0
19,94,1893,0.402496,0.060379,0.244426,0.03232,0.669326,0.143188,0
19,95,1894,0.41793,0.063282,0.241209,0.03355,0.645947,0.130846,0
19,96,1895,0.419661,0.058446,0.244959,0.032041,0.649425,0.143839,0
19,97,1896,0.412607,0.068181,0.237069,0.030351,0.643249,0.139726,0
19,98,1897,0.409943,0.061285,0.243018,0.032704,0.665173,0.140571,0
19,99,1898,0.423936,0.056235,0.248261,0.035652,0.619774,0.145521,0
19,100,1899,0.398586,0.059067,0.240401,0.029802,0.642191,0.140963,0
20,1,1900,0.387509,0.068034,0.241464,0.029447,0.646665,0.144256,0
20,2,1901,0.395327,0.060471,0.225252,0.035679,0.645807,0.146991,0
20,3,1902,0.404822,0.063901,0.23525,0.026295,0.646627,0.138861,0
20,4,1903,0.397685,0.060582,0.243974,0.030698,0.651021,0.143322,0
20,5,1904,0.401064,0.064722,0.239981,0.035906,0.647117,0.151023,0
20,6,1905,0.392715,0.061986,0.252632,0.032039,0.654252,0.134523,0
20,7,1906,0.384756,0.060124,0.22324,0.026599,0.678222,0.14054,0
20,8,1907,0.395672,0.066183,0.235674,0.032013,0.633675,0.158384,0
20,9,1908,0.40167,0.059072,0.236673,0.027766,0.6675,0.139444,0
20,10,1909,0.413827,0.060558,0.241657,0.035589,0.637954,0.146525,0
20,11,1910,0.400589,0.060592,0.249261,0.033892,0.645215,0.13987,0
20,12,1911,0.400539,0.058515,0.250869,0.031352,0.645157,0.14336,0
20,13,1912,0.416437,0.068057,0.246895,0.036379,0.647142,0.146782,0
20,14,1913,0.41351,0.064896,0.258267,0.028711,0.645097,0.141323,0
20,15,1914,0.418049,0.05659,0.243939,0.025173,0.654329,0.137868,0
20,16,1915,0.397243,0.058829,0.243924,0.03405,0.636979,0.136603,0
20,17,1916,0.418828,0.056323,0.239976,0.035543,0.670397,0.136561,0
20,18,1917,0.398373,0.057864,0.244446,0.037028,0.630926,0.15148,0
20,19,1918,0.420009,0.063267,0.24008,0.033693,0.644482,0.145588,0
20,20,1919,0.390108,0.056552,0.231159,0.030584,0.628126,0.138279,0
20,21,1920,0.394093,0.055167,0.244387,0.037547,0.645007,0.142168,0
20,22,1921,0.408204,0.058668,0.246018,0.025347,0.638836,0.150959,0
20,23,1922,0.384606,0.055519,0.236904,0.030093,0.631235,0.140862,0
20,24,1923,0.406038,0.056452,0.229198,0.025857,0.626007,0.14276,0
20,25,1924,0.405279,0.068865,0.257942,0.033842,0.643982,0.146709,0
20,26,1925,0.418571,0.058777,0.23797,0.02933,0.649841,0.135582,0
20,27,1926,0.405886,0.063384,0.239628,0.033515,0.658597,0.148199,0
20,28,1927,0.412361,0.074843,0.251935,0.030375,0.6349,0.140623,0
20,29,1928,0.396597,0.067401,0.231043,0.02419,0.644139,0.137105,0
20,30,1929,0.395935,0.061471,0.237166,0.028553,0.645622,0.148215,0
20,31,1930,0.405755,0.060484,0.24595,0.032261,0.66151,0.130768,0
20,32,1931,0.403187,0.056684,0.231675,0.033915,0.636437,0.131541,0
20,33,1932,0.402241,0.056787,0.241132,0.035542,0.626064,0.132656,0
20,34,1933,0.398387,0.064554,0.250721,0.031785,0.652085,0.143643,0
20,35,1934,0.39302,0.054565,0.240792,0.031589,0.627889,0.142416,0
20,36,1935,0.396997,0.055698,0.246803,0.029978,0.654983,0.139289,0
20,37,1936,0.386969,0.067702,0.255156,0.033703,0.641154,0.150481,0
20,38,1937,0.399267,0.058409,0.234317,0.03507,0.635759,0.141712,0
20,39,1938,0.391541,0.055338,0.240986,0.034848,0.650245,0.144915,0
20,40,1939,0.410961,0.058404,0.248505,0.035554,0.634783,0.137663,0
20,41,1940,0.398306,0.067707,0.233435,0.035901,0.639599,0.154484,0
20,42,1941,0.393848,0.057741,0.252475,0.032488,0.657066,0.133876,0
20,43,1942,0.389527,0.062354,0.243568,0.030793,0.653251,0.146981,0
20,44,1943,0.41787,0.070552,0.23878,0.023896,0.627958,0.138939,0
20,45,1944,0.396628,0.057693,0.231098,0.034058,0.643375,0.154279,0
20,46,1945,0.400329,0.055645,0.234661,0.025073,0.655325,0.139341,0
20,47,1946,0.399772,0.055232,0.244033,0.029665,0.655146,0.137328,0
20,48,1947,0.405376,0.064986,0.246165,0.038122,0.648699,0.14579,0
20,49,1948,0.390518,0.067375,0.233493,0.033503,0.649152,0.147067,0
20,50,1949,0.406334,0.059558,0.231682,0.038264,0.634583,0.135568,0
20,51,1950,0.380833,0.066849,0.234208,0.031558,0.635888,0.153452,0
20,52,1951,0.399439,0.061428,0.242891,0.032245,0.643903,0.133207,0
20,53,1952,0.395701,0.064324,0.241694,0.029609,0.65817,0.131011,0
20,54,1953,0.42065,0.07237,0.241813,0.032302,0.653569,0.14906,0
20,55,1954,0.406898,0.063531,0.234033,0.029143,0.637407,0.134247,0
20,56,1955,0.399611,0.061425,0.245796,0.031202,0.640517,0.135859,0
20,57,1956,0.397862,0.059948,0.235458,0.028317,0.636771,0.139596,0
20,58,1957,0.417617,0.066919,0.256941,0.032667,0.649957,0.138366,0
20,59,1958,0.387395,0.068472,0.231267,0.032175,0.632796,0.14802,0
20,60,1959,0.414514,0.060857,0.259103,0.033395,0.632473,0.141648,0
20,61,1960,0.385429,0.062734,0.230114,0.020298,0.639072,0.136665,0
20,62,1961,0.393442,0.059912,0.236097,0.031939,0.659832,0.144268,0
20,63,1962,0.391711,0.062956,0.249101,0.028636,0.633552,0.144322,0
20,64,1963,0.395182,0.062993,0.242861,0.034499,0.631898,0.135257,0
20,65,1964,0.395765,0.051436,0.243407,0.036525,0.630529,0.14721,0
20,66,1965,0.392803,0.055918,0.238518,0.032028,0.664987,0.132463,0
20,67,1966,0.38902,0.061157,0.241032,0.023085,0.642938,0.133788,0
20,68,1967,0.406281,0.061548,0.23676,0.030597,0.649399,0.143775,0
20,69,1968,0.388434,0.056968,0.24662,0.033688,0.643683,0.149834,0
20,70,1969,0.389352,0.067814,0.247093,0.037503,0.668482,0.133208,0
20,71,1970,0.410684,0.063882,0.241682,0.025395,0.641332,0.142008,0
20,72,1971,0.408088,0.059959,0.250322,0.032817,0.628077,0.149205,0
20,73,1972,0.404207,0.068853,0.227773,0.035245,0.636526,0.147411,0
20,74,1973,0.396385,0.065649,0.239128,0.027784,0.634622,0.144663,0
20,75,1974,0.429307,0.061539,0.245422,0.028515,0.642038,0.141935,0
20,76,1975,0.413096,0.052738,0.244278,0.028768,0.630472,0.152582,0
20,77,1976,0.39933,0.056637,0.240771,0.030862,0.644736,0.139977,0
20,78,1977,0.400033,0.057982,0.25253,0.029745,0.654944,0.148051,0
20,79,1978,0.401094,0.06012,0.238707,0.021552,0.650386,0.142127,0
20,80,1979,0.407698,0.053532,0.231276,0.020305,0.640068,0.135995,0
20,81,1980,0.396745,0.053235,0.260958,0.030052,0.628602,0.136581,0
20,82,1981,0.413972,0.059983,0.255412,0.02846,0.646637,0.146702,0
20,83,1982,0.39818,0.060333,0.220705,0.029396,0.654535,0.145921,0
20,84,1983,0.39701,0.056759,0.236765,0.02568,0.648829,0.142241,0
20,85,1984,0.400219,0.049428,0.24349,0.030555,0.628074,0.139852,0
20,86,1985,0.390139,0.061957,0.231724,0.027919,0.644522,0.139182,0
20,87,1986,0.395763,0.064701,0.237976,0.02975,0.645456,0.141782,0
20,88,1987,0.40534,0.058633,0.23184,0.024419,0.620991,0.150966,0
20,89,1988,0.392391,0.066172,0.22274,0.02918,0.658408,0.144639,0
20,90,1989,0.387325,0.067166,0.237544,0.029823,0.644282,0.132513,0
20,91,1990,0.403437,0.05731,0.227715,0.028391,0.648489,0.142664,0
20,92,1991,0.398414,0.060461,0.236432,0.033916,0.644218,0.136928,0
20,93,1992,0.392959,0.06052,0.259061,0.033286,0.659974,0.137011,0
20,94,1993,0.40401,0.070244,0.237981,0.030147,0.629721,0.145541,0
20,95,1994,0.383801,0.062863,0.23503,0.032982,0.640317,0.136968,0
20,96,1995,0.408628,0.054857,0.238013,0.031431,0.659762,0.140094,0
20,97,1996,0.379465,0.054087,0.237117,0.027188,0.62111,0.145267,0
20,98,1997,0.39321,0.060457,0.244206,0.02897,0.645575,0.135314,0
20,99,1998,0.41242,0.066678,0.242345,0.030146,0.634775,0.129215,0
20,100,1999,0.398967,0.067081,0.250548,0.027264,0.6499,0.137168,0
21,1,2000,0.412421,0.057537,0.248114,0.022509,0.655555,0.13985,0
21,2,2001,0.396063,0.066757,0.236556,0.032844,0.640335,0.146346,0
21,3,2002,0.400465,0.067966,0.243921,0.029514,0.666909,0.146895,0
21,4,2003,0.407153,0.063754,0.222447,0.03155,0.63783,0.136911,0
21,5,2004,0.381754,0.066153,0.243577,0.020308,0.632763,0.145163,0
21,6,2005,0.410248,0.053116,0.238703,0.028158,0.622929,0.131124,0
21,7,2006,0.402532,0.065101,0.243929,0.032941,0.636321,0.143438,0
21,8,2007,0.418621,0.048208,0.224804,0.031461,0.63626,0.131168,0
21,9,2008,0.408523,0.065902,0.252877,0.023564,0.622955,0.131146,0
21,10,2009,0.400352,0.060968,0.239276,0.025425,0.645438,0.138613,0
21,11,2010,0.395242,0.060937,0.2387,0.033466,0.641842,0.134398,0
21,12,2011,0.404563,0.064959,0.234742,0.032562,0.618422,0.13895,0
21,13,2012,0.397837,0.0628,0.225546,0.028473,0.628884,0.154493,0
21,14,2013,0.400616,0.051793,0.235402,0.031489,0.639989,0.125808,0
21,15,2014,0.405182,0.06581,0.231695,0.034984,0.638347,0.149133,0
21,16,2015,0.407743,0.057482,0.23654,0.024038,0.658266,0.136423,0
21,17,2016,0.389923,0.066278,0.238933,0.029586,0.62334,0.136774,0
21,18,2017,0.393759,0.057558,0.240022,0.035748,0.635041,0.135347,0
21,19,2018,0.397193,0.057851,0.237246,0.030131,0.64961,0.141884,0
21,20,2019,0.401136,0.061502,0.2483,0.025365,0.668459,0.136354,0
21,21,2020,0.387178,0.06447,0.257562,0.027531,0.642568,0.140721,0
21,22,2021,0.41416,0.058387,0.2436,0.032302,0.638079,0.132794,0
21,23,2022,0.411413,0.058522,0.241428,0.034569,0.617789,0.136662,0
21,24,2023,0.387558,0.060126,0.247481,0.019584,0.640275,0.137076,0
21,25,2024,0.397435,0.0594,0.236494,0.025675,0.620622,0.135136,0
21,26,2025,0.398058,0.054301,0.236259,0.032699,0.644057,0.136387,0
21,27,2026,0.393873,0.054944,0.235915,0.033006,0.637472,0.145158,0
21,28,2027,0.37926,0.057327,0.230825,0.034855,0.642757,0.145279,0
21,29,2028,0.388084,0.060767,0.253641,0.03137,0.633263,0.138027,0
21,30,2029,0.410886,0.06072,0.240008,0.030907,0.643611,0.136651,0
21,31,2030,0.39872,0.064144,0.252269,0.031782,0.641903,0.158301,0
21,32,2031,0.395638,0.067138,0.228717,0.02668,0.650797,0.13744,0
21,33,2032,0.391232,0.052017,0.227929,0.032007,0.64055,0.134885,0
21,34,2033,0.409515,0.055161,0.233709,0.024908,0.632951,0.141038,0
21,35,2034,0.397763,0.063635,0.24455,0.027349,0.664905,0.138834,0
21,36,2035,0.401709,0.066927,0.234231,0.032784,0.639175,0.144846,0
21,37,2036,0.405521,0.06107,0.232358,0.035022,0.64591,0.138475,0
21,38,2037,0.404755,0.05129,0.241895,0.03224,0.608811,0.140067,0
21,39,2038,0.406124,0.057602,0.230541,0.022421,0.650067,0.143078,0
21,40,2039,0.406088,0.051707,0.231874,0.030114,0.644838,0.148904,0
21,41,2040,0.388829,0.055761,0.256568,0.032627,0.65015,0.137366,0
21,42,2041,0.392892,0.057723,0.233372,0.0278,0.637308,0.13384,0
21,43,2042,0.396108,0.055023,0.23958,0.02756,0.637199,0.145329,0
21,44,2043,0.397125,0.061199,0.232688,0.034139,0.635052,0.136345,0
21,45,2044,0.401983,0.059984,0.238361,0.026714,0.62725,0.135915,0
21,46,2045,0.40572,0.059093,0.241718,0.028876,0.615492,0.137354,0
21,47,2046,0.392026,0.059755,0.229554,0.026697,0.654895,0.129004,0
21,48,2047,0.390134,0.058071,0.230689,0.031826,0.652454,0.14364,0
21,49,2048,0.395169,0.061377,0.24553,0.036533,0.648988,0.143939,0
21,50,2049,0.394659,0.059907,0.23121,0.029781,0.615358,0.135353,0
21,51,2050,0.408611,0.054182,0.255108,0.030093,0.638881,0.128794,0
21,52,2051,0.399148,0.059519,0.240287,0.023717,0.634761,0.14692,0
21,53,2052,0.413037,0.052665,0.230666,0.036934,0.642776,0.136707,0
21,54,2053,0.400116,0.059927,0.238569,0.024831,0.638937,0.135233,0
21,55,2054,0.418997,0.068633,0.243581,0.028398,0.634836,0.140814,0
21,56,2055,0.376893,0.057421,0.244759,0.026069,0.632718,0.141912,0
21,57,2056,0.383519,0.05415,0.22602,0.023574,0.623848,0.145721,0
21,58,2057,0.387595,0.062028,0.253296,0.025879,0.656137,0.140477,0
21,59,2058,0.401005,0.068126,0.242422,0.031584,0.630302,0.143294,0
21,60,2059,0.425883,0.046299,0.240095,0.030496,0.632543,0.137003,0
21,61,2060,0.39922,0.056362,0.254379,0.028392,0.642035,0.134186,0
21,62,2061,0.401143,0.053643,0.232151,0.036135,0.625958,0.142015,0
21,63,2062,0.390036,0.053944,0.232441,0.027165,0.639896,0.138556,0
21,64,2063,0.385415,0.061958,0.244725,0.029274,0.63822,0.148623,0
21,65,2064,0.402592,0.053057,0.236395,0.026964,0.626458,0.136579,0
21,66,2065,0.406012,0.060382,0.235988,0.019919,0.639212,0.124374,0
21,67,2066,0.399346,0.056425,0.250304,0.031188,0.631727,0.146338,0
21,68,2067,0.388897,0.055909,0.226416,0.02916,0.62204,0.136016,0
21,69,2068,0.383963,0.056106,0.23754,0.027344,0.631314,0.133723,0
21,70,2069,0.394418,0.057068,0.238824,0.030986,0.642661,0.134129,0
21,71,2070,0.400354,0.053827,0.240122,0.033572,0.65515,0.139404,0
21,72,2071,0.396091,0.056905,0.240611,0.035735,0.637319,0.132244,0
21,73,2072,0.401538,0.0608,0.23509,0.030351,0.622396,0.140163,0
21,74,2073,0.389921,0.042253,0.235036,0.025675,0.631635,0.13782,0
21,75,2074,0.399641,0.060998,0.244754,0.031077,0.637461,0.142047,0
21,76,2075,0.412147,0.059586,0.226446,0.034091,0.625673,0.140953,0
21,77,2076,0.381778,0.058825,0.220743,0.029075,0.628817,0.144543,0
21,78,2077,0.385909,0.05705,0.235595,0.031212,0.63826,0.142023,0
21,79,2078,0.387121,0.060384,0.250526,0.0225,0.639628,0.141721,0
21,80,2079,0.397053,0.06057,0.23175,0.027658,0.617652,0.146552,0
21,81,2080,0.398714,0.064197,0.245542,0.025489,0.595994,0.139972,0
21,82,2081,0.405453,0.063948,0.251528,0.034135,0.654515,0.145844,0
21,83,2082,0.383007,0.070771,0.238044,0.034095,0.626837,0.143324,0
21,84,2083,0.394866,0.060653,0.246086,0.024793,0.64128,0.14487,0
21,85,2084,0.391205,0.051961,0.252114,0.032109,0.633016,0.127761,0
21,86,2085,0.399288,0.048568,0.242511,0.022876,0.649448,0.138701,0
21,87,2086,0.399235,0.064905,0.238064,0.029695,0.629697,0.138998,0
21,88,2087,0.40213,0.053858,0.220856,0.02996,0.637485,0.13673,0
21,89,2088,0.398263,0.053796,0.226532,0.02811,0.640795,0.13986,0
21,90,2089,0.404421,0.052357,0.237835,0.034469,0.617581,0.144263,0
21,91,2090,0.39207,0.063365,0.235811,0.019687,0.631614,0.140122,0
21,92,2091,0.392752,0.063065,0.23679,0.022975,0.647572,0.135985,0
21,93,2092,0.39419,0.060709,0.236543,0.024348,0.603998,0.14638,0
21,94,2093,0.404637,0.061124,0.234639,0.031029,0.64975,0.137708,0
21,95,2094,0.379231,0.06306,0.23063,0.037233,0.648528,0.146705,0
21,96,2095,0.378657,0.065576,0.225153,0.03539,0.640435,0.136692,0
21,97,2096,0.393176,0.065208,0.248251,0.029663,0.62512,0.144956,0
21,98,2097,0.402546,0.053918,0.24488,0.028924,0.625692,0.142869,0
21,99,2098,0.375277,0.059469,0.237411,0.026861,0.636835,0.136583,0
21,100,2099,0.399577,0.059479,0.233253,0.027803,0.635059,0.13599,0
22,1,2100,0.39876,0.050987,0.244546,0.026675,0.619488,0.146877,0
22,2,2101,0.399495,0.057514,0.234733,0.032106,0.64551,0.136561,0
22,3,2102,0.38096,0.049352,0.223438,0.027325,0.629056,0.141036,0
22,4,2103,0.395299,0.058008,0.23229,0.03466,0.613382,0.138718,0
22,5,2104,0.394592,0.057963,0.234747,0.034533,0.631709,0.148698,0
22,6,2105,0.393297,0.060721,0.232143,0.029533,0.631698,0.138801,0
22,7,2106,0.395649,0.065725,0.240201,0.039364,0.632118,0.142573,0
22,8,2107,0.387607,0.060139,0.234675,0.030738,0.628622,0.132054,0
22,9,2108,0.399273,0.051396,0.245523,0.025354,0.64028,0.140079,0
22,10,2109,0.386264,0.060874,0.246807,0.026337,0.622331,0.135007,0
22,11,2110,0.400014,0.050758,0.247047,0.030955,0.654158,0.140713,0
22,12,2111,0.396839,0.057629,0.246159,0.025176,0.655371,0.144319,0
22,13,2112,0.386569,0.058788,0.226428,0.036266,0.611271,0.127997,0
22,14,2113,0.403898,0.05835,0.244761,0.028408,0.636029,0.14652,0
22,15,2114,0.399004,0.061421,0.237464,0.032874,0.628465,0.137345,0
22,16,2115,0.410383,0.059548,0.234119,0.030962,0.642906,0.141195,0
22,17,2116,0.369275,0.064056,0.240031,0.028754,0.639052,0.148084,0
22,18,2117,0.385283,0.053876,0.217399,0.031364,0.643944,0.143631,0
22,19,2118,0.388457,0.053513,0.235153,0.024909,0.651631,0.128646,0
22,20,2119,0.397016,0.057608,0.233576,0.025079,0.63051,0.133163,0
22,21,2120,0.395722,0.060264,0.232684,0.025662,0.630125,0.151424,0
22,22,2121,0.385666,0.043804,0.230051,0.038313,0.637465,0.146216,0
22,23,2122,0.382813,0.059545,0.238241,0.028738,0.623877,0.141978,0
22,24,2123,0.395803,0.055697,0.22926,0.027061,0.652643,0.142985,0
22,25,2124,0.379423,0.063002,0.243518,0.029309,0.625634,0.127496,0
22,26,2125,0.386959,0.053687,0.246178,0.026183,0.651349,0.135596,0
22,27,2126,0.389834,0.063111,0.243306,0.033092,0.632134,0.133482,0
22,28,2127,0.408316,0.062471,0.235458,0.025024,0.64833,0.13701,0
22,29,2128,0.388501,0.055845,0.234314,0.023454,0.633549,0.131586,0
22,30,2129,0.387679,0.053225,0.238108,0.028088,0.630256,0.150253,0
22,31,2130,0.400687,0.057086,0.23829,0.028783,0.632031,0.132581,0
22,32,2131,0.373731,0.06486,0.253357,0.029371,0.637506,0.142556,0
22,33,2132,0.389136,0.068814,0.234534,0.032313,0.627299,0.14922,0
22,34,2133,0.399617,0.059362,0.237842,0.026002,0.598327,0.142456,0
22,35,2134,0.396817,0.063321,0.242395,0.018801,0.636659,0.133918,0
22,36,2135,0.39928,0.055939,0.228649,0.026918,0.607601,0.132408,0
22,37,2136,0.394365,0.05995,0.235666,0.026645,0.617751,0.134017,0
22,38,2137,0.377935,0.060767,0.231354,0.030135,0.639687,0.137857,0
22,39,2138,0.388171,0.062755,0.239934,0.036014,0.649413,0.137658,0
22,40,2139,0.388292,0.055179,0.231084,0.024937,0.633699,0.14601,0
22,41,2140,0.40314,0.058933,0.235474,0.028188,0.626401,0.139706,0
22,42,2141,0.385181,0.05871,0.239199,0.027337,0.615136,0.143276,0
22,43,2142,0.406296,0.056115,0.23726,0.033133,0.64847,0.141757,0
22,44,2143,0.372588,0.061531,0.246446,0.025311,0.625323,0.132366,0
22,45,2144,0.394984,0.055974,0.25694,0.022822,0.635055,0.129386,0
22,46,2145,0.401196,0.055794,0.232714,0.027434,0.615441,0.139444,0
22,47,2146,0.392005,0.056116,0.245025,0.032627,0.645298,0.137856,0
22,48,2147,0.390641,0.063036,0.242337,0.027368,0.615685,0.134366,0
22,49,2148,0.4002,0.05321,0.2272,0.025407,0.621454,0.13456,0
22,50,2149,0.415445,0.052303,0.224258,0.035263,0.643935,0.134436,0
22,51,2150,0.393867,0.050518,0.215644,0.025121,0.649794,0.146632,0
22,52,2151,0.395231,0.059175,0.240276,0.018382,0.665813,0.142265,0
22,53,2152,0.402273,0.059437,0.236177,0.030313,0.626487,0.137851,0
22,54,2153,0.395259,0.063904,0.222633,0.025278,0.628079,0.131031,0
22,55,2154,0.39081,0.047774,0.231993,0.028692,0.628156,0.138716,0
22,56,2155,0.38032,0.054694,0.230368,0.02731,0.635894,0.137775,0
22,57,2156,0.407284,0.060244,0.236218,0.030853,0.619411,0.122667,0
22,58,2157,0.392952,0.056176,0.228507,0.020607,0.644538,0.134043,0
22,59,2158,0.404645,0.061247,0.227522,0.033078,0.625619,0.131597,0
22,60,2159,0.378841,0.060701,0.233464,0.030879,0.630727,0.138521,0
22,61,2160,0.397694,0.050426,0.238185,0.022837,0.627397,0.14486,0
22,62,2161,0.400434,0.065891,0.257546,0.03029,0.610747,0.137778,0
22,63,2162,0.402331,0.052562,0.238119,0.018422,0.615636,0.135103,0
22,64,2163,0.386853,0.058388,0.23442,0.028614,0.635744,0.133051,0
22,65,2164,0.41108,0.062285,0.232232,0.027203,0.629361,0.138672,0
22,66,2165,0.396124,0.046117,0.233632,0.034166,0.609789,0.125455,0
22,67,2166,0.394954,0.047157,0.221555,0.028731,0.612569,0.13584,0
22,68,2167,0.409798,0.059612,0.244683,0.032012,0.624839,0.133823,0
22,69,2168,0.385096,0.065265,0.228993,0.029178,0.623811,0.132255,0
22,70,2169,0.388503,0.053299,0.235258,0.027905,0.613049,0.132384,0
22,71,2170,0.39174,0.056895,0.232012,0.02629,0.615365,0.12556,0
22,72,2171,0.387206,0.05485,0.231946,0.033269,0.615179,0.136532,0
22,73,2172,0.393844,0.056846,0.241184,0.028163,0.647173,0.135107,0
22,74,2173,0.395271,0.056703,0.232733,0.019812,0.602798,0.144695,0
22,75,2174,0.37527,0.051286,0.240209,0.02785,0.632532,0.134698,0
22,76,2175,0.37931,0.063514,0.247288,0.024095,0.612751,0.132663,0
22,77,2176,0.396195,0.056234,0.233803,0.037892,0.619618,0.14456,0
22,78,2177,0.371889,0.056615,0.230572,0.02831,0.613084,0.139228,0
22,79,2178,0.387278,0.051143,0.237473,0.035244,0.626593,0.137374,0
22,80,2179,0.397633,0.05589,0.237858,0.03024,0.62985,0.137977,0
22,81,2180,0.390574,0.056307,0.230421,0.029164,0.636499,0.141725,0
22,82,2181,0.37932,0.054932,0.235212,0.027236,0.618888,0.132743,0
22,83,2182,0.414334,0.056465,0.242947,0.02586,0.632332,0.135141,0
22,84,2183,0.406366,0.04888,0.242105,0.028645,0.61314,0.146222,0
22,85,2184,0.392568,0.059848,0.238014,0.034222,0.640972,0.136071,0
22,86,2185,0.387236,0.053538,0.244397,0.024978,0.620283,0.133013,0
22,87,2186,0.37753,0.06209,0.231185,0.03622,0.628768,0.142023,0
22,88,2187,0.396353,0.057436,0.243136,0.038074,0.621802,0.13916,0
22,89,2188,0.391022,0.045451,0.232759,0.032118,0.615778,0.139886,0
22,90,2189,0.399608,0.059625,0.237694,0.032174,0.627317,0.124462,0
22,91,2190,0.397074,0.060681,0.241834,0.030056,0.636415,0.12484,0
22,92,2191,0.386867,0.064261,0.243016,0.030739,0.622541,0.128308,0
22,93,2192,0.394499,0.048232,0.235077,0.020427,0.63429,0.130082,0
22,94,2193,0.395944,0.057302,0.251744,0.03061,0.616821,0.137325,0
22,95,2194,0.39311,0.05802,0.222641,0.028305,0.623805,0.128035,0
22,96,2195,0.390207,0.04904,0.231964,0.026178,0.626722,0.134663,0
22,97,2196,0.390872,0.060895,0.236349,0.033732,0.637918,0.1431,0
22,98,2197,0.378619,0.059297,0.243837,0.033626,0.614991,0.138034,0
22,99,2198,0.376227,0.052194,0.219575,0.028598,0.651326,0.133794,0
22,100,2199,0.388887,0.05785,0.237168,0.024628,0.622951,0.138482,0
23,1,2200,0.393354,0.057779,0.240001,0.025621,0.616371,0.133251,0
23,2,2201,0.400441,0.05243,0.237451,0.025473,0.611721,0.146303,0
23,3,2202,0.392047,0.057303,0.239278,0.035985,0.614514,0.130469,0
23,4,2203,0.397851,0.052991,0.242917,0.031183,0.626034,0.1304,0
23,5,2204,0.37886,0.051921,0.228858,0.026317,0.623491,0.139631,0
23,6,2205,0.39252,0.05902,0.220396,0.032236,0.613683,0.131189,0
23,7,2206,0.394569,0.056589,0.231505,0.034055,0.632017,0.135633,0
23,8,2207,0.411398,0.050422,0.234695,0.026784,0.619547,0.131064,0
23,9,2208,0.377553,0.060758,0.238948,0.026396,0.629751,0.132813,0
23,10,2209,0.396104,0.058838,0.235666,0.026344,0.620995,0.131777,0
23,11,2210,0.394725,0.056138,0.247853,0.023882,0.615267,0.134498,0
23,12,2211,0.395477,0.057022,0.216715,0.027423,0.613418,0.13095,0
23,13,2212,0.407018,0.057085,0.216365,0.029022,0.620704,0.127034,0
23,14,2213,0.382665,0.047521,0.217517,0.025207,0.621094,0.130514,0
23,15,2214,0.393928,0.056718,0.240112,0.025235,0.609745,0.130446,0
23,16,2215,0.383794,0.061224,0.239957,0.029951,0.624379,0.142243,0
23,17,2216,0.400443,0.055818,0.228151,0.030048,0.617458,0.128495,0
23,18,2217,0.391208,0.063244,0.231169,0.026601,0.639916,0.139404,0
23,19,2218,0.380981,0.05037,0.233752,0.025787,0.641795,0.124031,0
23,20,2219,0.394264,0.042684,0.219547,0.026756,0.638753,0.144757,0
23,21,2220,0.380631,0.058766,0.245628,0.032824,0.622052,0.128369,0
23,22,2221,0.384945,0.046503,0.23049,0.026674,0.600464,0.134762,0
23,23,2222,0.375576,0.059213,0.241075,0.029858,0.610158,0.12695,0
23,24,2223,0.383256,0.061998,0.230104,0.020195,0.619471,0.136192,0
23,25,2224,0.40374,0.049946,0.22989,0.03394,0.598472,0.132958,0
23,26,2225,0.395351,0.058927,0.224922,0.033243,0.607599,0.126408,0
23,27,2226,0.390767,0.057634,0.247445,0.029475,0.614498,0.137279,0
23,28,2227,0.389296,0.057463,0.218945,0.018727,0.603823,0.143665,0
23,29,2228,0.382181,0.05424,0.232802,0.034295,0.628774,0.13547,0
23,30,2229,0.399233,0.059927,0.240249,0.02709,0.616432,0.127911,0
23,31,2230,0.392168,0.054258,0.236551,0.029652,0.608883,0.126561,0
23,32,2231,0.379646,0.063858,0.220803,0.035782,0.624987,0.138987,0
23,33,2232,0.405018,0.049948,0.231789,0.024269,0.601087,0.129073,0
23,34,2233,0.408185,0.065769,0.256971,0.035292,0.649658,0.134961,0
23,35,2234,0.388301,0.056068,0.238997,0.025797,0.604749,0.135162,0
23,36,2235,0.386822,0.053439,0.24183,0.026983,0.635125,0.134186,0
23,37,2236,0.375284,0.05697,0.239714,0.031603,0.604894,0.123806,0
23,38,2237,0.39036,0.051387,0.221266,0.024894,0.612021,0.138504,0
23,39,2238,0.395632,0.058494,0.223423,0.027285,0.62505,0.133839,0
23,40,2239,0.394413,0.063118,0.22748,0.025428,0.618374,0.134577,0
23,41,2240,0.376748,0.057184,0.226862,0.027027,0.641296,0.124411,0
23,42,2241,0.389481,0.060421,0.234127,0.027123,0.636661,0.134753,0
23,43,2242,0.359138,0.054777,0.224115,0.024263,0.638335,0.130491,0
23,44,2243,0.377013,0.058952,0.229979,0.028799,0.619212,0.131855,0
23,45,2244,0.394216,0.063192,0.23106,0.025985,0.61421,0.141499,0
23,46,2245,0.368319,0.05095,0.234491,0.027416,0.626577,0.131597,0
23,47,2246,0.388476,0.060807,0.219429,0.0272,0.62197,0.136232,0
23,48,2247,0.391655,0.057446,0.242079,0.030576,0.61951,0.13664,0
23,49,2248,0.395548,0.054813,0.235456,0.031365,0.628706,0.139961,0
23,50,2249,0.382937,0.057579,0.236281,0.029964,0.63802,0.122425,0
23,51,2250,0.393181,0.057961,0.230567,0.027525,0.628375,0.136301,0
23,52,2251,0.396434,0.058913,0.224275,0.030819,0.642223,0.13231,0
23,53,2252,0.387102,0.051754,0.243474,0.034042,0.61865,0.139466,0
23,54,2253,0.388648,0.058608,0.22567,0.02791,0.645473,0.12941,0
23,55,2254,0.385662,0.056028,0.246401,0.029674,0.628198,0.141985,0
23,56,2255,0.404933,0.055583,0.239499,0.024401,0.624262,0.125768,0
23,57,2256,0.378423,0.053364,0.213973,0.0228,0.628909,0.134406,0
23,58,2257,0.378368,0.05847,0.231365,0.02613,0.618347,0.147647,0
23,59,2258,0.394914,0.050028,0.219506,0.025016,0.628474,0.130208,0
23,60,2259,0.378987,0.054376,0.220119,0.028693,0.622034,0.137003,0
23,61,2260,0.374215,0.053569,0.244054,0.026117,0.602809,0.128121,0
23,62,2261,0.39366,0.047549,0.234669,0.027493,0.612742,0.133534,0
23,63,2262,0.379917,0.052828,0.228097,0.030138,0.625573,0.11641,0
23,64,2263,0.383437,0.054199,0.229294,0.029373,0.627601,0.127469,0
23,65,2264,0.371363,0.052335,0.242865,0.021335,0.614799,0.128526,0
23,66,2265,0.381952,0.049546,0.232125,0.028431,0.60817,0.137982,0
23,67,2266,0.383419,0.055896,0.230315,0.033171,0.620115,0.132073,0
23,68,2267,0.389027,0.058758,0.226514,0.027836,0.62085,0.13414,0
23,69,2268,0.372942,0.054804,0.224752,0.025335,0.604229,0.129541,0
23,70,2269,0.391342,0.055371,0.229514,0.019159,0.612982,0.127361,0
23,71,2270,0.389746,0.060915,0.227353,0.024861,0.630855,0.132897,0
23,72,2271,0.392227,0.053627,0.226382,0.032596,0.620804,0.132017,0
23,73,2272,0.391899,0.05898,0.235451,0.0295,0.60946,0.142702,0
23,74,2273,0.372982,0.054049,0.22724,0.027813,0.622261,0.126072,0
23,75,2274,0.373177,0.05025,0.238666,0.02757,0.619894,0.137914,0
23,76,2275,0.379824,0.052759,0.242466,0.020446,0.603669,0.123556,0
23,77,2276,0.382933,0.046407,0.229621,0.030706,0.620955,0.131073,0
23,78,2277,0.387619,0.049501,0.236929,0.03077,0.611496,0.136045,0
23,79,2278,0.406442,0.048972,0.237816,0.03244,0.606112,0.128209,0
23,80,2279,0.382486,0.053429,0.238334,0.019627,0.605993,0.13565,0
23,81,2280,0.391597,0.061034,0.231208,0.023168,0.628099,0.141938,0
23,82,2281,0.396852,0.054957,0.217592,0.028964,0.605774,0.123946,0
23,83,2282,0.377553,0.056027,0.236172,0.027827,0.620999,0.133826,0
23,84,2283,0.377357,0.053815,0.230501,0.028887,0.63058,0.133573,0
23,85,2284,0.378111,0.047598,0.225637,0.028129,0.618293,0.142629,0
23,86,2285,0.392901,0.059729,0.228579,0.022852,0.611812,0.131379,0
23,87,2286,0.389868,0.049253,0.219152,0.022652,0.614308,0.125474,0
23,88,2287,0.391394,0.050956,0.220958,0.024828,0.624908,0.136725,0
23,89,2288,0.402892,0.051824,0.243253,0.026078,0.629198,0.135611,0
23,90,2289,0.373337,0.04531,0.238365,0.035385,0.613788,0.136455,0
23,91,2290,0.385247,0.052972,0.2356,0.030599,0.622342,0.133865,0
23,92,2291,0.394427,0.047757,0.236225,0.030113,0.603035,0.127623,0
23,93,2292,0.373198,0.058164,0.225059,0.019398,0.622877,0.12574,0
23,94,2293,0.392422,0.055057,0.210496,0.028598,0.613083,0.13971,0
23,95,2294,0.378195,0.05017,0.230975,0.025618,0.632536,0.13026,0
23,96,2295,0.394901,0.053264,0.229384,0.031291,0.605423,0.117739,0
23,97,2296,0.382705,0.046278,0.239248,0.027694,0.620988,0.133638,0
23,98,2297,0.394225,0.059762,0.23686,0.029083,0.595391,0.131,0
23,99,2298,0.396404,0.049287,0.230692,0.028014,0.626969,0.121006,0
23,100,2299,0.359736,0.054813,0.235768,0.031954,0.608609,0.131997,0
24,1,2300,0.394153,0.055372,0.226156,0.027566,0.614328,0.13568,0
24,2,2301,0.378741,0.049291,0.232342,0.023403,0.625527,0.134523,0
24,3,2302,0.377203,0.045938,0.226162,0.026779,0.622097,0.131837,0
24,4,2303,0.381083,0.062162,0.215461,0.025162,0.602902,0.129738,0
24,5,2304,0.387355,0.047392,0.226175,0.02696,0.624553,0.145478,0
24,6,2305,0.383812,0.054805,0.226695,0.028831,0.588343,0.134169,0
24,7,2306,0.399357,0.047572,0.233002,0.030116,0.617564,0.121135,0
24,8,2307,0.379375,0.052308,0.227733,0.022169,0.617419,0.127207,0
24,9,2308,0.400857,0.052782,0.224334,0.021041,0.64168,0.134733,0
24,10,2309,0.398112,0.047064,0.224702,0.026381,0.602439,0.130151,0
24,11,2310,0.38743,0.059642,0.233902,0.026598,0.607183,0.135685,0
24,12,2311,0.384705,0.059408,0.226008,0.024899,0.600218,0.133294,0
24,13,2312,0.376732,0.056446,0.221816,0.022823,0.625796,0.129643,0
24,14,2313,0.384339,0.054521,0.241708,0.032093,0.628799,0.126837,0
24,15,2314,0.398068,0.059534,0.230684,0.029771,0.623825,0.131474,0
24,16,2315,0.376369,0.05027,0.224938,0.020453,0.616514,0.130307,0
24,17,2316,0.397443,0.060772,0.224463,0.021112,0.625889,0.138813,0
24,18,2317,0.364183,0.055488,0.234934,0.031838,0.631796,0.135948,0
24,19,2318,0.38944,0.049678,0.242261,0.020002,0.621363,0.132377,0
24,20,2319,0.363432,0.050963,0.226319,0.031257,0.605086,0.133147,0
24,21,2320,0.361623,0.064076,0.229271,0.015622,0.605787,0.125146,0
24,22,2321,0.377324,0.049498,0.221101,0.030077,0.628734,0.128843,0
24,23,2322,0.38461,0.05471,0.228585,0.028364,0.617945,0.124015,0
24,24,2323,0.400606,0.055642,0.246077,0.031471,0.616886,0.125971,0
24,25,2324,0.385231,0.050575,0.236944,0.026915,0.624148,0.124427,0
24,26,2325,0.395726,0.058387,0.22957,0.026089,0.635396,0.128507,0
24,27,2326,0.365081,0.047343,0.233467,0.029545,0.618831,0.137096,0
24,28,2327,0.389593,0.054308,0.225586,0.02862,0.614792,0.12656,0
24,29,2328,0.397409,0.054381,0.230618,0.020988,0.634392,0.136378,0
24,30,2329,0.383959,0.052784,0.235593,0.024906,0.610899,0.133846,0
24,31,2330,0.385433,0.060092,0.236568,0.031002,0.61436,0.13907,0
24,32,2331,0.404968,0.055663,0.236728,0.026538,0.611005,0.126405,0
24,33,2332,0.387599,0.063293,0.230842,0.020725,0.633172,0.122714,0
24,34,2333,0.387522,0.046113,0.224038,0.020747,0.620821,0.13711,0
24,35,2334,0.392608,0.050025,0.214119,0.022375,0.606137,0.13923,0
24,36,2335,0.384728,0.046823,0.234065,0.022739,0.60321,0.132203,0
24,37,2336,0.372801,0.050297,0.234044,0.031315,0.587151,0.130444,0
24,38,2337,0.369778,0.050421,0.230361,0.030662,0.617292,0.135575,0
24,39,2338,0.381263,0.056718,0.23812,0.026029,0.601811,0.131874,0
24,40,2339,0.376262,0.049881,0.235879,0.02498,0.607484,0.137355,0
24,41,2340,0.376874,0.057534,0.22893,0.027685,0.609647,0.134939,0
24,42,2341,0.401083,0.053327,0.224364,0.020629,0.635107,0.126458,0
24,43,2342,0.384329,0.054009,0.247468,0.017811,0.615212,0.128149,0
24,44,2343,0.380187,0.054081,0.229521,0.021316,0.617136,0.134006,0
24,45,2344,0.396156,0.05734,0.236335,0.02668,0.626176,0.139105,0
24,46,2345,0.382353,0.055968,0.236352,0.02624,0.605598,0.139155,0
24,47,2346,0.369429,0.048362,0.239599,0.031663,0.611431,0.132598,0
24,48,2347,0.404831,0.059934,0.232425,0.023106,0.609541,0.125435,0
24,49,2348,0.379189,0.045768,0.246616,0.02747,0.617639,0.127026,0
24,50,2349,0.379318,0.056568,0.236779,0.02957,0.623939,0.140352,0
24,51,2350,0.387439,0.0435,0.228264,0.023029,0.614777,0.124754,0
24,52,2351,0.394486,0.061076,0.216062,0.021694,0.647054,0.135527,0
24,53,2352,0.381831,0.043291,0.223261,0.026033,0.60325,0.125929,0
24,54,2353,0.385131,0.054153,0.234126,0.024561,0.626724,0.132071,0
24,55,2354,0.380579,0.051829,0.233454,0.028999,0.61788,0.131413,0
24,56,2355,0.390029,0.055342,0.221472,0.027572,0.619375,0.136377,0
24,57,2356,0.391668,0.051347,0.232616,0.023956,0.624844,0.119662,0
24,58,2357,0.391804,0.048957,0.23001,0.026673,0.616647,0.123005,0
24,59,2358,0.375422,0.045026,0.235886,0.028021,0.616832,0.138099,0
24,60,2359,0.38271,0.052389,0.239683,0.034738,0.606102,0.134232,0
24,61,2360,0.384472,0.051135,0.20052,0.032539,0.602863,0.127751,0
24,62,2361,0.384352,0.052558,0.223438,0.026987,0.610723,0.134737,0
24,63,2362,0.389153,0.049561,0.221913,0.024019,0.609828,0.128557,0
24,64,2363,0.389582,0.059371,0.213827,0.020156,0.622994,0.138529,0
24,65,2364,0.398179,0.048408,0.241717,0.025648,0.614656,0.124765,0
24,66,2365,0.398997,0.059903,0.228977,0.038784,0.62701,0.132293,0
24,67,2366,0.36725,0.048012,0.240038,0.028288,0.60336,0.128205,0
24,68,2367,0.372862,0.054408,0.231391,0.022935,0.629696,0.127217,0
24,69,2368,0.382145,0.054682,0.219483,0.02957,0.636629,0.121383,0
24,70,2369,0.408446,0.058818,0.231187,0.021399,0.598647,0.133408,0
24,71,2370,0.381588,0.053267,0.23194,0.024542,0.621442,0.123729,0
24,72,2371,0.387456,0.05849,0.225227,0.023646,0.590059,0.116756,0
24,73,2372,0.370539,0.048205,0.241028,0.029783,0.595101,0.126186,0
24,74,2373,0.373263,0.050849,0.237535,0.030996,0.601335,0.131573,0
24,75,2374,0.378329,0.046199,0.238084,0.03247,0.605153,0.124886,0
24,76,2375,0.370106,0.05176,0.228278,0.023167,0.614632,0.12455,0
24,77,2376,0.366309,0.042198,0.236066,0.023279,0.635538,0.140551,0
24,78,2377,0.390526,0.049233,0.208035,0.028983,0.610216,0.131278,0
24,79,2378,0.37683,0.055973,0.225825,0.024778,0.591527,0.129207,0
24,80,2379,0.373709,0.050941,0.245942,0.024984,0.604393,0.132144,0
24,81,2380,0.390939,0.055022,0.201583,0.025162,0.594326,0.135345,0
24,82,2381,0.368919,0.059851,0.226472,0.033411,0.612705,0.131611,0
24,83,2382,0.386984,0.059574,0.22996,0.025992,0.616582,0.137195,0
24,84,2383,0.362278,0.056392,0.217,0.02631,0.607971,0.120003,0
24,85,2384,0.377674,0.056149,0.247326,0.02961,0.601542,0.129902,0
24,86,2385,0.392891,0.038451,0.2216,0.02587,0.597017,0.106249,0
24,87,2386,0.375447,0.047295,0.228752,0.027512,0.603497,0.13665,0
24,88,2387,0.369405,0.051195,0.237297,0.022835,0.616191,0.128957,0
24,89,2388,0.373618,0.055922,0.23452,0.024532,0.594992,0.131576,0
24,90,2389,0.383095,0.049035,0.216205,0.024702,0.624275,0.135578,0
24,91,2390,0.386458,0.052693,0.21946,0.022478,0.601514,0.136708,0
24,92,2391,0.380984,0.050167,0.227029,0.023946,0.625588,0.128157,0
24,93,2392,0.370122,0.052703,0.236739,0.031971,0.594866,0.119128,0
24,94,2393,0.383946,0.055541,0.217328,0.023782,0.582207,0.127355,0
24,95,2394,0.395848,0.052823,0.216079,0.027563,0.63079,0.131034,0
24,96,2395,0.371538,0.051746,0.212736,0.035106,0.610076,0.133351,0
24,97,2396,0.394458,0.046459,0.230911,0.027812,0.609207,0.123412,0
24,98,2397,0.388242,0.054918,0.227919,0.023757,0.633528,0.120278,0
24,99,2398,0.37752,0.057528,0.233229,0.026138,0.614164,0.130953,0
24,100,2399,0.373239,0.053013,0.207081,0.025879,0.621196,0.131643,0
25,1,2400,0.391033,0.059126,0.23158,0.024736,0.580238,0.133869,0
25,2,2401,0.373069,0.056806,0.225912,0.025852,0.607248,0.130669,0
25,3,2402,0.372691,0.048531,0.235022,0.022,0.618441,0.128548,0
25,4,2403,0.382953,0.053911,0.235968,0.031967,0.610172,0.131614,0
25,5,2404,0.363966,0.052995,0.238912,0.028293,0.594871,0.134465,0
25,6,2405,0.389929,0.047173,0.242096,0.030541,0.604866,0.130606,0
25,7,2406,0.382082,0.066326,0.228761,0.028267,0.596285,0.117772,0
25,8,2407,0.382943,0.044761,0.233075,0.022608,0.614745,0.1334,0
25,9,2408,0.395036,0.056205,0.228976,0.031794,0.608359,0.124037,0
25,10,2409,0.387267,0.058769,0.227918,0.030762,0.604709,0.12304,0
25,11,2410,0.366813,0.061848,0.231214,0.025518,0.627864,0.119886,0
25,12,2411,0.37801,0.064014,0.233955,0.031114,0.623139,0.12768,0
25,13,2412,0.369531,0.05143,0.227605,0.032637,0.614159,0.141816,0
25,14,2413,0.375797,0.059202,0.226733,0.019999,0.604019,0.120424,0
25,15,2414,0.375784,0.052586,0.226836,0.024854,0.596792,0.125716,0
25,16,2415,0.388724,0.045605,0.235458,0.027752,0.599303,0.128643,0
25,17,2416,0.384002,0.047365,0.243463,0.018123,0.613654,0.129721,0
25,18,2417,0.390842,0.05112,0.218,0.021451,0.608136,0.117911,0
25,19,2418,0.397368,0.060247,0.224645,0.022343,0.574427,0.125023,0
25,20,2419,0.376951,0.048847,0.23043,0.030954,0.588009,0.119343,0
25,21,2420,0.376406,0.060135,0.21648,0.029525,0.605581,0.131039,0
25,22,2421,0.386318,0.051263,0.237412,0.030677,0.594817,0.132314,0
25,23,2422,0.385461,0.047384,0.233635,0.023759,0.599272,0.13158,0
25,24,2423,0.389262,0.052083,0.215677,0.029193,0.601281,0.118892,0
25,25,2424,0.370201,0.045301,0.232395,0.028983,0.596635,0.132756,0
25,26,2425,0.390661,0.053071,0.2237,0.025526,0.611289,0.119705,0
25,27,2426,0.381052,0.051895,0.221998,0.029022,0.593385,0.123081,0
25,28,2427,0.370693,0.05262,0.22096,0.024941,0.607566,0.130552,0
25,29,2428,0.367815,0.053381,0.231569,0.028476,0.597126,0.132654,0
25,30,2429,0.375795,0.045108,0.224804,0.026596,0.583771,0.124762,0
25,31,2430,0.380625,0.052029,0.228957,0.028118,0.617338,0.117719,0
25,32,2431,0.377787,0.050786,0.202248,0.020714,0.611746,0.134274,0
25,33,2432,0.397659,0.056386,0.223889,0.034408,0.592286,0.118209,0
25,34,2433,0.374701,0.05533,0.226738,0.025637,0.606066,0.113136,0
25,35,2434,0.369871,0.050161,0.238213,0.025362,0.589414,0.122221,0
25,36,2435,0.384209,0.043488,0.229404,0.027185,0.605506,0.12353,0
25,37,2436,0.366749,0.05811,0.233979,0.0245,0.609346,0.129258,0
25,38,2437,0.386498,0.05145,0.223415,0.031161,0.612867,0.121913,0
25,39,2438,0.357142,0.046628,0.229762,0.017922,0.583766,0.125237,0
25,40,2439,0.393874,0.051631,0.223849,0.020381,0.600264,0.131075,0
25,41,2440,0.383471,0.057582,0.227402,0.031069,0.59608,0.12636,0
25,42,2441,0.367805,0.049571,0.211893,0.027968,0.619681,0.132234,0
25,43,2442,0.384897,0.054232,0.232171,0.022957,0.602238,0.127161,0
25,44,2443,0.3655,0.05229,0.233956,0.025607,0.637738,0.121191,0
25,45,2444,0.388457,0.054395,0.235242,0.025782,0.624435,0.134379,0
25,46,2445,0.362277,0.058709,0.228444,0.030945,0.603088,0.115512,0
25,47,2446,0.367698,0.056809,0.242907,0.02473,0.603129,0.128048,0
25,48,2447,0.395469,0.050399,0.21989,0.023722,0.617114,0.114735,0
25,49,2448,0.397911,0.053906,0.237092,0.030747,0.60265,0.132109,0
25,50,2449,0.383317,0.052827,0.227355,0.025569,0.60686,0.128423,0
25,51,2450,0.375721,0.0468,0.22272,0.026545,0.595527,0.132175,0
25,52,2451,0.371062,0.046825,0.235558,0.02601,0.60149,0.130662,0
25,53,2452,0.391246,0.048908,0.24004,0.020146,0.607649,0.125326,0
25,54,2453,0.358111,0.049482,0.235244,0.02335,0.592915,0.131212,0
25,55,2454,0.39005,0.045084,0.222703,0.028926,0.588897,0.137032,0
25,56,2455,0.385974,0.050139,0.222518,0.025278,0.612152,0.120431,0
25,57,2456,0.369851,0.05265,0.224702,0.024809,0.620685,0.125809,0
25,58,2457,0.372115,0.04751,0.222294,0.032083,0.611978,0.124219,0
25,59,2458,0.390857,0.057316,0.244151,0.029466,0.608607,0.134007,0
25,60,2459,0.376408,0.057664,0.219383,0.021562,0.606118,0.130535,0
25,61,2460,0.390684,0.056802,0.229026,0.025038,0.624027,0.126292,0
25,62,2461,0.385303,0.045795,0.216258,0.024199,0.611634,0.128839,0
25,63,2462,0.373626,0.045093,0.235583,0.025356,0.584966,0.126274,0
25,64,2463,0.376912,0.046214,0.222209,0.022394,0.594353,0.120062,0
25,65,2464,0.382666,0.051724,0.235638,0.032907,0.611008,0.128778,0
25,66,2465,0.377252,0.050553,0.217877,0.028706,0.602424,0.134747,0
25,67,2466,0.389167,0.037876,0.241462,0.019986,0.608661,0.128584,0
25,68,2467,0.355195,0.049024,0.224237,0.017133,0.603184,0.119535,0
25,69,2468,0.396211,0.049359,0.229403,0.024468,0.583081,0.124732,0
25,70,2469,0.373617,0.043336,0.231086,0.026988,0.612601,0.124285,0
25,71,2470,0.376409,0.057558,0.22613,0.025118,0.607407,0.122318,0
25,72,2471,0.367246,0.049435,0.241386,0.029461,0.606016,0.13518,0
25,73,2472,0.371795,0.060579,0.241835,0.018267,0.619845,0.124137,0
25,74,2473,0.366271,0.05305,0.218284,0.025978,0.618184,0.128129,0
25,75,2474,0.362235,0.046326,0.222338,0.028407,0.60695,0.128991,0
25,76,2475,0.391131,0.047011,0.229102,0.024802,0.608756,0.122117,0
25,77,2476,0.386113,0.051268,0.222239,0.036528,0.590021,0.131007,0
25,78,2477,0.378002,0.047909,0.229106,0.026497,0.633972,0.132115,0
25,79,2478,0.394495,0.045588,0.224198,0.017591,0.608465,0.130749,0
25,80,2479,0.368861,0.048708,0.226587,0.031587,0.591382,0.127377,0
25,81,2480,0.382054,0.054208,0.221162,0.031951,0.600266,0.124137,0
25,82,2481,0.379153,0.046766,0.245724,0.034425,0.600197,0.128689,0
25,83,2482,0.377096,0.050157,0.213375,0.026232,0.600932,0.127413,0
25,84,2483,0.384599,0.053006,0.236678,0.027149,0.598989,0.129211,0
25,85,2484,0.378544,0.061242,0.218525,0.020689,0.60567,0.127655,0
25,86,2485,0.369469,0.042873,0.227715,0.02002,0.584676,0.123166,0
25,87,2486,0.385493,0.057446,0.230649,0.026607,0.631189,0.117483,0
25,88,2487,0.384586,0.045366,0.231497,0.027449,0.6108,0.130161,0
25,89,2488,0.380902,0.046557,0.217642,0.032179,0.591215,0.129208,0
25,90,2489,0.358968,0.054676,0.224866,0.02271,0.59787,0.131551,0
25,91,2490,0.364109,0.044857,0.231324,0.019989,0.599382,0.141386,0
25,92,2491,0.36484,0.044043,0.231637,0.023961,0.614803,0.126129,0
25,93,2492,0.379291,0.046189,0.234297,0.027242,0.590306,0.123936,0
25,94,2493,0.362206,0.04831,0.240581,0.024801,0.603961,0.131972,0
25,95,2494,0.373063,0.056643,0.234138,0.028339,0.60001,0.132557,0
25,96,2495,0.38537,0.059084,0.225499,0.024,0.617141,0.133981,0
25,97,2496,0.38839,0.042371,0.212378,0.024367,0.601549,0.11876,0
25,98,2497,0.370346,0.060227,0.228528,0.029544,0.582765,0.116301,0
25,99,2498,0.365001,0.050757,0.215179,0.022146,0.602477,0.122104,0
25,100,2499,0.35619,0.052403,0.229811,0.02738,0.58917,0.131066,0
26,1,2500,-0.113798,-0.671925,0.657825,0.34695,-0.586505,0.703638,1
26,2,2501,-0.031275,0.889527,0.847894,-0.319126,-0.019861,0.583001,1
26,3,2502,1.264447,-0.606419,0.676038,-0.856817,1.436243,-0.362296,1
26,4,2503,-0.826983,0.721095,-0.826612,-0.728738,1.290204,-0.742434,1
26,5,2504,1.047915,0.554334,-0.846733,0.926193,-0.348878,-0.191231,1
26,6,2505,-0.263942,0.705515,1.389444,-0.472297,1.114606,0.603894,1
26,7,2506,1.515643,0.93756,1.293801,0.712349,-0.514837,0.675345,1
26,8,2507,0.773845,0.509799,-0.620133,-0.668121,1.386562,0.895723,1
26,9,2508,1.395184,-0.431004,-0.282824,-0.353263,1.537681,-0.632606,1
26,10,2509,1.226811,0.500705,-0.37186,0.859319,1.11832,0.48731,1
26,11,2510,-0.479399,0.818269,-0.643368,0.923755,-0.02281,0.615828,1
26,12,2511,-0.31258,-0.677772,-0.230331,-0.872967,-0.599999,-0.559562,1
26,13,2512,1.238653,-0.852539,-0.886339,0.626299,-0.216027,0.595321,1
26,14,2513,-0.412632,-0.289084,-0.884168,0.894921,1.529006,-0.420732,1
26,15,2514,1.314539,0.736389,0.780448,-0.359287,0.08783,0.498067,1
26,16,2515,-0.433173,-0.39465,1.354869,0.753282,1.54015,-0.372062,1
26,17,2516,0.384904,0.059465,0.230423,0.030423,0.618641,0.133309,1
26,18,2517,0.374066,0.05116,0.223692,0.024678,0.617447,0.119949,0
26,19,2518,0.365525,0.044257,0.210849,0.026762,0.597801,0.119505,0
26,20,2519,0.372313,0.046052,0.216718,0.023856,0.60412,0.12245,0
26,21,2520,0.384455,0.049801,0.224947,0.023497,0.587724,0.118863,0
26,22,2521,0.378575,0.049992,0.226735,0.026148,0.589505,0.122418,0
26,23,2522,0.384102,0.050399,0.235268,0.029739,0.581674,0.123003,0
26,24,2523,0.37161,0.049047,0.220619,0.028966,0.58084,0.121746,0
26,25,2524,0.376972,0.051201,0.221774,0.029256,0.614329,0.123865,0
26,26,2525,0.380019,0.04353,0.238617,0.02931,0.583613,0.119516,0
26,27,2526,0.379146,0.047683,0.236418,0.024773,0.626967,0.127836,0
26,28,2527,0.384637,0.051361,0.229363,0.019974,0.576187,0.12394,0
26,29,2528,0.390692,0.056046,0.224325,0.029455,0.616031,0.123679,0
26,30,2529,0.349431,0.050822,0.229894,0.025288,0.601816,0.123869,0
26,31,2530,0.369822,0.046311,0.234964,0.028615,0.600877,0.128716,0
26,32,2531,0.386398,0.045994,0.216083,0.025004,0.598745,0.127955,0
26,33,2532,0.382612,0.043945,0.21916,0.015947,0.609715,0.126142,0
26,34,2533,0.352748,0.044414,0.220396,0.021675,0.594102,0.125487,0
26,35,2534,0.373212,0.052878,0.216587,0.023889,0.602879,0.124047,0
26,36,2535,0.370131,0.043436,0.225927,0.02505,0.585286,0.127442,0
26,37,2536,0.365924,0.045459,0.210491,0.032658,0.591733,0.118769,0
26,38,2537,0.366198,0.05645,0.2139,0.018476,0.603661,0.123247,0
26,39,2538,0.374467,0.049006,0.212615,0.017948,0.588555,0.117354,0
26,40,2539,0.368578,0.048355,0.223513,0.026206,0.592962,0.119825,0
26,41,2540,0.387191,0.047574,0.22367,0.024045,0.599575,0.121281,0
26,42,2541,0.383439,0.054459,0.213035,0.01987,0.599333,0.128394,0
26,43,2542,0.386838,0.052589,0.232204,0.022814,0.5904,0.129433,0
26,44,2543,0.363718,0.046584,0.230711,0.018531,0.604109,0.119461,0
26,45,2544,0.370593,0.047684,0.220125,0.022274,0.612317,0.12383,0
26,46,2545,0.368671,0.045894,0.229773,0.021536,0.569445,0.124,0
26,47,2546,0.381816,0.035412,0.23623,0.028759,0.588783,0.120915,0
26,48,2547,0.366311,0.040976,0.2405,0.028354,0.598122,0.124645,0
26,49,2548,0.351736,0.047286,0.219921,0.023874,0.60541,0.11282,0
26,50,2549,0.374093,0.053181,0.236581,0.023365,0.606046,0.127791,0
26,51,2550,0.368505,0.043673,0.214447,0.025888,0.595347,0.121007,0
26,52,2551,0.363318,0.047648,0.230035,0.020396,0.598431,0.123137,0
26,53,2552,0.356683,0.049508,0.212522,0.02877,0.594736,0.120009,0
26,54,2553,0.364873,0.039794,0.233886,0.031961,0.575677,0.118515,0
26,55,2554,0.371987,0.048332,0.22664,0.020616,0.597992,0.116683,0
26,56,2555,0.368205,0.046036,0.230899,0.024213,0.59707,0.123215,0
26,57,2556,0.369013,0.050273,0.221441,0.020984,0.592636,0.121357,0
26,58,2557,0.366616,0.04861,0.2255,0.026129,0.615271,0.123121,0
26,59,2558,0.365723,0.038161,0.22447,0.02701,0.564695,0.12439,0
26,60,2559,0.360091,0.052686,0.223304,0.026774,0.59377,0.125516,0
26,61,2560,0.374841,0.055049,0.222134,0.019898,0.603313,0.131809,0
26,62,2561,0.348508,0.045601,0.218493,0.024569,0.615379,0.116687,0
26,63,2562,0.364231,0.052986,0.230534,0.02698,0.585807,0.126152,0
26,64,2563,0.370901,0.04464,0.231532,0.022057,0.592315,0.117829,0
26,65,2564,0.38322,0.054063,0.219512,0.024479,0.589195,0.126354,0
26,66,2565,0.372212,0.040789,0.222443,0.026948,0.596457,0.12876,0
26,67,2566,0.360527,0.046651,0.238747,0.025442,0.587694,0.116983,0
26,68,2567,0.379242,0.046525,0.215325,0.020937,0.602434,0.122502,0
26,69,2568,0.393659,0.054738,0.234709,0.017312,0.592747,0.119091,0
26,70,2569,0.374814,0.044258,0.217642,0.026792,0.603121,0.123776,0
26,71,2570,0.374191,0.05218,0.227941,0.024394,0.593811,0.122376,0
26,72,2571,0.37689,0.045016,0.229381,0.024085,0.604155,0.126692,0
26,73,2572,0.375489,0.052249,0.210429,0.031087,0.621431,0.128524,0
26,74,2573,0.368116,0.047989,0.230525,0.020377,0.581431,0.120426,0
26,75,2574,0.369046,0.047987,0.214685,0.014501,0.581762,0.124345,0
26,76,2575,0.377346,0.045368,0.216025,0.02575,0.591459,0.128192,0
26,77,2576,0.366545,0.053818,0.238997,0.024455,0.599912,0.117137,0
26,78,2577,0.366205,0.051391,0.224934,0.025793,0.603584,0.125803,0
26,79,2578,0.382219,0.045669,0.222646,0.017145,0.600763,0.129999,0
26,80,2579,0.368848,0.046501,0.224487,0.021073,0.590857,0.117203,0
26,81,2580,0.366688,0.048585,0.220834,0.028776,0.588308,0.12641,0
26,82,2581,0.381323,0.053803,0.234338,0.02536,0.608375,0.132315,0
26,83,2582,0.355943,0.053666,0.210472,0.017061,0.580271,0.11211,0
26,84,2583,0.353947,0.048131,0.222647,0.016691,0.584796,0.122062,0
26,85,2584,0.382593,0.059053,0.219974,0.018872,0.590465,0.123646,0
26,86,2585,0.392869,0.039734,0.218393,0.030315,0.586935,0.127187,0
26,87,2586,0.389833,0.049945,0.208453,0.021338,0.619353,0.113935,0
26,88,2587,0.357138,0.052695,0.222678,0.022624,0.583268,0.110411,0
26,89,2588,0.355381,0.048391,0.22701,0.023317,0.594352,0.122589,0
26,90,2589,0.377902,0.053393,0.228656,0.02141,0.600515,0.125123,0
26,91,2590,0.377297,0.055085,0.207807,0.03066,0.60677,0.123495,0
26,92,2591,0.364044,0.047292,0.21047,0.017124,0.620708,0.122648,0
26,93,2592,0.362122,0.046625,0.22297,0.023293,0.583614,0.125117,0
26,94,2593,0.3774,0.047287,0.220859,0.03,0.581232,0.110968,0
26,95,2594,0.359526,0.052546,0.221022,0.019006,0.615699,0.112516,0
26,96,2595,0.372957,0.044894,0.228704,0.02398,0.608607,0.119572,0
26,97,2596,0.367674,0.038984,0.213677,0.021091,0.610985,0.126365,0
26,98,2597,0.349755,0.045235,0.225298,0.024692,0.585768,0.12186,0
26,99,2598,0.37871,0.049634,0.22615,0.030874,0.60209,0.132506,0
26,100,2599,0.368647,0.046892,0.233705,0.01949,0.591133,0.124461,0
27,1,2600,0.373586,0.053395,0.234286,0.024131,0.58221,0.131207,0
27,2,2601,0.383391,0.055427,0.227453,0.01554,0.579451,0.123811,0
27,3,2602,0.376028,0.04711,0.212188,0.027523,0.598019,0.120446,0
27,4,2603,0.383164,0.048696,0.232501,0.016475,0.597271,0.119523,0
27,5,2604,0.378691,0.037888,0.227604,0.026337,0.583003,0.116868,0
27,6,2605,0.367975,0.051885,0.224005,0.01971,0.594466,0.120326,0
27,7,2606,0.375948,0.050112,0.226274,0.021027,0.593573,0.113568,0
27,8,2607,0.372274,0.039716,0.21333,0.022468,0.602942,0.116911,0
27,9,2608,0.367103,0.04918,0.211001,0.021297,0.608572,0.130789,0
27,10,2609,0.351291,0.043077,0.219241,0.033573,0.587523,0.126199,0
27,11,2610,0.369265,0.0418,0.200091,0.029027,0.583802,0.110497,0
27,12,2611,0.377129,0.053359,0.214318,0.02039,0.587296,0.1266,0
27,13,2612,0.378721,0.052214,0.227308,0.028132,0.558074,0.131321,0
27,14,2613,0.357604,0.038971,0.235901,0.020164,0.58723,0.124775,0
27,15,2614,0.371534,0.042448,0.227233,0.02675,0.5691,0.130092,0
27,16,2615,0.362909,0.051228,0.225632,0.023702,0.596213,0.121031,0
27,17,2616,0.355788,0.031739,0.218195,0.021904,0.586189,0.115961,0
27,18,2617,0.373658,0.050852,0.224022,0.025779,0.602031,0.121811,0
27,19,2618,0.375104,0.052088,0.207761,0.023086,0.577776,0.124826,0
27,20,2619,0.361757,0.050605,0.220364,0.029516,0.611755,0.127434,0
27,21,2620,0.371407,0.045204,0.215997,0.020986,0.590324,0.124179,0
27,22,2621,0.371079,0.050798,0.221163,0.024768,0.575458,0.115899,0
27,23,2622,0.371213,0.043316,0.219448,0.029827,0.596771,0.120365,0
27,24,2623,0.368916,0.04892,0.225835,0.025322,0.585717,0.118243,0
27,25,2624,0.355883,0.039326,0.218454,0.02752,0.583169,0.130145,0
27,26,2625,0.361173,0.043789,0.221978,0.02568,0.587853,0.123005,0
27,27,2626,0.365291,0.044887,0.217459,0.025368,0.583863,0.10919,0
27,28,2627,0.373613,0.051488,0.203791,0.020633,0.59408,0.112737,0
27,29,2628,0.36698,0.04357,0.202675,0.026976,0.61379,0.131934,0
27,30,2629,0.376926,0.046786,0.224955,0.024921,0.590796,0.127301,0
27,31,2630,0.359269,0.034904,0.218331,0.019327,0.59463,0.119085,0
27,32,2631,0.372423,0.046797,0.234561,0.026643,0.58453,0.118842,0
27,33,2632,0.357188,0.051834,0.231098,0.028406,0.607953,0.133455,0
27,34,2633,0.366266,0.038192,0.221097,0.025747,0.589883,0.109681,0
27,35,2634,0.358041,0.048148,0.224433,0.028132,0.609831,0.118713,0
27,36,2635,0.374744,0.049987,0.23235,0.014325,0.594216,0.123874,0
27,37,2636,0.36759,0.043727,0.234344,0.025141,0.579574,0.108604,0
27,38,2637,0.365992,0.050278,0.218104,0.027899,0.600952,0.111056,0
27,39,2638,0.377422,0.040928,0.208297,0.024451,0.575252,0.11896,0
27,40,2639,0.379315,0.056394,0.216999,0.019087,0.593546,0.130619,0
27,41,2640,0.359629,0.047306,0.211504,0.023643,0.587403,0.124449,0
27,42,2641,0.347953,0.046169,0.223165,0.024398,0.586831,0.129696,0
27,43,2642,0.360123,0.038426,0.223374,0.024562,0.575928,0.120474,0
27,44,2643,0.359917,0.049165,0.218904,0.021206,0.57822,0.11993,0
27,45,2644,0.365429,0.048662,0.231595,0.025522,0.591602,0.124511,0
27,46,2645,0.36286,0.039347,0.223393,0.024937,0.584947,0.126865,0
27,47,2646,0.360729,0.039375,0.223324,0.020532,0.600136,0.126403,0
27,48,2647,0.372994,0.051959,0.204489,0.024657,0.561869,0.117299,0
27,49,2648,0.365212,0.040804,0.216452,0.023784,0.580117,0.115011,0
27,50,2649,0.365856,0.042612,0.21517,0.021855,0.576087,0.116287,0
27,51,2650,0.349965,0.052125,0.223834,0.017967,0.583615,0.115747,0
27,52,2651,0.366722,0.046034,0.208629,0.029112,0.595868,0.115986,0
27,53,2652,0.367957,0.054744,0.243783,0.022976,0.58085,0.114504,0
27,54,2653,0.363815,0.051317,0.229022,0.019146,0.57659,0.130878,0
27,55,2654,0.356848,0.046213,0.232443,0.026202,0.589861,0.129911,0
27,56,2655,0.395011,0.045663,0.229134,0.021878,0.598434,0.11886,0
27,57,2656,0.376719,0.049264,0.214122,0.024193,0.575424,0.125642,0
27,58,2657,0.383785,0.054474,0.221487,0.025692,0.580379,0.118657,0
27,59,2658,0.366056,0.038538,0.224875,0.027509,0.587265,0.104077,0
27,60,2659,0.360954,0.05408,0.200754,0.020145,0.597235,0.116018,0
27,61,2660,0.370784,0.051472,0.224157,0.024047,0.602368,0.131632,0
27,62,2661,0.366518,0.044634,0.228018,0.024418,0.610226,0.126772,0
27,63,2662,0.358839,0.043142,0.230725,0.019511,0.575785,0.113412,0
27,64,2663,0.372149,0.041037,0.227784,0.016275,0.575212,0.115722,0
27,65,2664,0.38204,0.049236,0.214563,0.02735,0.582161,0.116537,0
27,66,2665,0.374098,0.043135,0.214333,0.031183,0.580425,0.125785,0
27,67,2666,0.364195,0.045166,0.232244,0.027062,0.580724,0.113745,0
27,68,2667,0.378437,0.049435,0.207056,0.026345,0.602283,0.121031,0
27,69,2668,0.373448,0.041539,0.228428,0.025771,0.608176,0.122958,0
27,70,2669,0.364048,0.044066,0.230707,0.028413,0.568521,0.12016,0
27,71,2670,0.370882,0.053904,0.227034,0.028688,0.577778,0.120119,0
27,72,2671,0.369745,0.051379,0.230378,0.026046,0.575998,0.111757,0
27,73,2672,0.366152,0.038923,0.236518,0.025238,0.588294,0.112832,0
27,74,2673,0.37138,0.043141,0.219353,0.020806,0.60613,0.125179,0
27,75,2674,0.369078,0.044056,0.216434,0.018719,0.573943,0.120756,0
27,76,2675,0.372193,0.040742,0.207465,0.024843,0.581238,0.127739,0
27,77,2676,0.356006,0.043104,0.223256,0.019029,0.587754,0.111703,0
27,78,2677,0.380765,0.047688,0.213156,0.029202,0.583642,0.124331,0
27,79,2678,0.358087,0.048051,0.226091,0.021241,0.579148,0.121801,0
27,80,2679,0.369582,0.045882,0.218599,0.025294,0.593609,0.118664,0
27,81,2680,0.37185,0.047082,0.215202,0.020062,0.593014,0.11827,0
27,82,2681,0.362822,0.051128,0.220677,0.024261,0.559255,0.113744,0
27,83,2682,0.367044,0.047136,0.221826,0.02044,0.593736,0.130396,0
27,84,2683,0.358997,0.046767,0.215304,0.016249,0.567879,0.125631,0
27,85,2684,0.368063,0.041365,0.215976,0.017194,0.566921,0.121012,0
27,86,2685,0.364919,0.039511,0.218475,0.02202,0.579305,0.121512,0
27,87,2686,0.372216,0.053379,0.221903,0.027312,0.579793,0.117594,0
27,88,2687,0.361619,0.051902,0.217701,0.021988,0.581856,0.120093,0
27,89,2688,0.365715,0.051702,0.222094,0.026556,0.57262,0.129791,0
27,90,2689,0.382145,0.046245,0.216166,0.020687,0.590154,0.114,0
27,91,2690,0.362578,0.043624,0.226123,0.024184,0.589516,0.122964,0
27,92,2691,0.383502,0.050818,0.232173,0.027228,0.579196,0.105182,0
27,93,2692,0.364383,0.044061,0.199276,0.023027,0.571659,0.114894,0
27,94,2693,0.356013,0.047068,0.226189,0.021459,0.602167,0.111538,0
27,95,2694,0.348778,0.047803,0.211358,0.017419,0.589038,0.124124,0
27,96,2695,0.356069,0.04748,0.223125,0.02115,0.586377,0.11164,0
27,97,2696,0.380275,0.051837,0.224407,0.023359,0.583417,0.110434,0
27,98,2697,0.370898,0.050785,0.224983,0.027761,0.585107,0.113192,0
27,99,2698,0.371679,0.044245,0.218272,0.025794,0.575267,0.124844,0
27,100,2699,0.364141,0.050157,0.208035,0.016887,0.593081,0.116684,0
28,1,2700,0.374128,0.047496,0.220925,0.018322,0.590018,0.113047,0
28,2,2701,0.363385,0.051302,0.220784,0.021223,0.58523,0.119592,0
28,3,2702,0.3545,0.046493,0.204898,0.025282,0.570607,0.126006,0
28,4,2703,0.348458,0.03994,0.221302,0.025445,0.580359,0.124266,0
28,5,2704,0.361779,0.043228,0.203407,0.022861,0.5823,0.125349,0
28,6,2705,0.376785,0.047366,0.223245,0.024764,0.589094,0.129776,0
28,7,2706,0.371088,0.043047,0.217941,0.024421,0.573664,0.115758,0
28,8,2707,0.374384,0.040929,0.210874,0.030554,0.565077,0.11863,0
28,9,2708,0.378068,0.049102,0.218702,0.022397,0.557928,0.116845,0
28,10,2709,0.389209,0.047225,0.223771,0.02757,0.589766,0.118214,0
28,11,2710,0.368942,0.044948,0.223699,0.018864,0.584962,0.128012,0
28,12,2711,0.366087,0.045497,0.219603,0.021644,0.559353,0.123951,0
28,13,2712,0.369813,0.044847,0.227902,0.022723,0.586247,0.109249,0
28,14,2713,0.373422,0.050415,0.205977,0.016959,0.58997,0.114129,0
28,15,2714,0.363316,0.045549,0.222424,0.018735,0.559279,0.119608,0
28,16,2715,0.360664,0.049578,0.222436,0.02814,0.582135,0.108171,0
28,17,2716,0.369382,0.038017,0.216024,0.026312,0.581471,0.116686,0
28,18,2717,0.376482,0.050766,0.216689,0.022698,0.582202,0.119582,0
28,19,2718,0.360548,0.044024,0.215974,0.013857,0.583732,0.115295,0
28,20,2719,0.36024,0.051996,0.214116,0.025481,0.599074,0.114662,0
28,21,2720,0.36629,0.047469,0.215142,0.025548,0.581924,0.107407,0
28,22,2721,0.365072,0.040996,0.222195,0.022969,0.567344,0.115415,0
28,23,2722,0.354876,0.040073,0.233948,0.022741,0.583338,0.113904,0
28,24,2723,0.366394,0.050865,0.218542,0.018667,0.573961,0.111603,0
28,25,2724,0.36541,0.043981,0.211963,0.024182,0.567222,0.111475,0
28,26,2725,0.360775,0.044655,0.224057,0.023412,0.573083,0.114007,0
28,27,2726,0.363345,0.044858,0.21859,0.022595,0.572555,0.124862,0
28,28,2727,0.343047,0.044384,0.209393,0.018814,0.610906,0.119687,0
28,29,2728,0.373432,0.044445,0.231011,0.026107,0.582256,0.11974,0
28,30,2729,0.363114,0.047328,0.23205,0.017889,0.595388,0.115921,0
28,31,2730,0.367628,0.044606,0.204255,0.029656,0.570287,0.118603,0
28,32,2731,0.361401,0.042412,0.208719,0.022548,0.563737,0.118823,0
28,33,2732,0.358169,0.047702,0.209532,0.024727,0.586632,0.111934,0
28,34,2733,0.354586,0.044311,0.227212,0.019239,0.58687,0.111535,0
28,35,2734,0.339255,0.042648,0.221415,0.023563,0.575011,0.111353,0
28,36,2735,0.368703,0.047201,0.214371,0.02694,0.574069,0.125093,0
28,37,2736,0.361394,0.058015,0.219135,0.023604,0.580855,0.111141,0
28,38,2737,0.372346,0.051058,0.222717,0.019862,0.576947,0.101828,0
28,39,2738,0.360725,0.04229,0.215478,0.027481,0.580308,0.129007,0
28,40,2739,0.358716,0.055592,0.219268,0.031122,0.575838,0.126995,0
28,41,2740,0.350803,0.046942,0.209247,0.023628,0.562579,0.117236,0
28,42,2741,0.35061,0.035688,0.221746,0.028915,0.569153,0.130354,0
28,43,2742,0.347291,0.04901,0.218777,0.028509,0.566263,0.118451,0
28,44,2743,0.359024,0.043327,0.219107,0.02378,0.583591,0.124946,0
28,45,2744,0.37297,0.040402,0.214644,0.020112,0.572878,0.10893,0
28,46,2745,0.362711,0.047623,0.213681,0.026161,0.5743,0.104999,0
28,47,2746,0.357108,0.051076,0.210814,0.025223,0.601257,0.11784,0
28,48,2747,0.378933,0.047074,0.234744,0.023647,0.572394,0.114089,0
28,49,2748,0.35785,0.042776,0.219478,0.030287,0.580818,0.106024,0
28,50,2749,0.36348,0.053142,0.225211,0.02623,0.577474,0.124125,0
28,51,2750,0.359676,0.03776,0.222246,0.02809,0.575121,0.126877,0
28,52,2751,0.360983,0.043126,0.212133,0.023025,0.573577,0.115316,0
28,53,2752,0.36134,0.041732,0.207795,0.025535,0.600334,0.123827,0
28,54,2753,0.359481,0.050225,0.199158,0.021017,0.588569,0.11058,0
28,55,2754,0.347757,0.045355,0.21244,0.024124,0.587717,0.119774,0
28,56,2755,0.350489,0.044746,0.210978,0.026576,0.587799,0.121432,0
28,57,2756,0.35671,0.043112,0.204502,0.016346,0.586973,0.108949,0
28,58,2757,0.358028,0.049288,0.217774,0.019236,0.5911,0.121663,0
28,59,2758,0.354949,0.041133,0.232216,0.022917,0.57675,0.11777,0
28,60,2759,0.356742,0.048103,0.205099,0.026373,0.560018,0.115755,0
28,61,2760,0.374977,0.050022,0.226411,0.016604,0.566587,0.119239,0
28,62,2761,0.356161,0.039123,0.230436,0.02049,0.579496,0.117672,0
28,63,2762,0.373583,0.038366,0.226466,0.015519,0.577785,0.126893,0
28,64,2763,0.351366,0.041066,0.227865,0.024259,0.589643,0.117553,0
28,65,2764,0.364394,0.04387,0.205768,0.026176,0.58416,0.113442,0
28,66,2765,0.364384,0.049119,0.2224,0.023525,0.576537,0.128952,0
28,67,2766,0.360861,0.046954,0.226887,0.021094,0.585942,0.118613,0
28,68,2767,0.368762,0.042487,0.225819,0.019004,0.578293,0.114415,0
28,69,2768,0.369185,0.047612,0.213958,0.029639,0.569617,0.108506,0
28,70,2769,0.376468,0.045129,0.205514,0.018516,0.558871,0.119227,0
28,71,2770,0.358452,0.042223,0.220975,0.024794,0.59215,0.113097,0
28,72,2771,0.36308,0.040689,0.213477,0.020614,0.58184,0.116888,0
28,73,2772,0.355602,0.045516,0.209503,0.024557,0.574814,0.118067,0
28,74,2773,0.365166,0.044906,0.211271,0.02548,0.574918,0.107657,0
28,75,2774,0.353115,0.043929,0.216208,0.022036,0.592896,0.108911,0
28,76,2775,0.367052,0.045139,0.202942,0.018024,0.571709,0.122712,0
28,77,2776,0.362849,0.046844,0.220262,0.018304,0.558744,0.119954,0
28,78,2777,0.349703,0.042311,0.219843,0.021297,0.594726,0.12224,0
28,79,2778,0.354177,0.0417,0.210687,0.022983,0.580297,0.106616,0
28,80,2779,0.364626,0.048144,0.210494,0.027246,0.575978,0.125705,0
28,81,2780,0.35196,0.057144,0.208985,0.026426,0.573251,0.12089,0
28,82,2781,0.332982,0.056918,0.217154,0.010416,0.581151,0.120708,0
28,83,2782,0.360702,0.050373,0.21734,0.028033,0.591015,0.115167,0
28,84,2783,0.366115,0.044639,0.221585,0.025624,0.58373,0.114858,0
28,85,2784,0.345901,0.046756,0.231136,0.017462,0.589293,0.123288,0
28,86,2785,0.358037,0.043998,0.21385,0.027401,0.575855,0.11367,0
28,87,2786,0.349905,0.041919,0.217361,0.023758,0.591568,0.117866,0
28,88,2787,0.363595,0.043673,0.215715,0.02318,0.583273,0.118008,0
28,89,2788,0.354472,0.048481,0.212971,0.016736,0.590875,0.110706,0
28,90,2789,0.360582,0.031829,0.219454,0.027416,0.586318,0.103586,0
28,91,2790,0.349716,0.048109,0.219923,0.022421,0.569967,0.124285,0
28,92,2791,0.372773,0.045276,0.22519,0.02438,0.605419,0.11441,0
28,93,2792,0.357362,0.048173,0.192661,0.021789,0.575404,0.115405,0
28,94,2793,0.355306,0.045141,0.215913,0.024071,0.593732,0.117381,0
28,95,2794,0.35524,0.043412,0.213912,0.024333,0.57776,0.111414,0
28,96,2795,0.358404,0.044107,0.230618,0.027444,0.563991,0.117361,0
28,97,2796,0.358533,0.04231,0.231102,0.020375,0.580411,0.100946,0
28,98,2797,0.34963,0.041501,0.219702,0.022108,0.581836,0.114367,0
28,99,2798,0.387016,0.05025,0.222717,0.017858,0.587076,0.119684,0
28,100,2799,0.363626,0.043354,0.211898,0.026326,0.565475,0.113299,0
29,1,2800,0.342805,0.041512,0.202218,0.020748,0.584677,0.120445,0
29,2,2801,0.358098,0.050785,0.21493,0.010098,0.586656,0.113215,0
29,3,2802,0.345653,0.044333,0.220216,0.023436,0.568653,0.121892,0
29,4,2803,0.35849,0.045417,0.213314,0.026884,0.579303,0.116364,0
29,5,2804,0.362208,0.034872,0.224596,0.022439,0.583898,0.113444,0
29,6,2805,0.350306,0.046486,0.226233,0.023158,0.562973,0.111145,0
29,7,2806,0.380718,0.05326,0.232898,0.023463,0.571422,0.117958,0
29,8,2807,0.348638,0.04244,0.209612,0.026894,0.568043,0.116364,0
29,9,2808,0.361686,0.045761,0.207624,0.026012,0.590522,0.104538,0
29,10,2809,0.365496,0.044208,0.215247,0.021084,0.563369,0.118873,0
29,11,2810,0.34915,0.037338,0.211503,0.02384,0.566667,0.121553,0
29,12,2811,0.359618,0.050756,0.204699,0.028515,0.586642,0.11554,0
29,13,2812,0.362257,0.041053,0.223372,0.019051,0.574424,0.119715,0
29,14,2813,0.366881,0.03883,0.198407,0.018878,0.584976,0.115537,0
29,15,2814,0.359524,0.046829,0.202686,0.021451,0.576371,0.107388,0
29,16,2815,0.359335,0.04376,0.211099,0.019461,0.570058,0.117341,0
29,17,2816,0.36543,0.043124,0.219726,0.026582,0.565658,0.121186,0
29,18,2817,0.356725,0.043891,0.207578,0.023578,0.593675,0.109659,0
29,19,2818,0.356133,0.050442,0.212022,0.021355,0.562642,0.11622,0
29,20,2819,0.352688,0.04021,0.21913,0.027399,0.582028,0.126514,0
29,21,2820,0.365793,0.051041,0.225301,0.01746,0.584007,0.116992,0
29,22,2821,0.343548,0.041758,0.203653,0.020415,0.582892,0.111884,0
29,23,2822,0.361888,0.046101,0.203957,0.018772,0.559034,0.118395,0
29,24,2823,0.357567,0.045154,0.218053,0.019788,0.566533,0.114956,0
29,25,2824,0.354961,0.044968,0.219007,0.027362,0.564346,0.123318,0
29,26,2825,0.362376,0.037355,0.213673,0.027095,0.574978,0.114892,0
29,27,2826,0.356593,0.038757,0.229051,0.01685,0.575954,0.118099,0
29,28,2827,0.348662,0.046073,0.208951,0.013442,0.578484,0.109955,0
29,29,2828,0.356102,0.043701,0.206052,0.018418,0.570641,0.108294,0
29,30,2829,0.344056,0.040625,0.21594,0.019926,0.578478,0.118574,0
29,31,2830,0.342136,0.041599,0.212967,0.024,0.562397,0.111912,0
29,32,2831,0.3528,0.041815,0.205578,0.025618,0.579187,0.106377,0
29,33,2832,0.371823,0.051431,0.214594,0.018269,0.565469,0.112318,0
29,34,2833,0.367906,0.048195,0.216375,0.017056,0.564119,0.115374,0
29,35,2834,0.366351,0.046047,0.219022,0.014195,0.58928,0.105576,0
29,36,2835,0.361836,0.036911,0.206163,0.022798,0.57933,0.108307,0
29,37,2836,0.364444,0.038861,0.215564,0.02129,0.587048,0.116373,0
29,38,2837,0.379574,0.046961,0.214417,0.018296,0.565642,0.11897,0
29,39,2838,0.372476,0.043992,0.206227,0.030331,0.594109,0.117867,0
29,40,2839,0.365295,0.041102,0.203987,0.031978,0.556002,0.116615,0
29,41,2840,0.357103,0.042804,0.215907,0.023519,0.572778,0.11439,0
29,42,2841,0.363307,0.044225,0.209774,0.017576,0.58304,0.113811,0
29,43,2842,0.373369,0.047667,0.214091,0.023451,0.581532,0.106718,0
29,44,2843,0.350809,0.037657,0.222607,0.022415,0.578351,0.11487,0
29,45,2844,0.355825,0.043012,0.233696,0.025036,0.583601,0.131003,0
29,46,2845,0.350958,0.040837,0.198273,0.024712,0.557197,0.120066,0
29,47,2846,0.357276,0.05001,0.224296,0.021424,0.561532,0.120163,0
29,48,2847,0.362633,0.049152,0.211349,0.023148,0.567252,0.118922,0
29,49,2848,0.347324,0.035755,0.221966,0.016974,0.576624,0.119224,0
29,50,2849,0.36754,0.038979,0.207252,0.020572,0.587415,0.124194,0
29,51,2850,0.368141,0.034654,0.216481,0.021324,0.587526,0.12287,0
29,52,2851,0.351744,0.041513,0.219409,0.02015,0.574247,0.120214,0
29,53,2852,0.358578,0.037424,0.227126,0.023463,0.573475,0.11495,0
29,54,2853,0.366306,0.050994,0.216352,0.028487,0.584453,0.114049,0
29,55,2854,0.372885,0.039044,0.21504,0.022121,0.582986,0.112053,0
29,56,2855,0.349816,0.033722,0.229073,0.025158,0.594201,0.119594,0
29,57,2856,0.35534,0.045441,0.209894,0.017163,0.567533,0.122069,0
29,58,2857,0.363063,0.040785,0.218174,0.025389,0.576978,0.110497,0
29,59,2858,0.357368,0.042732,0.217252,0.020172,0.551786,0.118761,0
29,60,2859,0.362157,0.051602,0.205209,0.021117,0.569096,0.124192,0
29,61,2860,0.360421,0.054313,0.209202,0.021355,0.577362,0.11054,0
29,62,2861,0.34306,0.040155,0.219394,0.018197,0.574746,0.117545,0
29,63,2862,0.36039,0.046272,0.20983,0.021987,0.567633,0.118507,0
29,64,2863,0.361634,0.040677,0.217769,0.023255,0.599413,0.112092,0
29,65,2864,0.346472,0.040438,0.219401,0.02431,0.574428,0.112305,0
29,66,2865,0.351181,0.036224,0.224913,0.028699,0.54757,0.115786,0
29,67,2866,0.350773,0.047793,0.217304,0.025476,0.56187,0.105721,0
29,68,2867,0.367196,0.032027,0.210242,0.018866,0.566651,0.115557,0
29,69,2868,0.36415,0.041782,0.23083,0.026868,0.566816,0.113139,0
29,70,2869,0.346831,0.038672,0.196591,0.019715,0.583257,0.113017,0
29,71,2870,0.346478,0.042726,0.221023,0.022526,0.582138,0.121485,0
29,72,2871,0.353009,0.052237,0.216383,0.022014,0.56,0.113321,0
29,73,2872,0.351206,0.041123,0.223375,0.023951,0.576648,0.116485,0
29,74,2873,0.36703,0.041235,0.221629,0.023451,0.580092,0.114116,0
29,75,2874,0.356631,0.046085,0.21615,0.025642,0.568195,0.110495,0
29,76,2875,0.361419,0.046305,0.202557,0.025951,0.558307,0.113023,0
29,77,2876,0.357141,0.04587,0.22847,0.022831,0.563,0.116486,0
29,78,2877,0.365607,0.034492,0.216785,0.020158,0.561679,0.113556,0
29,79,2878,0.357985,0.041573,0.21928,0.02213,0.574271,0.119536,0
29,80,2879,0.335181,0.044989,0.206335,0.020865,0.574133,0.121628,0
29,81,2880,0.342841,0.044029,0.215539,0.016392,0.569401,0.117185,0
29,82,2881,0.349508,0.041319,0.219122,0.019884,0.570184,0.127047,0
29,83,2882,0.362681,0.0473,0.216858,0.028416,0.573249,0.101683,0
29,84,2883,0.369688,0.047163,0.200792,0.026571,0.580632,0.111563,0
29,85,2884,0.336085,0.044547,0.222227,0.020805,0.577055,0.114099,0
29,86,2885,0.362869,0.039121,0.201253,0.02164,0.563043,0.106255,0
29,87,2886,0.355902,0.036949,0.217274,0.025281,0.595676,0.122071,0
29,88,2887,0.358215,0.0365,0.21566,0.028805,0.58339,0.107309,0
29,89,2888,0.338301,0.033763,0.214597,0.021791,0.546894,0.115688,0
29,90,2889,0.356148,0.045077,0.216842,0.014436,0.558019,0.110955,0
29,91,2890,0.361845,0.036651,0.211585,0.025622,0.561045,0.11841,0
29,92,2891,0.357254,0.048435,0.209092,0.031034,0.57161,0.120151,0
29,93,2892,0.360835,0.037516,0.205572,0.020262,0.581904,0.102251,0
29,94,2893,0.343029,0.04841,0.204188,0.017404,0.566793,0.124451,0
29,95,2894,0.341281,0.04678,0.202342,0.025812,0.569317,0.112986,0
29,96,2895,0.356629,0.036135,0.223941,0.016941,0.573667,0.106941,0
29,97,2896,0.385013,0.042008,0.206548,0.019262,0.550264,0.112143,0
29,98,2897,0.364184,0.03751,0.211463,0.021846,0.559536,0.11549,0
29,99,2898,0.353589,0.047495,0.210999,0.019625,0.585458,0.106418,0
29,100,2899,0.358922,0.048438,0.207746,0.028269,0.568406,0.112337,0
30,1,2900,0.353497,0.03534,0.232661,0.022575,0.577586,0.123089,0
30,2,2901,0.355493,0.045649,0.212697,0.020909,0.569357,0.110589,0
30,3,2902,0.363089,0.045158,0.22894,0.025191,0.565353,0.115658,0
30,4,2903,0.374992,0.038067,0.220112,0.020996,0.567149,0.105093,0
30,5,2904,0.340372,0.047719,0.227197,0.018291,0.579717,0.117659,0
30,6,2905,0.353114,0.044488,0.20282,0.016106,0.581629,0.116157,0
30,7,2906,0.373673,0.044076,0.201175,0.020494,0.557529,0.113357,0
30,8,2907,0.332024,0.042696,0.1944,0.019649,0.575773,0.108457,0
30,9,2908,0.346314,0.042768,0.204497,0.020502,0.563203,0.112691,0
30,10,2909,0.359594,0.038696,0.214516,0.019811,0.567636,0.116624,0
30,11,2910,0.349636,0.039271,0.214086,0.019444,0.585175,0.128775,0
30,12,2911,0.36483,0.040451,0.204715,0.027843,0.575354,0.114582,0
30,13,2912,0.353921,0.036877,0.208693,0.025699,0.575225,0.11152,0
30,14,2913,0.364225,0.04284,0.228074,0.023882,0.567514,0.111537,0
30,15,2914,0.340633,0.043264,0.208312,0.018715,0.565814,0.112893,0
30,16,2915,0.360874,0.052239,0.209038,0.023985,0.562199,0.109183,0
30,17,2916,0.331883,0.03814,0.196453,0.017035,0.556416,0.112732,0
30,18,2917,0.335392,0.041021,0.209897,0.024131,0.570859,0.119611,0
30,19,2918,0.358228,0.046786,0.219061,0.022107,0.569352,0.112242,0
30,20,2919,0.351624,0.039798,0.208902,0.022367,0.541019,0.11162,0
30,21,2920,0.355867,0.052147,0.215053,0.011843,0.549481,0.110894,0
30,22,2921,0.351004,0.04741,0.203639,0.01996,0.568927,0.114417,0
30,23,2922,0.354733,0.040806,0.219253,0.023672,0.56913,0.114219,0
30,24,2923,0.356603,0.052267,0.207284,0.016028,0.56603,0.110067,0
30,25,2924,0.357236,0.04123,0.206068,0.020929,0.567557,0.11657,0
30,26,2925,0.342844,0.038983,0.225842,0.016654,0.558095,0.104731,0
30,27,2926,0.360765,0.041387,0.209622,0.015769,0.557194,0.102944,0
30,28,2927,0.353246,0.043667,0.2192,0.021135,0.582563,0.106047,0
30,29,2928,0.360072,0.034269,0.223744,0.022967,0.586764,0.111917,0
30,30,2929,0.363856,0.037848,0.196149,0.013405,0.568817,0.121371,0
30,31,2930,0.350016,0.051003,0.23017,0.022398,0.576376,0.117321,0
30,32,2931,0.343254,0.040522,0.221188,0.021014,0.57875,0.119866,0
30,33,2932,0.365021,0.047372,0.214093,0.022249,0.576157,0.117286,0
30,34,2933,0.349885,0.042558,0.21361,0.017232,0.556444,0.125415,0
30,35,2934,0.359098,0.041049,0.217352,0.021976,0.554837,0.115201,0
30,36,2935,0.357541,0.037799,0.214688,0.016951,0.568293,0.110596,0
30,37,2936,0.377549,0.041737,0.208466,0.01822,0.570774,0.108089,0
30,38,2937,0.35275,0.039175,0.20476,0.019066,0.559404,0.10824,0
30,39,2938,0.366418,0.05095,0.207318,0.027319,0.567687,0.117778,0
30,40,2939,0.360245,0.043645,0.197685,0.020114,0.575349,0.113495,0
30,41,2940,0.355562,0.040718,0.210172,0.017883,0.575778,0.113873,0
30,42,2941,0.357688,0.047182,0.213953,0.019177,0.55201,0.113218,0
30,43,2942,0.356054,0.040072,0.211001,0.015575,0.581267,0.109716,0
30,44,2943,0.353958,0.039348,0.207998,0.020547,0.58071,0.114527,0
30,45,2944,0.353075,0.043128,0.212889,0.022919,0.55915,0.104844,0
30,46,2945,0.341831,0.041996,0.208059,0.024084,0.56736,0.131615,0
30,47,2946,0.369046,0.043748,0.211917,0.020919,0.564442,0.11842,0
30,48,2947,0.349828,0.032429,0.218461,0.024782,0.556629,0.117771,0
30,49,2948,0.351337,0.041479,0.21222,0.020212,0.559507,0.110908,0
30,50,2949,0.375103,0.037844,0.21345,0.022795,0.560579,0.119824,0
30,51,2950,0.366213,0.035923,0.206976,0.02275,0.573618,0.113436,0
30,52,2951,0.363764,0.042182,0.204492,0.01677,0.582082,0.107157,0
30,53,2952,0.357821,0.037172,0.203314,0.02796,0.551346,0.10812,0
30,54,2953,0.358088,0.033601,0.209727,0.023181,0.571933,0.107975,0
30,55,2954,0.339175,0.047341,0.212639,0.017673,0.551026,0.107582,0
30,56,2955,0.344222,0.042898,0.21565,0.024314,0.566622,0.118101,0
30,57,2956,0.355385,0.038093,0.203419,0.025568,0.570789,0.115441,0
30,58,2957,0.349864,0.036851,0.206701,0.026715,0.550107,0.106783,0
30,59,2958,0.344769,0.035433,0.197878,0.020808,0.572096,0.120373,0
30,60,2959,0.350854,0.054758,0.218317,0.021901,0.548581,0.09851,0
30,61,2960,0.349322,0.038898,0.205213,0.016489,0.579874,0.105881,0
30,62,2961,0.359013,0.036521,0.218995,0.018071,0.561177,0.121029,0
30,63,2962,0.361946,0.042309,0.2102,0.028883,0.562874,0.112364,0
30,64,2963,0.361491,0.039363,0.194242,0.022424,0.55002,0.115561,0
30,65,2964,0.342317,0.038044,0.20836,0.014431,0.576217,0.101327,0
30,66,2965,0.349761,0.042426,0.213592,0.018748,0.566378,0.115437,0
30,67,2966,0.325437,0.031032,0.215536,0.018669,0.552479,0.110702,0
30,68,2967,0.33526,0.030819,0.2169,0.01864,0.574275,0.108394,0
30,69,2968,0.352044,0.041105,0.207394,0.015402,0.571754,0.120521,0
30,70,2969,0.344218,0.037849,0.209523,0.0201,0.550505,0.102052,0
30,71,2970,0.350493,0.035876,0.217141,0.024491,0.575255,0.108821,0
30,72,2971,0.354326,0.032351,0.222018,0.018967,0.568322,0.100181,0
30,73,2972,0.361612,0.039759,0.21541,0.020534,0.567862,0.108815,0
30,74,2973,0.355406,0.042701,0.233301,0.026996,0.540815,0.109951,0
30,75,2974,0.348143,0.042841,0.192084,0.014206,0.587188,0.111081,0
30,76,2975,0.340719,0.039083,0.199129,0.017095,0.557004,0.117474,0
30,77,2976,0.350942,0.044594,0.203732,0.017309,0.566811,0.109045,0
30,78,2977,0.363685,0.046988,0.205681,0.013191,0.553302,0.105308,0
30,79,2978,0.340789,0.036667,0.198828,0.020758,0.561221,0.115395,0
30,80,2979,0.33563,0.037288,0.218221,0.018056,0.542149,0.115478,0
30,81,2980,0.350816,0.039014,0.221506,0.014989,0.578811,0.106764,0
30,82,2981,0.346679,0.036569,0.207611,0.016132,0.585064,0.107683,0
30,83,2982,0.354529,0.039682,0.21209,0.022469,0.562646,0.10114,0
30,84,2983,0.324503,0.041318,0.20863,0.020813,0.54768,0.112614,0
30,85,2984,0.3521,0.047061,0.198491,0.02424,0.563995,0.112098,0
30,86,2985,0.353301,0.036379,0.205522,0.023419,0.566569,0.101267,0
30,87,2986,0.355083,0.036252,0.208168,0.017961,0.579347,0.112831,0
30,88,2987,0.351118,0.04777,0.204794,0.02515,0.55135,0.11028,0
30,89,2988,0.337874,0.035905,0.215252,0.018649,0.544192,0.109934,0
30,90,2989,0.355842,0.042548,0.204185,0.018467,0.572013,0.107071,0
30,91,2990,0.350213,0.041926,0.194496,0.015819,0.543739,0.11503,0
30,92,2991,0.357629,0.041119,0.20675,0.021476,0.573164,0.109624,0
30,93,2992,0.354403,0.039995,0.194397,0.018887,0.550134,0.102942,0
30,94,2993,0.345649,0.043838,0.212255,0.018088,0.553091,0.107481,0
30,95,2994,0.339874,0.047412,0.214858,0.009108,0.561504,0.116424,0
30,96,2995,0.349639,0.040992,0.216307,0.01439,0.55314,0.119981,0
30,97,2996,0.380056,0.03762,0.200542,0.018978,0.573508,0.117553,0
30,98,2997,0.355031,0.036501,0.190034,0.019871,0.546395,0.11395,0
30,99,2998,0.352777,0.041902,0.20968,0.027489,0.578994,0.105954,0
30,100,2999,0.348811,0.040247,0.209624,0.01743,0.553532,0.117946,0
31,1,3000,0.34074,0.036209,0.208689,0.023653,0.549679,0.11541,0
31,2,3001,0.360208,0.044197,0.198734,0.015654,0.557166,0.112106,0
31,3,3002,0.366937,0.036427,0.205639,0.018757,0.550033,0.116896,0
31,4,3003,0.361332,0.038378,0.218493,0.028761,0.560725,0.116924,0
31,5,3004,0.349319,0.044432,0.219354,0.019805,0.553874,0.120184,0
31,6,3005,0.352379,0.049035,0.203058,0.016546,0.569854,0.103068,0
31,7,3006,0.331852,0.041891,0.219514,0.019836,0.548395,0.108244,0
31,8,3007,0.346883,0.037294,0.213519,0.026246,0.563374,0.117852,0
31,9,3008,0.352349,0.037715,0.197903,0.021343,0.546734,0.112666,0
31,10,3009,0.333843,0.043189,0.206583,0.017951,0.572798,0.107801,0
31,11,3010,0.354574,0.045015,0.216385,0.018033,0.573709,0.104202,0
31,12,3011,0.359918,0.033929,0.216802,0.019671,0.553915,0.116257,0
31,13,3012,0.347634,0.040509,0.221983,0.020584,0.573306,0.097921,0
31,14,3013,0.360164,0.043588,0.215018,0.024114,0.56466,0.096751,0
31,15,3014,0.352436,0.040625,0.209959,0.015436,0.535616,0.103566,0
31,16,3015,0.340447,0.04179,0.201331,0.017678,0.559782,0.111246,0
31,17,3016,0.353189,0.033314,0.211239,0.016974,0.560207,0.113858,0
31,18,3017,0.357058,0.044199,0.212715,0.024233,0.563261,0.099486,0
31,19,3018,0.348228,0.041429,0.203004,0.027855,0.557331,0.109414,0
31,20,3019,0.347787,0.039758,0.208735,0.026431,0.556964,0.108914,0
31,21,3020,0.354393,0.033205,0.199231,0.020288,0.555621,0.104546,0
31,22,3021,0.341851,0.036986,0.211103,0.015706,0.551072,0.112574,0
31,23,3022,0.339869,0.034494,0.208286,0.027883,0.565029,0.101343,0
31,24,3023,0.348801,0.036596,0.225492,0.015234,0.561923,0.105198,0
31,25,3024,0.361346,0.043111,0.203732,0.031425,0.564745,0.105976,0
31,26,3025,0.354678,0.04198,0.216982,0.023223,0.547829,0.121898,0
31,27,3026,0.349087,0.039759,0.20663,0.018962,0.531679,0.118402,0
31,28,3027,0.35755,0.039421,0.207598,0.021701,0.536927,0.109123,0
31,29,3028,0.334925,0.041675,0.217639,0.021349,0.55501,0.125294,0
31,30,3029,0.350983,0.049482,0.212224,0.022115,0.563749,0.10278,0
31,31,3030,0.358074,0.040565,0.207446,0.025189,0.533811,0.101325,0
31,32,3031,0.347483,0.044211,0.208196,0.023783,0.555999,0.111529,0
31,33,3032,0.365247,0.031238,0.208493,0.020472,0.558019,0.106653,0
31,34,3033,0.347643,0.05153,0.213236,0.018511,0.563992,0.109664,0
31,35,3034,0.330288,0.041125,0.215666,0.020804,0.56535,0.112133,0
31,36,3035,0.361418,0.040159,0.19847,0.018315,0.563881,0.119724,0
31,37,3036,0.338878,0.041819,0.213623,0.018707,0.564699,0.115759,0
31,38,3037,0.362406,0.043403,0.2134,0.016866,0.568865,0.121145,0
31,39,3038,0.337448,0.035642,0.200263,0.020143,0.552871,0.111097,0
31,40,3039,0.338515,0.040158,0.195771,0.020216,0.553535,0.109916,0
31,41,3040,0.345013,0.040286,0.193839,0.014629,0.552118,0.117053,0
31,42,3041,0.338707,0.033649,0.210983,0.022393,0.559228,0.119027,0
31,43,3042,0.330968,0.040215,0.220495,0.015414,0.566746,0.117386,0
31,44,3043,0.363646,0.040292,0.215004,0.012474,0.563726,0.111813,0
31,45,3044,0.35384,0.037606,0.217576,0.020803,0.557157,0.107657,0
31,46,3045,0.353089,0.036985,0.218565,0.022181,0.561023,0.1092,0
31,47,3046,0.350113,0.047281,0.21038,0.019874,0.549169,0.111576,0
31,48,3047,0.339014,0.036798,0.203783,0.026868,0.553963,0.105302,0
31,49,3048,0.352879,0.041659,0.20335,0.017137,0.578478,0.124738,0
31,50,3049,0.365264,0.050093,0.206115,0.015997,0.578082,0.102744,0
31,51,3050,0.346186,0.029078,0.197035,0.017011,0.541649,0.114874,0
31,52,3051,0.352125,0.037946,0.216375,0.021299,0.552099,0.098367,0
31,53,3052,0.351203,0.039354,0.197557,0.020514,0.558136,0.10961,0
31,54,3053,0.353266,0.035502,0.199813,0.022169,0.566997,0.112047,0
31,55,3054,0.362117,0.029145,0.213068,0.027901,0.557474,0.110127,0
31,56,3055,0.370756,0.034684,0.2006,0.01814,0.57649,0.104889,0
31,57,3056,0.35499,0.04397,0.219664,0.020673,0.550035,0.109203,0
31,58,3057,0.341823,0.041276,0.196283,0.019961,0.551995,0.112344,0
31,59,3058,0.360476,0.038508,0.200705,0.016112,0.558993,0.109207,0
31,60,3059,0.361422,0.031457,0.203506,0.015102,0.552772,0.115709,0
31,61,3060,0.353642,0.037123,0.211261,0.020403,0.54163,0.105414,0
31,62,3061,0.359763,0.049257,0.212054,0.017737,0.554353,0.107487,0
31,63,3062,0.351195,0.032891,0.216845,0.012033,0.55237,0.115036,0
31,64,3063,0.366538,0.03654,0.192094,0.021181,0.533618,0.103121,0
31,65,3064,0.352606,0.03293,0.214948,0.012596,0.570704,0.105228,0
31,66,3065,0.365998,0.033912,0.193698,0.019522,0.569608,0.112795,0
31,67,3066,0.338497,0.042512,0.208763,0.016501,0.556872,0.107682,0
31,68,3067,0.341034,0.035167,0.223165,0.016759,0.570202,0.101802,0
31,69,3068,0.358934,0.044082,0.208615,0.017172,0.57406,0.104138,0
31,70,3069,0.330399,0.041598,0.225646,0.01115,0.545089,0.108464,0
31,71,3070,0.352408,0.03735,0.228757,0.019878,0.558668,0.108406,0
31,72,3071,0.33486,0.02857,0.206668,0.022552,0.547351,0.108989,0
31,73,3072,0.352919,0.038659,0.20919,0.013706,0.538053,0.107108,0
31,74,3073,0.342721,0.042267,0.219176,0.018915,0.557876,0.106563,0
31,75,3074,0.363333,0.043096,0.214381,0.017445,0.543302,0.110117,0
31,76,3075,0.321724,0.050732,0.211086,0.022886,0.533121,0.106329,0
31,77,3076,0.317317,0.040158,0.207322,0.025005,0.552001,0.1072,0
31,78,3077,0.339063,0.043182,0.203516,0.019296,0.561889,0.112761,0
31,79,3078,0.327397,0.0375,0.21543,0.021019,0.556664,0.107618,0
31,80,3079,0.353852,0.042652,0.204788,0.020958,0.533081,0.10871,0
31,81,3080,0.344014,0.042743,0.204471,0.010056,0.550894,0.108781,0
31,82,3081,0.340885,0.036761,0.198559,0.011204,0.552242,0.103099,0
31,83,3082,0.34881,0.048967,0.206077,0.019169,0.558556,0.110567,0
31,84,3083,0.352377,0.0288,0.214168,0.017603,0.553397,0.104356,0
31,85,3084,0.342583,0.03657,0.206295,0.028748,0.537475,0.113977,0
31,86,3085,0.352041,0.038317,0.21561,0.020069,0.562259,0.116019,0
31,87,3086,0.339262,0.040533,0.200395,0.017741,0.541509,0.11047,0
31,88,3087,0.334542,0.035405,0.203548,0.020136,0.551101,0.109612,0
31,89,3088,0.326522,0.032604,0.211799,0.019966,0.564683,0.098096,0
31,90,3089,0.347216,0.038399,0.211083,0.018651,0.569348,0.117477,0
31,91,3090,0.35348,0.041127,0.204037,0.020119,0.533799,0.107185,0
31,92,3091,0.33429,0.038995,0.209824,0.019393,0.545137,0.106008,0
31,93,3092,0.345614,0.035376,0.215403,0.019391,0.543472,0.107283,0
31,94,3093,0.344903,0.031226,0.211199,0.026214,0.566923,0.100592,0
31,95,3094,0.345115,0.040025,0.204427,0.015398,0.563902,0.100439,0
31,96,3095,0.351372,0.038632,0.214218,0.015909,0.537364,0.104487,0
31,97,3096,0.328376,0.040474,0.199966,0.01645,0.566405,0.094021,0
31,98,3097,0.336962,0.035825,0.216858,0.026882,0.565017,0.118405,0
31,99,3098,0.344574,0.042064,0.192222,0.015314,0.542375,0.109199,0
31,100,3099,0.346848,0.032296,0.203619,0.013951,0.550277,0.102227,0
32,1,3100,0.342733,0.046841,0.210066,0.017527,0.544995,0.099913,0
32,2,3101,0.325806,0.03116,0.202841,0.014597,0.552439,0.108063,0
32,3,3102,0.339051,0.03773,0.198913,0.020118,0.552751,0.099749,0
32,4,3103,0.34766,0.039531,0.201141,0.022025,0.558037,0.102563,0
32,5,3104,0.330084,0.03896,0.216348,0.024646,0.538608,0.111601,0
32,6,3105,0.341426,0.035682,0.216537,0.015466,0.558357,0.106207,0
32,7,3106,0.360016,0.037013,0.214067,0.022344,0.546141,0.099119,0
32,8,3107,0.346167,0.029191,0.213462,0.011783,0.541527,0.107278,0
32,9,3108,0.339776,0.037982,0.214118,0.024607,0.548388,0.105448,0
32,10,3109,0.35481,0.028127,0.203556,0.014056,0.553091,0.099302,0
32,11,3110,0.342844,0.0375,0.210153,0.022783,0.546177,0.104322,0
32,12,3111,0.343769,0.036325,0.209797,0.026215,0.552011,0.105053,0
32,13,3112,0.356248,0.035257,0.201841,0.011543,0.562619,0.107102,0
32,14,3113,0.340976,0.03667,0.194506,0.020839,0.556981,0.106322,0
32,15,3114,0.332266,0.034113,0.212246,0.014802,0.537822,0.113369,0
32,16,3115,0.346068,0.034239,0.204529,0.018534,0.560955,0.109105,0
32,17,3116,0.327415,0.036078,0.197384,0.015412,0.573839,0.097696,0
32,18,3117,0.33945,0.038438,0.217926,0.021449,0.545016,0.105688,0
32,19,3118,0.344308,0.039443,0.209353,0.018451,0.543297,0.110916,0
32,20,3119,0.335792,0.035217,0.204821,0.023626,0.588908,0.091677,0
32,21,3120,0.342195,0.040315,0.207598,0.017354,0.550751,0.109739,0
32,22,3121,0.338116,0.051676,0.209246,0.02184,0.544226,0.107507,0
32,23,3122,0.336733,0.033884,0.201536,0.014501,0.550766,0.114724,0
32,24,3123,0.333541,0.035655,0.194985,0.019988,0.566397,0.102855,0
32,25,3124,0.337504,0.038468,0.200974,0.015526,0.530649,0.106668,0
32,26,3125,0.35867,0.034127,0.213056,0.014339,0.558511,0.116115,0
32,27,3126,0.337713,0.036809,0.198895,0.018879,0.553156,0.106376,0
32,28,3127,0.347102,0.036664,0.196976,0.011141,0.542694,0.097896,0
32,29,3128,0.342139,0.03411,0.22369,0.013676,0.564271,0.105185,0
32,30,3129,0.339021,0.033385,0.220448,0.009932,0.546742,0.10727,0
32,31,3130,0.37011,0.041196,0.187162,0.012885,0.552443,0.099237,0
32,32,3131,0.33149,0.032557,0.212885,0.010598,0.562063,0.112517,0
32,33,3132,0.348959,0.034928,0.193919,0.026317,0.538827,0.097207,0
32,34,3133,0.358212,0.035437,0.20305,0.020011,0.551754,0.10739,0
32,35,3134,0.339135,0.041483,0.203101,0.021877,0.565933,0.101915,0
32,36,3135,0.336196,0.04,0.209482,0.018937,0.559019,0.107466,0
32,37,3136,0.334655,0.034521,0.209691,0.020584,0.551598,0.100823,0
32,38,3137,0.343442,0.046313,0.21282,0.027505,0.554712,0.10671,0
32,39,3138,0.347171,0.043894,0.212416,0.018496,0.551365,0.110406,0
32,40,3139,0.346444,0.033097,0.200509,0.020455,0.558858,0.110042,0
32,41,3140,0.331257,0.030243,0.206452,0.024033,0.549998,0.117249,0
32,42,3141,0.33304,0.035444,0.19625,0.012409,0.534645,0.106282,0
32,43,3142,0.346999,0.029416,0.206388,0.021972,0.559855,0.108839,0
32,44,3143,0.342026,0.045407,0.207895,0.018142,0.555324,0.106008,0
32,45,3144,0.338651,0.0421,0.190077,0.020474,0.542759,0.094249,0
32,46,3145,0.343765,0.0408,0.212114,0.012363,0.55293,0.110021,0
32,47,3146,0.323375,0.032129,0.216548,0.017421,0.574997,0.097949,0
32,48,3147,0.351274,0.035583,0.206515,0.020912,0.54088,0.110397,0
32,49,3148,0.316148,0.035353,0.215668,0.021299,0.558799,0.10588,0
32,50,3149,0.335949,0.041296,0.212911,0.021028,0.543245,0.107219,0
32,51,3150,0.327722,0.033856,0.200098,0.015483,0.522665,0.116843,0
32,52,3151,0.323033,0.041312,0.204743,0.017086,0.544344,0.108997,0
32,53,3152,0.329485,0.030243,0.207643,0.0222,0.56543,0.095631,0
32,54,3153,0.371585,0.043858,0.219025,0.02168,0.552343,0.102995,0
32,55,3154,0.348476,0.044722,0.202526,0.015571,0.529878,0.106848,0
32,56,3155,0.356034,0.038977,0.206072,0.023579,0.534279,0.102705,0
32,57,3156,0.341855,0.040037,0.205982,0.023038,0.565828,0.108198,0
32,58,3157,0.340575,0.048886,0.220833,0.013322,0.547287,0.106106,0
32,59,3158,0.360492,0.037027,0.214236,0.021013,0.547106,0.095071,0
32,60,3159,0.345946,0.031914,0.220903,0.01902,0.533583,0.097416,0
32,61,3160,0.33737,0.039113,0.210541,0.01896,0.538784,0.110968,0
32,62,3161,0.333613,0.030125,0.205782,0.022108,0.559604,0.108676,0
32,63,3162,0.341731,0.036723,0.213998,0.016461,0.54228,0.11747,0
32,64,3163,0.356538,0.031131,0.201638,0.017089,0.546029,0.108829,0
32,65,3164,0.337782,0.038591,0.205712,0.012807,0.552676,0.105656,0
32,66,3165,0.337747,0.035475,0.219122,0.026711,0.514088,0.107979,0
32,67,3166,0.350981,0.044951,0.194045,0.018875,0.570201,0.097593,0
32,68,3167,0.352169,0.042616,0.206289,0.018459,0.52601,0.113528,0
32,69,3168,0.351316,0.037628,0.212991,0.020734,0.549005,0.106823,0
32,70,3169,0.35239,0.032127,0.199208,0.014792,0.548321,0.113345,0
32,71,3170,0.347986,0.03439,0.208975,0.017702,0.536075,0.104471,0
32,72,3171,0.33259,0.030956,0.210727,0.022725,0.553281,0.100977,0
32,73,3172,0.350304,0.032435,0.211912,0.020828,0.561093,0.111219,0
32,74,3173,0.347451,0.037117,0.201824,0.023719,0.544344,0.101633,0
32,75,3174,0.335505,0.030884,0.198219,0.015322,0.553533,0.098666,0
32,76,3175,0.33491,0.036419,0.215009,0.018536,0.564115,0.104341,0
32,77,3176,0.342277,0.031815,0.198206,0.017341,0.529978,0.105676,0
32,78,3177,0.328018,0.039969,0.218271,0.024176,0.568687,0.104945,0
32,79,3178,0.338718,0.027738,0.211214,0.017282,0.528152,0.10161,0
32,80,3179,0.341288,0.043265,0.194322,0.017601,0.535132,0.112167,0
32,81,3180,0.351497,0.043024,0.216381,0.011628,0.551395,0.106221,0
32,82,3181,0.353808,0.041573,0.211745,0.019018,0.572767,0.102166,0
32,83,3182,0.341477,0.042876,0.200452,0.020145,0.527713,0.111029,0
32,84,3183,0.362167,0.04169,0.196191,0.017732,0.578196,0.116383,0
32,85,3184,0.354122,0.033144,0.215068,0.015269,0.551146,0.100638,0
32,86,3185,0.327561,0.048162,0.196232,0.013817,0.552702,0.112202,0
32,87,3186,0.331476,0.03113,0.206885,0.01786,0.55023,0.106609,0
32,88,3187,0.333268,0.037041,0.20395,0.019142,0.536499,0.108243,0
32,89,3188,0.35189,0.030583,0.212762,0.012484,0.525937,0.095397,0
32,90,3189,0.353476,0.042284,0.211232,0.014783,0.534794,0.109057,0
32,91,3190,0.35344,0.026598,0.207419,0.017685,0.54235,0.104488,0
32,92,3191,0.341057,0.040857,0.216993,0.018598,0.534895,0.097443,0
32,93,3192,0.349274,0.036459,0.210761,0.023298,0.537225,0.104419,0
32,94,3193,0.355793,0.041533,0.20529,0.007297,0.53669,0.104824,0
32,95,3194,0.342726,0.033452,0.20412,0.017462,0.536042,0.115258,0
32,96,3195,0.358083,0.031869,0.211349,0.015326,0.551231,0.103861,0
32,97,3196,0.333647,0.037365,0.20106,0.010323,0.537102,0.121333,0
32,98,3197,0.337721,0.045242,0.195202,0.018435,0.552474,0.103014,0
32,99,3198,0.337005,0.034478,0.211506,0.019632,0.550781,0.106042,0
32,100,3199,0.337183,0.040117,0.19366,0.008998,0.565997,0.10203,0
33,1,3200,0.327287,0.032435,0.209143,0.015934,0.539971,0.099533,0
33,2,3201,0.335109,0.039401,0.202008,0.01664,0.543323,0.107829,0
33,3,3202,0.364878,0.036876,0.204226,0.017643,0.549579,0.094278,0
33,4,3203,0.333405,0.036098,0.199451,0.019167,0.544496,0.105282,0
33,5,3204,0.351261,0.033251,0.182732,0.017357,0.572618,0.108973,0
33,6,3205,0.346549,0.027119,0.197002,0.019543,0.562734,0.101214,0
33,7,3206,0.305845,0.039599,0.208143,0.020885,0.551885,0.104971,0
33,8,3207,0.335046,0.033858,0.189302,0.013073,0.541479,0.090345,0
33,9,3208,0.338317,0.034273,0.184721,0.02413,0.526125,0.098851,0
33,10,3209,0.343764,0.033454,0.199381,0.018628,0.528321,0.106014,0
33,11,3210,0.344357,0.032832,0.187278,0.016913,0.525806,0.104172,0
33,12,3211,0.326494,0.041714,0.200041,0.027303,0.543539,0.10578,0
33,13,3212,0.350327,0.041281,0.189507,0.021302,0.549006,0.103855,0
33,14,3213,0.348396,0.033022,0.19407,0.020888,0.559274,0.091438,0
33,15,3214,0.32121,0.038067,0.210855,0.016455,0.530192,0.113853,0
33,16,3215,0.324119,0.03778,0.20665,0.021344,0.560716,0.098668,0
33,17,3216,0.325421,0.032788,0.206795,0.024547,0.565027,0.101391,0
33,18,3217,0.346804,0.034813,0.204099,0.017389,0.54014,0.101442,0
33,19,3218,0.327746,0.039953,0.20759,0.025326,0.546994,0.100958,0
33,20,3219,0.344579,0.034396,0.191668,0.014854,0.542696,0.107872,0
33,21,3220,0.341211,0.033342,0.198705,0.014855,0.54409,0.110161,0
33,22,3221,0.33708,0.024612,0.204243,0.020181,0.561172,0.092651,0
33,23,3222,0.322716,0.036421,0.208324,0.012655,0.543831,0.096067,0
33,24,3223,0.332449,0.029349,0.206423,0.023202,0.532902,0.100672,0
33,25,3224,0.319714,0.041948,0.200262,0.017474,0.537992,0.104718,0
33,26,3225,0.34974,0.030583,0.20859,0.016324,0.54262,0.112401,0
33,27,3226,0.343271,0.03451,0.206159,0.018734,0.52802,0.09958,0
33,28,3227,0.3521,0.038365,0.191729,0.016637,0.544643,0.107655,0
33,29,3228,0.338037,0.038285,0.205039,0.014181,0.562815,0.102567,0
33,30,3229,0.349615,0.038279,0.205647,0.013103,0.554808,0.107671,0
33,31,3230,0.337751,0.03449,0.221332,0.01553,0.527365,0.10086,0
33,32,3231,0.32489,0.032574,0.204594,0.022763,0.550078,0.112784,0
33,33,3232,0.346956,0.028524,0.189361,0.021585,0.543967,0.108824,0
33,34,3233,0.345054,0.035184,0.204669,0.019058,0.531079,0.1007,0
33,35,3234,0.323606,0.036794,0.209668,0.021934,0.547668,0.10789,0
33,36,3235,0.317061,0.041099,0.195803,0.013126,0.527959,0.117857,0
33,37,3236,0.331366,0.035276,0.207259,0.018757,0.529977,0.104823,0
33,38,3237,0.338713,0.031463,0.208402,0.019163,0.535342,0.107271,0
33,39,3238,0.345201,0.03417,0.189336,0.018367,0.545062,0.103167,0
33,40,3239,0.328929,0.038649,0.216435,0.016599,0.546142,0.103027,0
33,41,3240,0.33283,0.030675,0.215524,0.019354,0.550766,0.105194,0
33,42,3241,0.338782,0.037707,0.213111,0.028282,0.54561,0.098803,0
33,43,3242,0.330159,0.020655,0.197335,0.020447,0.541545,0.101188,0
33,44,3243,0.342968,0.035075,0.18509,0.015607,0.545765,0.102539,0
33,45,3244,0.339347,0.038368,0.195932,0.012669,0.546208,0.106774,0
33,46,3245,0.33451,0.036155,0.205684,0.019307,0.571686,0.097125,0
33,47,3246,0.341557,0.029106,0.20507,0.021468,0.540711,0.108458,0
33,48,3247,0.343917,0.035213,0.198753,0.015888,0.545119,0.097703,0
33,49,3248,0.358201,0.042063,0.203854,0.018551,0.535357,0.099766,0
33,50,3249,0.341211,0.030207,0.213493,0.01622,0.553136,0.098307,0
33,51,3250,0.33124,0.02716,0.19418,0.020927,0.549127,0.097925,0
33,52,3251,0.350609,0.034636,0.206904,0.020984,0.565756,0.095536,0
33,53,3252,0.345675,0.0337,0.204938,0.017967,0.539861,0.103084,0
33,54,3253,0.335865,0.028864,0.204222,0.016688,0.552591,0.102381,0
33,55,3254,0.354534,0.02707,0.19736,0.017604,0.532043,0.105324,0
33,56,3255,0.338428,0.034385,0.192023,0.018154,0.518439,0.098318,0
33,57,3256,0.360694,0.032739,0.195399,0.019529,0.56196,0.111516,0
33,58,3257,0.345654,0.039459,0.207025,0.015635,0.546436,0.107866,0
33,59,3258,0.34702,0.03113,0.209659,0.020672,0.549574,0.111716,0
33,60,3259,0.310663,0.040399,0.210387,0.022834,0.52804,0.108002,0
33,61,3260,0.34756,0.037115,0.188616,0.019738,0.529994,0.092144,0
33,62,3261,0.350988,0.035689,0.208398,0.019425,0.551371,0.096852,0
33,63,3262,0.343437,0.036039,0.197228,0.016028,0.558822,0.091974,0
33,64,3263,0.342638,0.044595,0.209618,0.018906,0.533359,0.104526,0
33,65,3264,0.329372,0.028699,0.203563,0.011439,0.533221,0.08749,0
33,66,3265,0.337539,0.043857,0.212829,0.019269,0.537441,0.099954,0
33,67,3266,0.342182,0.037792,0.200183,0.021723,0.535977,0.102148,0
33,68,3267,0.358232,0.030158,0.205492,0.015512,0.512073,0.105344,0
33,69,3268,0.346497,0.035813,0.204586,0.013848,0.547042,0.100822,0
33,70,3269,0.34788,0.042026,0.219297,0.020404,0.544648,0.108479,0
33,71,3270,0.33173,0.040986,0.196611,0.019162,0.54528,0.103366,0
33,72,3271,0.332234,0.043094,0.210965,0.015745,0.559509,0.103932,0
33,73,3272,0.352753,0.030461,0.201294,0.011841,0.523826,0.096835,0
33,74,3273,0.353733,0.03436,0.208094,0.021636,0.524859,0.096821,0
33,75,3274,0.343296,0.042907,0.190137,0.015832,0.535701,0.098622,0
33,76,3275,0.336097,0.035324,0.209377,0.01715,0.551418,0.098199,0
33,77,3276,0.340825,0.038782,0.213402,0.018401,0.546956,0.109933,0
33,78,3277,0.363859,0.038742,0.205776,0.020805,0.521812,0.097809,0
33,79,3278,0.33241,0.034917,0.199172,0.010714,0.54838,0.091087,0
33,80,3279,0.327253,0.035429,0.21151,0.010966,0.530994,0.091136,0
33,81,3280,0.343671,0.023807,0.206004,0.013309,0.523006,0.102005,0
33,82,3281,0.325019,0.033875,0.195769,0.019606,0.550424,0.107639,0
33,83,3282,0.32569,0.043274,0.193327,0.00906,0.553825,0.097279,0
33,84,3283,0.359486,0.043449,0.213882,0.017523,0.549128,0.101192,0
33,85,3284,0.351647,0.032016,0.198702,0.015294,0.539589,0.099151,0
33,86,3285,0.343658,0.041892,0.20207,0.026023,0.55073,0.114279,0
33,87,3286,0.328639,0.031259,0.193796,0.008356,0.549416,0.09026,0
33,88,3287,0.327867,0.036198,0.198201,0.020438,0.522707,0.100599,0
33,89,3288,0.319314,0.040448,0.190992,0.017435,0.543952,0.102079,0
33,90,3289,0.333526,0.037233,0.20301,0.017287,0.539805,0.098725,0
33,91,3290,0.316538,0.039901,0.196776,0.017666,0.527675,0.096919,0
33,92,3291,0.347347,0.03431,0.196977,0.010318,0.546265,0.097211,0
33,93,3292,0.332059,0.02657,0.190194,0.018426,0.528772,0.104302,0
33,94,3293,0.327029,0.035304,0.206316,0.014565,0.550086,0.091212,0
33,95,3294,0.327941,0.033347,0.207832,0.016439,0.529336,0.091885,0
33,96,3295,0.344065,0.032004,0.210838,0.01325,0.531714,0.099313,0
33,97,3296,0.317216,0.038838,0.215887,0.016041,0.525555,0.106306,0
33,98,3297,0.31892,0.037833,0.204324,0.013211,0.551706,0.10372,0
33,99,3298,0.339088,0.029565,0.203041,0.022929,0.519043,0.092846,0
33,100,3299,0.346763,0.029984,0.20144,0.019763,0.538602,0.090298,0
34,1,3300,0.321596,0.035571,0.204433,0.020976,0.547126,0.099717,0
34,2,3301,0.318526,0.040056,0.195108,0.01953,0.528046,0.098018,0
34,3,3302,0.328687,0.037803,0.196178,0.016054,0.536267,0.101863,0
34,4,3303,0.332137,0.03666,0.20078,0.019316,0.530824,0.096172,0
34,5,3304,0.349388,0.034258,0.189891,0.014618,0.523688,0.107318,0
34,6,3305,0.337651,0.033462,0.207733,0.019029,0.544,0.099699,0
34,7,3306,0.350213,0.03941,0.213473,0.017588,0.52388,0.095533,0
34,8,3307,0.349698,0.029922,0.216177,0.016648,0.544111,0.1151,0
34,9,3308,0.327652,0.028831,0.198121,0.014701,0.520357,0.099497,0
34,10,3309,0.332926,0.040853,0.189374,0.024637,0.527192,0.101935,0
34,11,3310,0.339198,0.030327,0.194438,0.0146,0.557871,0.098401,0
34,12,3311,0.322887,0.033912,0.198072,0.015883,0.517371,0.100229,0
34,13,3312,0.343374,0.016438,0.194221,0.009238,0.549874,0.105913,0
34,14,3313,0.346367,0.040526,0.197364,0.008035,0.524178,0.105207,0
34,15,3314,0.328232,0.045717,0.203826,0.011949,0.533453,0.10658,0
34,16,3315,0.3182,0.026529,0.194671,0.015721,0.538807,0.104371,0
34,17,3316,0.33106,0.030127,0.209155,0.021376,0.529348,0.112914,0
34,18,3317,0.348695,0.026852,0.205111,0.00593,0.544531,0.09388,0
34,19,3318,0.345301,0.038091,0.200907,0.015298,0.533667,0.093764,0
34,20,3319,0.326168,0.024914,0.190215,0.00421,0.530785,0.102593,0
34,21,3320,0.332775,0.027716,0.19695,0.021003,0.52271,0.100873,0
34,22,3321,0.344033,0.035599,0.198355,0.026243,0.546471,0.090253,0
34,23,3322,0.324078,0.033892,0.210188,0.019389,0.543798,0.104766,0
34,24,3323,0.338198,0.031526,0.196459,0.0227,0.529588,0.110547,0
34,25,3324,0.315624,0.044119,0.200232,0.007677,0.545933,0.099979,0
34,26,3325,0.308263,0.02993,0.197855,0.020159,0.560883,0.098781,0
34,27,3326,0.333747,0.035821,0.190321,0.024577,0.525364,0.101831,0
34,28,3327,0.329307,0.034667,0.214249,0.025854,0.531738,0.097493,0
34,29,3328,0.334888,0.039015,0.205733,0.025554,0.530788,0.093518,0
34,30,3329,0.338113,0.041096,0.204237,0.02299,0.536639,0.105542,0
34,31,3330,0.331446,0.031436,0.202224,0.014877,0.538831,0.102511,0
34,32,3331,0.327788,0.03197,0.186705,0.016211,0.52169,0.100669,0
34,33,3332,0.355924,0.032203,0.211616,0.014572,0.553817,0.09313,0
34,34,3333,0.359357,0.032094,0.206638,0.018472,0.533054,0.103116,0
34,35,3334,0.334925,0.035917,0.2153,0.014993,0.511033,0.093401,0
34,36,3335,0.324781,0.033182,0.201929,0.017597,0.524437,0.105913,0
34,37,3336,0.341668,0.031532,0.210364,0.017734,0.542696,0.104243,0
34,38,3337,0.331836,0.028995,0.182732,0.013855,0.53543,0.106404,0
34,39,3338,0.326298,0.032341,0.19206,0.008159,0.514418,0.108108,0
34,40,3339,0.332468,0.026255,0.198541,0.019057,0.542839,0.103963,0
34,41,3340,0.32895,0.047227,0.18364,0.013487,0.5352,0.103094,0
34,42,3341,0.354976,0.030462,0.191615,0.023353,0.54291,0.106338,0
34,43,3342,0.333746,0.025592,0.201678,0.019194,0.545545,0.099186,0
34,44,3343,0.342516,0.036513,0.193308,0.018691,0.545637,0.100182,0
34,45,3344,0.338325,0.02897,0.191619,0.018646,0.54236,0.112579,0
34,46,3345,0.353148,0.038375,0.183608,0.012429,0.526501,0.104679,0
34,47,3346,0.34051,0.018909,0.205594,0.020008,0.52216,0.0927,0
34,48,3347,0.329388,0.034158,0.189835,0.020418,0.533471,0.10115,0
34,49,3348,0.345506,0.031002,0.205648,0.019608,0.537174,0.109622,0
34,50,3349,0.32478,0.036645,0.19735,0.013727,0.552038,0.110387,0
34,51,3350,0.351135,0.035354,0.202866,0.01692,0.522396,0.09702,0
34,52,3351,0.33678,0.033047,0.191015,0.022975,0.539048,0.101454,0
34,53,3352,0.327468,0.025323,0.200437,0.017784,0.533536,0.106512,0
34,54,3353,0.336493,0.03426,0.188887,0.021256,0.550279,0.101964,0
34,55,3354,0.335703,0.031561,0.210158,0.015996,0.556935,0.104079,0
34,56,3355,0.347559,0.037395,0.198743,0.01381,0.518135,0.084706,0
34,57,3356,0.328859,0.038024,0.198423,0.02402,0.524643,0.093494,0
34,58,3357,0.343665,0.029888,0.190778,0.022551,0.514035,0.105351,0
34,59,3358,0.342869,0.035221,0.196898,0.022004,0.534829,0.121355,0
34,60,3359,0.341993,0.032661,0.205571,0.012016,0.53193,0.101974,0
34,61,3360,0.318385,0.034774,0.210764,0.01145,0.515625,0.10634,0
34,62,3361,0.332503,0.030691,0.210902,0.020103,0.534477,0.086254,0
34,63,3362,0.329686,0.032797,0.214318,0.015367,0.513967,0.107958,0
34,64,3363,0.346734,0.041356,0.191976,0.010806,0.54107,0.097535,0
34,65,3364,0.337639,0.034731,0.197836,0.010807,0.54539,0.100614,0
34,66,3365,0.332318,0.029116,0.199339,0.020123,0.535239,0.099159,0
34,67,3366,0.322634,0.038286,0.194976,0.020902,0.540636,0.104295,0
34,68,3367,0.330138,0.035862,0.181985,0.021305,0.524639,0.098472,0
34,69,3368,0.318464,0.033399,0.203715,0.008142,0.514951,0.104335,0
34,70,3369,0.324729,0.036198,0.189307,0.015761,0.514802,0.097958,0
34,71,3370,0.335832,0.029747,0.207622,0.012475,0.529977,0.095211,0
34,72,3371,0.34447,0.032995,0.175193,0.014567,0.549103,0.09692,0
34,73,3372,0.336641,0.028924,0.196866,0.012891,0.536511,0.09918,0
34,74,3373,0.32402,0.039845,0.20596,0.015781,0.531133,0.104893,0
34,75,3374,0.346074,0.030066,0.211949,0.02168,0.533063,0.096117,0
34,76,3375,0.323322,0.035161,0.190562,0.014896,0.526095,0.090558,0
34,77,3376,0.344188,0.031257,0.195467,0.012621,0.530388,0.098988,0
34,78,3377,0.352089,0.034741,0.190795,0.011944,0.536258,0.09258,0
34,79,3378,0.340297,0.028094,0.206032,0.01751,0.522466,0.097704,0
34,80,3379,0.334069,0.039648,0.206342,0.016538,0.53249,0.095402,0
34,81,3380,0.333511,0.035812,0.198033,0.012691,0.530394,0.106651,0
34,82,3381,0.351424,0.045874,0.194729,0.015206,0.53784,0.093092,0
34,83,3382,0.334616,0.029483,0.192238,0.008238,0.547257,0.104189,0
34,84,3383,0.307808,0.028584,0.196461,0.011845,0.509038,0.092646,0
34,85,3384,0.339875,0.042636,0.203966,0.015458,0.550884,0.088988,0
34,86,3385,0.338872,0.033143,0.189423,0.013242,0.514302,0.091001,0
34,87,3386,0.348396,0.02783,0.202349,0.017048,0.539676,0.099947,0
34,88,3387,0.319737,0.035924,0.197565,0.013023,0.537368,0.103919,0
34,89,3388,0.316729,0.023216,0.196422,0.019288,0.522081,0.106927,0
34,90,3389,0.327659,0.037128,0.190659,0.015594,0.522312,0.094961,0
34,91,3390,0.341017,0.032146,0.20274,0.016791,0.545645,0.096486,0
34,92,3391,0.32729,0.034672,0.216973,0.012174,0.5471,0.095317,0
34,93,3392,0.336403,0.031405,0.196236,0.013192,0.528715,0.097137,0
34,94,3393,0.330576,0.038453,0.205762,0.016162,0.559309,0.094746,0
34,95,3394,0.326264,0.041059,0.195256,0.009949,0.538944,0.100515,0
34,96,3395,0.320179,0.031182,0.202589,0.015761,0.533055,0.094929,0
34,97,3396,0.323141,0.03278,0.195026,0.018509,0.538798,0.101129,0
34,98,3397,0.323784,0.028078,0.193747,0.019731,0.536624,0.095547,0
34,99,3398,0.329771,0.037781,0.19277,0.016231,0.51555,0.092042,0
34,100,3399,0.330881,0.030508,0.195871,0.014813,0.549353,0.091207,0
35,1,3400,0.329281,0.034574,0.202949,0.019779,0.526701,0.095622,0
35,2,3401,0.330578,0.03413,0.212959,0.009348,0.522878,0.089824,0
35,3,3402,0.338231,0.03799,0.193685,0.018646,0.525467,0.101279,0
35,4,3403,0.34062,0.025875,0.203162,0.020105,0.538923,0.0908,0
35,5,3404,0.334231,0.032499,0.209313,0.010777,0.524797,0.087753,0
35,6,3405,0.363236,0.037032,0.200501,0.01697,0.523801,0.098633,0
35,7,3406,0.331669,0.032385,0.211852,0.015413,0.518333,0.099431,0
35,8,3407,0.31686,0.03108,0.193156,0.015064,0.536226,0.093743,0
35,9,3408,0.326906,0.044886,0.199751,0.010952,0.517288,0.09212,0
35,10,3409,0.318485,0.030164,0.206872,0.013831,0.535338,0.087632,0
35,11,3410,0.332498,0.026626,0.214257,0.009342,0.540829,0.10297,0
35,12,3411,0.348,0.044135,0.196012,0.016521,0.520491,0.090654,0
35,13,3412,0.313298,0.03404,0.199905,0.013475,0.519042,0.100183,0
35,14,3413,0.337155,0.027579,0.194296,0.018302,0.51066,0.098853,0
35,15,3414,0.332494,0.032009,0.192603,0.011148,0.525796,0.105407,0
35,16,3415,0.325589,0.029501,0.194033,0.017001,0.53949,0.111127,0
35,17,3416,0.334623,0.030031,0.189312,0.016941,0.552159,0.099134,0
35,18,3417,0.317748,0.031753,0.202957,0.01306,0.487573,0.099151,0
35,19,3418,0.321507,0.033641,0.194197,0.019542,0.537989,0.095836,0
35,20,3419,0.327596,0.022857,0.212743,0.018667,0.520918,0.085932,0
35,21,3420,0.328394,0.020781,0.193622,0.014155,0.524093,0.095983,0
35,22,3421,0.3238,0.027024,0.183551,0.013746,0.509505,0.103131,0
35,23,3422,0.343557,0.027235,0.194561,0.021107,0.528511,0.100469,0
35,24,3423,0.332954,0.038522,0.196764,0.017848,0.524039,0.103433,0
35,25,3424,0.335349,0.026419,0.188326,0.02082,0.537675,0.095225,0
35,26,3425,0.335375,0.034084,0.201017,0.015024,0.521074,0.090613,0
35,27,3426,0.332079,0.035429,0.185969,0.009103,0.521364,0.0911,0
35,28,3427,0.340452,0.02735,0.209931,0.017827,0.513177,0.109758,0
35,29,3428,0.327948,0.033773,0.201363,0.01226,0.523197,0.097854,0
35,30,3429,0.330195,0.028668,0.192317,0.010944,0.532791,0.093434,0
35,31,3430,0.328539,0.031372,0.18986,0.016775,0.521846,0.096582,0
35,32,3431,0.322742,0.030635,0.209865,0.01446,0.525999,0.101055,0
35,33,3432,0.320966,0.03131,0.202304,0.020964,0.507856,0.107617,0
35,34,3433,0.320975,0.023286,0.186506,0.014346,0.531649,0.097197,0
35,35,3434,0.32832,0.032719,0.221868,0.015628,0.51693,0.099866,0
35,36,3435,0.329819,0.038711,0.207808,0.015182,0.517478,0.099525,0
35,37,3436,0.332441,0.04463,0.208706,0.011325,0.518895,0.085436,0
35,38,3437,0.316226,0.039466,0.206153,0.014544,0.5211,0.105802,0
35,39,3438,0.317488,0.029735,0.20031,0.013565,0.530387,0.108562,0
35,40,3439,0.31418,0.027037,0.194473,0.012701,0.53112,0.097736,0
35,41,3440,0.325854,0.029447,0.194811,0.017276,0.501718,0.098528,0
35,42,3441,0.312335,0.029387,0.198993,0.017418,0.510484,0.099223,0
35,43,3442,0.327909,0.020817,0.189564,0.016662,0.536106,0.093144,0
35,44,3443,0.315116,0.037576,0.186686,0.016884,0.513409,0.088565,0
35,45,3444,0.345057,0.02603,0.184203,0.013641,0.559166,0.101683,0
35,46,3445,0.322902,0.044747,0.200315,0.017007,0.536218,0.089011,0
35,47,3446,0.337613,0.02459,0.196081,0.014705,0.505427,0.093566,0
35,48,3447,0.341763,0.0334,0.199358,0.015563,0.511132,0.092692,0
35,49,3448,0.329487,0.026546,0.200171,0.017624,0.504628,0.096964,0
35,50,3449,0.321611,0.045005,0.202733,0.021078,0.531381,0.097763,0
35,51,3450,0.332205,0.036885,0.202095,0.020471,0.526191,0.106652,0
35,52,3451,0.333186,0.02906,0.187037,0.012258,0.512408,0.095938,0
35,53,3452,0.328507,0.031311,0.187117,0.012404,0.497196,0.106147,0
35,54,3453,0.341482,0.032878,0.197376,0.016831,0.535207,0.097009,0
35,55,3454,0.331523,0.036778,0.186387,0.012543,0.528385,0.090713,0
35,56,3455,0.3362,0.030255,0.200735,0.017063,0.523726,0.097166,0
35,57,3456,0.33493,0.024976,0.189962,0.020224,0.509002,0.09487,0
35,58,3457,0.319778,0.028031,0.194929,0.020678,0.51142,0.089917,0
35,59,3458,0.317989,0.030415,0.195989,0.009962,0.527605,0.099583,0
35,60,3459,0.330446,0.025796,0.209196,0.013317,0.525426,0.093309,0
35,61,3460,0.322791,0.03,0.192184,0.019687,0.508106,0.095977,0
35,62,3461,0.336633,0.02326,0.200713,0.01041,0.517015,0.088084,0
35,63,3462,0.343283,0.031967,0.199658,0.01095,0.531921,0.105969,0
35,64,3463,0.322209,0.031282,0.191493,0.025502,0.517173,0.09585,0
35,65,3464,0.340624,0.031294,0.194328,0.011064,0.537386,0.095218,0
35,66,3465,0.325478,0.028694,0.181442,0.019308,0.516377,0.107423,0
35,67,3466,0.340393,0.038733,0.191548,0.011209,0.496856,0.098303,0
35,68,3467,0.320971,0.026761,0.191498,0.010131,0.515897,0.09157,0
35,69,3468,0.315888,0.036144,0.194683,0.02133,0.525453,0.096375,0
35,70,3469,0.326886,0.034912,0.208767,0.012403,0.529842,0.099441,0
35,71,3470,0.32237,0.027681,0.19107,0.01194,0.521146,0.091353,0
35,72,3471,0.328141,0.029213,0.196421,0.014301,0.531675,0.093216,0
35,73,3472,0.333521,0.027764,0.188542,0.010725,0.507625,0.092951,0
35,74,3473,0.304258,0.032367,0.186896,0.018529,0.517107,0.094166,0
35,75,3474,0.313836,0.025024,0.181512,0.025673,0.511728,0.102799,0
35,76,3475,0.326466,0.028867,0.202165,0.018508,0.514918,0.08711,0
35,77,3476,0.323455,0.030421,0.186577,0.010185,0.521727,0.091928,0
35,78,3477,0.328637,0.027634,0.19178,0.007703,0.521236,0.096222,0
35,79,3478,0.327728,0.029658,0.199653,0.023671,0.524793,0.082319,0
35,80,3479,0.306825,0.038908,0.207482,0.011589,0.510896,0.096591,0
35,81,3480,0.318868,0.028398,0.184365,0.018508,0.536045,0.094999,0
35,82,3481,0.325969,0.039028,0.185039,0.018634,0.52015,0.088843,0
35,83,3482,0.323821,0.032584,0.191771,0.013939,0.50785,0.087858,0
35,84,3483,0.326356,0.026287,0.19703,0.009155,0.512075,0.088311,0
35,85,3484,0.314008,0.020082,0.18836,0.013322,0.533013,0.094148,0
35,86,3485,0.321321,0.04235,0.190722,0.016805,0.531117,0.091732,0
35,87,3486,0.32844,0.030785,0.194298,0.010518,0.543484,0.098938,0
35,88,3487,0.309956,0.03407,0.195216,0.015146,0.510932,0.093497,0
35,89,3488,0.334064,0.022479,0.193871,0.016133,0.512143,0.085406,0
35,90,3489,0.313635,0.030458,0.194079,0.014495,0.517042,0.100065,0
35,91,3490,0.326013,0.023812,0.199108,0.012376,0.51332,0.098378,0
35,92,3491,0.337126,0.025314,0.199257,0.018888,0.534723,0.108329,0
35,93,3492,0.333572,0.034861,0.188914,0.017019,0.55333,0.095868,0
35,94,3493,0.350387,0.031368,0.205234,0.011916,0.520859,0.092531,0
35,95,3494,0.3296,0.032368,0.186847,0.02129,0.50716,0.096724,0
35,96,3495,0.334235,0.033887,0.200813,0.017371,0.505127,0.101957,0
35,97,3496,0.321687,0.031831,0.191242,0.014406,0.539746,0.087348,0
35,98,3497,0.331893,0.026426,0.195398,0.009731,0.535738,0.095527,0
35,99,3498,0.312586,0.026965,0.19642,0.007972,0.500304,0.090132,0
35,100,3499,0.330274,0.033769,0.209505,0.01492,0.521932,0.094881,0
36,1,3500,0.334221,0.034591,0.199155,0.021041,0.520321,0.091331,0
36,2,3501,0.314114,0.026913,0.185851,0.016366,0.524166,0.084357,0
36,3,3502,0.331198,0.032232,0.189626,0.016129,0.519666,0.09016,0
36,4,3503,0.309963,0.023322,0.193314,0.011578,0.516149,0.085276,0
36,5,3504,0.335074,0.035573,0.199889,0.016022,0.520718,0.089393,0
36,6,3505,0.32012,0.03253,0.189298,0.012429,0.528901,0.097433,0
36,7,3506,0.326448,0.020703,0.188758,0.00988,0.519662,0.101352,0
36,8,3507,0.317584,0.026091,0.210787,0.015202,0.521837,0.082123,0
36,9,3508,0.319618,0.030505,0.195719,0.017322,0.49693,0.088129,0
36,10,3509,0.321447,0.030365,0.188771,0.015679,0.525808,0.09512,0
36,11,3510,0.31864,0.034262,0.187785,0.0109,0.517685,0.094596,0
36,12,3511,0.327315,0.025266,0.183154,0.016512,0.508001,0.107586,0
36,13,3512,0.326887,0.035368,0.175477,0.010067,0.53145,0.103643,0
36,14,3513,0.326025,0.032167,0.195789,0.014631,0.496738,0.09236,0
36,15,3514,0.305113,0.032644,0.201506,0.011681,0.516648,0.091599,0
36,16,3515,0.329423,0.035074,0.202981,0.014163,0.552905,0.10385,0
36,17,3516,0.304342,0.029816,0.20791,0.025965,0.517265,0.096529,0
36,18,3517,0.31432,0.042938,0.191953,0.010149,0.514857,0.089632,0
36,19,3518,0.325516,0.03296,0.206323,0.017542,0.535615,0.090826,0
36,20,3519,0.32291,0.031554,0.198248,0.008514,0.513798,0.092925,0
36,21,3520,0.321832,0.030097,0.190483,0.019059,0.532071,0.09255,0
36,22,3521,0.334022,0.024825,0.200554,0.01757,0.506179,0.093586,0
36,23,3522,0.327919,0.031237,0.194002,0.007855,0.528184,0.09441,0
36,24,3523,0.324495,0.031403,0.18641,0.021002,0.513655,0.092135,0
36,25,3524,0.321435,0.031589,0.199288,0.014287,0.529148,0.086657,0
36,26,3525,0.329968,0.018295,0.193237,0.009894,0.533429,0.091906,0
36,27,3526,0.327606,0.02952,0.216333,0.019452,0.531287,0.106387,0
36,28,3527,0.321515,0.031099,0.172029,0.014739,0.520561,0.093255,0
36,29,3528,0.308263,0.038309,0.192101,0.006469,0.515282,0.099532,0
36,30,3529,0.316768,0.027986,0.190613,0.009672,0.516869,0.086128,0
36,31,3530,0.313468,0.025817,0.190716,0.014574,0.520682,0.096878,0
36,32,3531,0.324054,0.022868,0.181197,0.021233,0.523636,0.095309,0
36,33,3532,0.327732,0.027497,0.202482,0.012581,0.506601,0.083895,0
36,34,3533,0.318776,0.022447,0.196289,0.012066,0.535939,0.100458,0
36,35,3534,0.315747,0.023517,0.193533,0.017933,0.5163,0.090883,0
36,36,3535,0.328768,0.02259,0.20421,0.012315,0.519525,0.091555,0
36,37,3536,0.31722,0.025115,0.174911,0.019851,0.517194,0.100559,0
36,38,3537,0.317509,0.022398,0.199992,0.015151,0.511444,0.098346,0
36,39,3538,0.312876,0.034128,0.193823,0.018959,0.528579,0.097978,0
36,40,3539,0.334158,0.032254,0.195451,0.017457,0.510572,0.102914,0
36,41,3540,0.31894,0.025996,0.196242,0.010098,0.542623,0.085687,0
36,42,3541,0.324935,0.034253,0.197978,0.020479,0.506793,0.097722,0
36,43,3542,0.333987,0.020699,0.209668,0.013999,0.49736,0.089583,0
36,44,3543,0.302371,0.029624,0.187936,0.017175,0.503739,0.107279,0
36,45,3544,0.329031,0.020012,0.189704,0.021692,0.512638,0.093303,0
36,46,3545,0.320304,0.022841,0.214281,0.00905,0.515231,0.088599,0
36,47,3546,0.3173,0.034,0.178404,0.019583,0.529381,0.096674,0
36,48,3547,0.336884,0.020331,0.199408,0.011545,0.526149,0.089908,0
36,49,3548,0.305674,0.028475,0.205044,0.016665,0.522509,0.098721,0
36,50,3549,0.316753,0.02745,0.192011,0.012328,0.515287,0.092003,0
36,51,3550,0.324053,0.023501,0.19684,0.012525,0.518378,0.089508,0
36,52,3551,0.311956,0.031605,0.20504,0.010697,0.505493,0.09788,0
36,53,3552,0.312253,0.032697,0.187901,0.013342,0.50686,0.100331,0
36,54,3553,0.307882,0.032408,0.199537,0.019464,0.500628,0.092023,0
36,55,3554,0.316666,0.028815,0.19762,0.016513,0.508307,0.08987,0
36,56,3555,0.309902,0.03794,0.190095,0.013049,0.511771,0.092867,0
36,57,3556,0.333594,0.031869,0.191793,0.011775,0.528539,0.092348,0
36,58,3557,0.314887,0.033203,0.173176,0.012955,0.52936,0.093321,0
36,59,3558,0.325577,0.028859,0.195207,0.022577,0.531015,0.098012,0
36,60,3559,0.317338,0.021157,0.183073,0.010864,0.514931,0.08588,0
36,61,3560,0.310658,0.036428,0.182604,0.018869,0.488149,0.092347,0
36,62,3561,0.340052,0.027045,0.184334,0.016341,0.510851,0.094074,0
36,63,3562,0.314023,0.032752,0.191325,0.010187,0.516982,0.093617,0
36,64,3563,0.321074,0.030848,0.185035,0.017915,0.515157,0.086504,0
36,65,3564,0.316298,0.032493,0.190786,0.015572,0.504697,0.092942,0
36,66,3565,0.31622,0.024381,0.1929,0.019987,0.498437,0.09275,0
36,67,3566,0.324328,0.020778,0.189462,0.015502,0.516294,0.095054,0
36,68,3567,0.31565,0.03223,0.174505,0.013172,0.515827,0.101087,0
36,69,3568,0.325355,0.034905,0.189905,0.008708,0.495425,0.096945,0
36,70,3569,0.315689,0.029524,0.194608,0.016229,0.501176,0.082344,0
36,71,3570,0.307471,0.036449,0.174764,0.016179,0.525284,0.098825,0
36,72,3571,0.339284,0.027069,0.19645,0.019393,0.503976,0.091401,0
36,73,3572,0.302419,0.035743,0.19711,0.01664,0.48588,0.086599,0
36,74,3573,0.304109,0.029648,0.198243,0.016396,0.512355,0.099623,0
36,75,3574,0.32265,0.027855,0.189748,0.012886,0.514467,0.091024,0
36,76,3575,0.336933,0.025597,0.200111,0.018103,0.51599,0.093211,0
36,77,3576,0.323398,0.028254,0.202185,0.012422,0.509191,0.082732,0
36,78,3577,0.330921,0.033627,0.199002,0.017554,0.521161,0.097275,0
36,79,3578,0.308468,0.034791,0.186396,0.011729,0.51384,0.085198,0
36,80,3579,0.309275,0.029414,0.182697,0.019406,0.514235,0.099422,0
36,81,3580,0.311034,0.033046,0.19613,0.022539,0.523541,0.090216,0
36,82,3581,0.33258,0.034989,0.191274,0.009328,0.491274,0.085733,0
36,83,3582,0.336095,0.033161,0.202383,0.01135,0.495256,0.086501,0
36,84,3583,0.315791,0.029174,0.193594,0.011411,0.520187,0.088487,0
36,85,3584,0.331687,0.028424,0.197911,0.009295,0.515373,0.095914,0
36,86,3585,0.308256,0.029355,0.206752,0.01797,0.495321,0.091382,0
36,87,3586,0.317101,0.026341,0.19698,0.007992,0.520633,0.088683,0
36,88,3587,0.326648,0.028155,0.203913,0.018088,0.503496,0.100582,0
36,89,3588,0.329082,0.023034,0.181324,0.01422,0.505684,0.104802,0
36,90,3589,0.32247,0.034376,0.184374,0.007662,0.529613,0.092813,0
36,91,3590,0.3308,0.026311,0.187109,0.006115,0.500861,0.092673,0
36,92,3591,0.320954,0.034895,0.191822,0.009559,0.527989,0.087625,0
36,93,3592,0.321431,0.035964,0.181428,0.00988,0.508721,0.0914,0
36,94,3593,0.307308,0.023461,0.194067,0.016038,0.504075,0.092336,0
36,95,3594,0.32351,0.037565,0.186596,0.011006,0.506844,0.089013,0
36,96,3595,0.322419,0.027171,0.19413,0.015082,0.496606,0.093882,0
36,97,3596,0.334831,0.021901,0.183014,0.014848,0.518736,0.096786,0
36,98,3597,0.321236,0.026477,0.193484,0.014304,0.506181,0.090007,0
36,99,3598,0.323076,0.016507,0.198405,0.013808,0.500918,0.085907,0
36,100,3599,0.312078,0.036523,0.194999,0.022154,0.514789,0.095506,0
37,1,3600,0.319183,0.0311,0.191604,0.015405,0.515786,0.090183,0
37,2,3601,0.330773,0.026468,0.194601,0.013364,0.524671,0.080041,0
37,3,3602,0.323807,0.027227,0.180113,0.015331,0.51453,0.090553,0
37,4,3603,0.331632,0.026368,0.200014,0.01382,0.527309,0.090499,0
37,5,3604,0.319462,0.023954,0.203116,0.010475,0.5034,0.095366,0
37,6,3605,0.330337,0.027499,0.191321,0.021997,0.531883,0.096135,0
37,7,3606,0.30764,0.027682,0.203794,0.016821,0.510757,0.100873,0
37,8,3607,0.323395,0.030566,0.196691,0.019129,0.528599,0.089083,0
37,9,3608,0.318284,0.021296,0.184491,0.010562,0.505862,0.087283,0
37,10,3609,0.332161,0.022169,0.188903,0.014327,0.521008,0.098592,0
37,11,3610,0.302681,0.032157,0.180971,0.015687,0.52475,0.097023,0
37,12,3611,0.326619,0.031221,0.193877,0.005084,0.525497,0.099928,0
37,13,3612,0.324431,0.035062,0.193644,0.013115,0.515618,0.091573,0
37,14,3613,0.324578,0.033597,0.199773,0.017674,0.510324,0.092484,0
37,15,3614,0.334164,0.024356,0.186148,0.01253,0.499564,0.083651,0
37,16,3615,0.321712,0.029469,0.17984,0.01193,0.507278,0.091841,0
37,17,3616,0.314835,0.032971,0.193615,0.017926,0.509251,0.091526,0
37,18,3617,0.312903,0.020211,0.186707,0.017175,0.525768,0.086851,0
37,19,3618,0.319793,0.020905,0.166574,0.009966,0.505005,0.08455,0
37,20,3619,0.319174,0.039487,0.19237,0.013348,0.509365,0.095444,0
37,21,3620,0.314888,0.024263,0.189139,0.021106,0.517809,0.090921,0
37,22,3621,0.302569,0.0359,0.190119,0.004766,0.491124,0.098136,0
37,23,3622,0.31971,0.031129,0.189286,0.015873,0.514039,0.091109,0
37,24,3623,0.30068,0.032198,0.192886,0.015627,0.478757,0.084556,0
37,25,3624,0.309372,0.04026,0.189173,0.009696,0.507838,0.085574,0
37,26,3625,0.323882,0.030081,0.201464,0.015697,0.497191,0.095502,0
37,27,3626,0.318243,0.026744,0.176891,0.00987,0.50965,0.087556,0
37,28,3627,0.307446,0.027759,0.203852,0.013193,0.504956,0.096351,0
37,29,3628,0.312653,0.025067,0.197481,0.014122,0.511061,0.079704,0
37,30,3629,0.310713,0.030923,0.193274,0.012911,0.525973,0.089091,0
37,31,3630,0.319305,0.031235,0.17932,0.017172,0.510417,0.094424,0
37,32,3631,0.306203,0.028349,0.193887,0.017176,0.503059,0.086089,0
37,33,3632,0.31424,0.026777,0.207561,0.00691,0.513465,0.086684,0
37,34,3633,0.328704,0.032486,0.190105,0.019426,0.518481,0.099365,0
37,35,3634,0.310617,0.022972,0.208419,0.009317,0.504047,0.079592,0
37,36,3635,0.311547,0.028799,0.195278,0.009623,0.499724,0.097451,0
37,37,3636,0.301737,0.033227,0.20575,0.006856,0.522112,0.092271,0
37,38,3637,0.322583,0.033048,0.199738,0.007602,0.501256,0.091451,0
37,39,3638,0.311992,0.019601,0.179905,0.017563,0.502577,0.076858,0
37,40,3639,0.299983,0.029885,0.203372,0.013412,0.532016,0.086871,0
37,41,3640,0.317675,0.019764,0.182786,0.004223,0.51593,0.093646,0
37,42,3641,0.331526,0.028669,0.186333,0.014179,0.53329,0.094503,0
37,43,3642,0.322534,0.025055,0.186664,0.013535,0.526869,0.095486,0
37,44,3643,0.317936,0.028863,0.192739,0.005129,0.471991,0.09207,0
37,45,3644,0.30958,0.031743,0.193543,0.016647,0.513917,0.085167,0
37,46,3645,0.316575,0.027394,0.19699,0.010552,0.521455,0.094041,0
37,47,3646,0.304757,0.024779,0.185162,0.014972,0.522509,0.084722,0
37,48,3647,0.321257,0.027073,0.190959,0.01036,0.521051,0.085466,0
37,49,3648,0.332053,0.033292,0.174502,0.016775,0.484377,0.090397,0
37,50,3649,0.323097,0.031918,0.188168,0.012745,0.490089,0.084347,0
37,51,3650,0.318543,0.033311,0.180099,0.016381,0.49385,0.099367,0
37,52,3651,0.310434,0.03789,0.206458,0.015212,0.522023,0.088659,0
37,53,3652,0.308207,0.033511,0.198823,0.014421,0.509992,0.096376,0
37,54,3653,0.302205,0.031734,0.193342,0.024493,0.506609,0.092222,0
37,55,3654,0.307631,0.026534,0.197001,0.012129,0.517162,0.09096,0
37,56,3655,0.314976,0.019641,0.188219,0.010148,0.482091,0.08971,0
37,57,3656,0.305807,0.027323,0.199345,0.011141,0.513955,0.099906,0
37,58,3657,0.328779,0.025106,0.201384,0.015967,0.528672,0.093785,0
37,59,3658,0.303422,0.023685,0.198407,0.017415,0.503633,0.101086,0
37,60,3659,0.321393,0.020168,0.189346,0.022931,0.496213,0.093981,0
37,61,3660,0.302857,0.031505,0.183229,0.01847,0.500824,0.090968,0
37,62,3661,0.318986,0.028529,0.19929,0.009552,0.497316,0.094127,0
37,63,3662,0.304548,0.025176,0.182033,0.014971,0.494082,0.095977,0
37,64,3663,0.292617,0.017949,0.200451,0.010492,0.489363,0.088894,0
37,65,3664,0.32148,0.028383,0.192321,0.018753,0.50671,0.089819,0
37,66,3665,0.307721,0.026239,0.193556,0.011003,0.50033,0.081701,0
37,67,3666,0.317973,0.021203,0.201043,0.009153,0.51767,0.092532,0
37,68,3667,0.302187,0.031932,0.203571,0.006241,0.51431,0.095152,0
37,69,3668,0.31364,0.023735,0.202198,0.012966,0.501612,0.086441,0
37,70,3669,0.308651,0.02794,0.185472,0.002941,0.514496,0.093369,0
37,71,3670,0.315779,0.030696,0.184846,0.016739,0.488702,0.090909,0
37,72,3671,0.307261,0.022531,0.178714,0.011023,0.509385,0.079083,0
37,73,3672,0.315371,0.026936,0.177791,0.01288,0.506584,0.088858,0
37,74,3673,0.31179,0.021341,0.197606,0.008363,0.508055,0.100689,0
37,75,3674,0.318797,0.025881,0.182569,0.012245,0.512979,0.092118,0
37,76,3675,0.314665,0.027459,0.174557,0.022275,0.501034,0.09366,0
37,77,3676,0.31383,0.020254,0.169878,0.017879,0.512468,0.084225,0
37,78,3677,0.30922,0.028519,0.197744,0.007477,0.512241,0.091876,0
37,79,3678,0.311991,0.024964,0.205847,0.011801,0.512794,0.08823,0
37,80,3679,0.315823,0.024386,0.186185,0.006301,0.506887,0.090112,0
37,81,3680,0.318063,0.028063,0.192757,0.00924,0.510361,0.088529,0
37,82,3681,0.327452,0.03393,0.190499,0.014805,0.514927,0.083416,0
37,83,3682,0.336169,0.020379,0.202642,0.012407,0.505027,0.096848,0
37,84,3683,0.327497,0.021738,0.185274,0.00776,0.499173,0.092901,0
37,85,3684,0.336347,0.025637,0.184043,0.0178,0.520451,0.092127,0
37,86,3685,0.305862,0.020207,0.189043,0.012346,0.508523,0.088663,0
37,87,3686,0.323074,0.022966,0.187563,0.010908,0.494163,0.083781,0
37,88,3687,0.321998,0.030105,0.191923,0.016338,0.505212,0.097573,0
37,89,3688,0.306215,0.027556,0.17468,0.018724,0.49748,0.086452,0
37,90,3689,0.312867,0.035333,0.196204,0.011051,0.484885,0.075628,0
37,91,3690,0.318986,0.025475,0.189439,0.009304,0.506624,0.080778,0
37,92,3691,0.311796,0.028398,0.173455,0.004862,0.508647,0.095552,0
37,93,3692,0.300966,0.02276,0.190361,0.014937,0.497633,0.082884,0
37,94,3693,0.311904,0.028634,0.188119,0.012511,0.502441,0.084284,0
37,95,3694,0.315621,0.016764,0.196738,0.013134,0.491699,0.09888,0
37,96,3695,0.330967,0.032874,0.18188,0.011758,0.498909,0.077813,0
37,97,3696,0.321769,0.026244,0.196657,0.008499,0.526139,0.084488,0
37,98,3697,0.308669,0.025096,0.187238,0.013549,0.494416,0.09009,0
37,99,3698,0.322301,0.026011,0.183862,0.014265,0.493508,0.089267,0
37,100,3699,0.302779,0.012683,0.183929,0.006148,0.49536,0.081244,0
38,1,3700,0.32463,0.025757,0.197604,0.013162,0.515143,0.087187,0
38,2,3701,0.307152,0.029076,0.189187,0.01218,0.505072,0.093477,0
38,3,3702,0.321727,0.027201,0.179929,0.003509,0.524251,0.087818,0
38,4,3703,0.306914,0.013433,0.185213,0.012821,0.509168,0.082245,0
38,5,3704,0.32466,0.024386,0.192422,0.014114,0.514187,0.083961,0
38,6,3705,0.31244,0.020112,0.176786,0.010651,0.502221,0.089423,0
38,7,3706,0.325996,0.024932,0.188801,0.007607,0.503467,0.086566,0
38,8,3707,0.305965,0.03572,0.185994,0.016088,0.501083,0.086917,0
38,9,3708,0.318331,0.021892,0.185607,0.017224,0.469298,0.090623,0
38,10,3709,0.316096,0.028332,0.178881,0.016278,0.506848,0.087812,0
38,11,3710,0.337661,0.02885,0.195185,0.013674,0.52602,0.079904,0
38,12,3711,0.321051,0.012907,0.188643,0.012168,0.51205,0.091242,0
38,13,3712,0.306332,0.029455,0.191637,0.010397,0.504775,0.082292,0
38,14,3713,0.322212,0.032624,0.19674,0.012996,0.50074,0.09634,0
38,15,3714,0.333966,0.02104,0.174702,0.016831,0.494105,0.091191,0
38,16,3715,0.313841,0.033117,0.194005,0.012131,0.531473,0.087978,0
38,17,3716,0.324009,0.032289,0.181324,0.017753,0.504755,0.084045,0
38,18,3717,0.332831,0.027566,0.182244,0.008784,0.502071,0.080412,0
38,19,3718,0.309881,0.029275,0.182557,0.00294,0.482331,0.088353,0
38,20,3719,0.333635,0.029764,0.187963,0.013743,0.499298,0.080907,0
38,21,3720,0.294227,0.026732,0.191095,0.011513,0.527567,0.100332,0
38,22,3721,0.310547,0.022523,0.181004,0.014817,0.525857,0.09767,0
38,23,3722,0.295255,0.030881,0.201295,0.014995,0.498573,0.096454,0
38,24,3723,0.295284,0.027257,0.202507,0.01488,0.513539,0.088528,0
38,25,3724,0.307102,0.021682,0.184454,0.012854,0.482759,0.092666,0
38,26,3725,0.292559,0.029788,0.198945,0.014504,0.50236,0.093441,0
38,27,3726,0.319676,0.033765,0.194309,0.009539,0.51712,0.087478,0
38,28,3727,0.323339,0.034204,0.188385,0.019655,0.503815,0.096603,0
38,29,3728,0.332821,0.022501,0.182922,0.007696,0.516967,0.097181,0
38,30,3729,0.313482,0.023907,0.179886,0.010754,0.507749,0.084499,0
38,31,3730,0.330292,0.023443,0.195062,0.013455,0.50643,0.081308,0
38,32,3731,0.313703,0.032011,0.191536,0.009089,0.502568,0.087586,0
38,33,3732,0.321037,0.02176,0.185273,0.016608,0.507068,0.095715,0
38,34,3733,0.316233,0.0228,0.17842,0.009513,0.497751,0.086243,0
38,35,3734,0.337766,0.016694,0.197077,0.012587,0.496025,0.075871,0
38,36,3735,0.321529,0.034007,0.177688,0.017323,0.501505,0.075385,0
38,37,3736,0.317212,0.017377,0.188174,0.015934,0.513103,0.085443,0
38,38,3737,0.321675,0.029717,0.188798,0.012252,0.504305,0.083307,0
38,39,3738,0.308057,0.025059,0.191617,0.01525,0.518828,0.088327,0
38,40,3739,0.309856,0.02782,0.179294,0.011908,0.520352,0.088909,0
38,41,3740,0.29067,0.024906,0.200981,0.007854,0.483327,0.08388,0
38,42,3741,0.317432,0.01875,0.187592,0.019748,0.496989,0.088613,0
38,43,3742,0.322879,0.029429,0.171792,0.007257,0.489004,0.09223,0
38,44,3743,0.311032,0.025496,0.191677,0.013659,0.500332,0.089672,0
38,45,3744,0.308488,0.034522,0.184138,0.018028,0.492258,0.092541,0
38,46,3745,0.306076,0.022954,0.187495,0.013837,0.49992,0.08513,0
38,47,3746,0.306499,0.029233,0.194391,0.01819,0.523454,0.089698,0
38,48,3747,0.303271,0.026103,0.178142,0.00619,0.50103,0.092251,0
38,49,3748,0.318766,0.030786,0.204948,0.022976,0.50894,0.084801,0
38,50,3749,0.303618,0.032258,0.186171,0.013419,0.490388,0.079588,0
38,51,3750,1.191228,0.033063,-0.63156,0.015216,1.598316,0.097118,1
38,52,3751,1.212652,0.022852,-0.714384,0.020707,-0.455173,0.084737,1
38,53,3752,-0.625668,0.031757,0.828622,0.012566,1.299989,0.09624,1
38,54,3753,-0.135798,0.026128,1.092941,0.008704,1.221611,0.094931,1
38,55,3754,0.858497,0.023532,-0.850137,0.005578,-0.363923,0.090674,1
38,56,3755,1.42664,0.024875,0.648404,0.016187,0.093518,0.091287,1
38,57,3756,1.229786,0.027348,0.786038,0.010834,0.086962,0.086131,1
38,58,3757,-0.858024,0.025402,-0.346636,0.014131,-0.269117,0.081507,1
38,59,3758,0.726171,0.028636,-0.777798,0.016492,1.11122,0.088758,1
38,60,3759,0.305125,0.02365,0.175601,0.014545,0.488477,0.092741,1
38,61,3760,0.293542,0.022347,0.184902,0.010004,0.493197,0.093027,0
38,62,3761,0.30335,0.0251,0.184336,0.015948,0.502574,0.077703,0
38,63,3762,0.32685,0.022178,0.189548,0.007641,0.498425,0.089522,0
38,64,3763,0.31353,0.022491,0.19829,0.011432,0.500554,0.078309,0
38,65,3764,0.321372,0.018164,0.190526,0.003632,0.50627,0.086031,0
38,66,3765,0.302257,0.022527,0.188586,0.014656,0.502446,0.081429,0
38,67,3766,0.305476,0.026801,0.189068,0.011639,0.495207,0.092929,0
38,68,3767,0.323955,0.02476,0.188884,0.017737,0.466782,0.091879,0
38,69,3768,0.29766,0.03284,0.172909,0.013995,0.510837,0.08934,0
38,70,3769,0.316177,0.021078,0.182298,0.012452,0.480002,0.090392,0
38,71,3770,0.316069,0.020627,0.177028,0.010667,0.506076,0.088974,0
38,72,3771,0.31407,0.025678,0.178977,0.012913,0.509333,0.090092,0
38,73,3772,0.313078,0.02035,0.18013,0.012984,0.480989,0.084974,0
38,74,3773,0.29591,0.025035,0.186264,0.01242,0.499859,0.08662,0
38,75,3774,0.332733,0.024467,0.183494,0.008389,0.491847,0.091067,0
38,76,3775,0.304605,0.021205,0.202402,0.008922,0.514998,0.089177,0
38,77,3776,0.304311,0.026568,0.179443,0.018458,0.495426,0.090923,0
38,78,3777,0.30677,0.02499,0.175479,0.012643,0.51152,0.088007,0
38,79,3778,0.305696,0.026719,0.174953,0.009024,0.483156,0.086757,0
38,80,3779,0.310059,0.019407,0.199105,0.000431,0.498142,0.087936,0
38,81,3780,0.312107,0.026898,0.181782,0.006364,0.497044,0.080441,0
38,82,3781,0.32653,0.030094,0.194229,0.01243,0.509705,0.088704,0
38,83,3782,0.317626,0.018039,0.191967,0.005304,0.482877,0.078844,0
38,84,3783,0.335355,0.023884,0.19269,0.012813,0.505627,0.087372,0
38,85,3784,0.286325,0.026407,0.172039,0.017407,0.490703,0.080251,0
38,86,3785,0.308649,0.02804,0.192974,0.016707,0.481204,0.089667,0
38,87,3786,0.311181,0.015224,0.193803,0.010977,0.49139,0.085594,0
38,88,3787,0.299693,0.022349,0.184658,0.007869,0.498952,0.082047,0
38,89,3788,0.326073,0.024482,0.185534,0.011622,0.490769,0.093381,0
38,90,3789,0.32254,0.028989,0.191143,0.001088,0.496845,0.091691,0
38,91,3790,0.319455,0.024897,0.195929,0.012747,0.497786,0.091654,0
38,92,3791,0.310488,0.027132,0.193673,0.015814,0.495896,0.085242,0
38,93,3792,0.293989,0.024274,0.209037,0.006065,0.498522,0.088507,0
38,94,3793,0.315506,0.021467,0.174789,0.015878,0.504535,0.080411,0
38,95,3794,0.293864,0.027932,0.192579,0.01073,0.496142,0.086868,0
38,96,3795,0.315134,0.018222,0.191601,0.00779,0.480799,0.085982,0
38,97,3796,0.301273,0.025094,0.188496,0.016703,0.49854,0.082524,0
38,98,3797,0.31338,0.028026,0.178968,0.013051,0.494149,0.0904,0
38,99,3798,0.320421,0.025301,0.181809,0.010006,0.496541,0.083038,0
38,100,3799,0.299648,0.030753,0.186477,0.021021,0.500533,0.089563,0
39,1,3800,0.310727,0.020814,0.182282,0.013681,0.501277,0.077978,0
39,2,3801,0.304047,0.02052,0.189502,0.001698,0.495945,0.095777,0
39,3,3802,0.315344,0.016769,0.190104,0.015986,0.481721,0.081697,0
39,4,3803,0.304439,0.02373,0.180591,0.012068,0.50832,0.086545,0
39,5,3804,0.301794,0.018948,0.195507,0.018511,0.474182,0.089373,0
39,6,3805,0.305032,0.021015,0.201058,0.01856,0.484546,0.077095,0
39,7,3806,0.32214,0.018585,0.191608,0.009013,0.502998,0.085597,0
39,8,3807,0.30651,0.02455,0.184986,0.007312,0.518539,0.095382,0
39,9,3808,0.330114,0.030024,0.183301,0.011568,0.47475,0.090409,0
39,10,3809,0.31656,0.025582,0.177748,0.013189,0.4877,0.088881,0
39,11,3810,0.322731,0.025686,0.188328,0.015552,0.516444,0.085056,0
39,12,3811,0.316143,0.013768,0.179945,0.014894,0.490318,0.094312,0
39,13,3812,0.299075,0.021954,0.182289,0.018024,0.482616,0.090095,0
39,14,3813,0.313715,0.022929,0.200402,0.010889,0.506339,0.084658,0
39,15,3814,0.307737,0.023003,0.180298,0.014363,0.503725,0.083745,0
39,16,3815,0.311794,0.03059,0.196579,0.009453,0.518694,0.083377,0
39,17,3816,0.298437,0.025349,0.18346,0.009312,0.484551,0.079003,0
39,18,3817,0.327183,0.032986,0.190987,0.009861,0.486626,0.090027,0
39,19,3818,0.328404,0.024724,0.203683,0.007313,0.499929,0.087342,0
39,20,3819,0.324358,0.034633,0.18872,0.00421,0.500204,0.089882,0
39,21,3820,0.304166,0.022932,0.19354,0.017356,0.479151,0.082332,0
39,22,3821,0.317658,0.013575,0.184854,0.010656,0.485249,0.091588,0
39,23,3822,0.302483,0.020394,0.185691,0.009951,0.49417,0.088688,0
39,24,3823,0.308513,0.031367,0.192073,0.011756,0.498988,0.084701,0
39,25,3824,0.321588,0.016743,0.17883,0.012858,0.500002,0.099682,0
39,26,3825,0.307971,0.024689,0.199116,0.015255,0.474752,0.094453,0
39,27,3826,0.292522,0.022722,0.18897,0.015726,0.472675,0.080605,0
39,28,3827,0.312955,0.029203,0.188832,0.015582,0.495581,0.08807,0
39,29,3828,0.296076,0.027045,0.181648,0.0132,0.482326,0.082138,0
39,30,3829,0.319488,0.01767,0.173121,0.007809,0.480893,0.094531,0
39,31,3830,0.325603,0.029802,0.172063,0.007579,0.473689,0.084581,0
39,32,3831,0.288183,0.016244,0.187151,0.014179,0.469282,0.077383,0
39,33,3832,0.308253,0.016762,0.191692,0.003612,0.489786,0.090682,0
39,34,3833,0.301363,0.022176,0.174695,0.01127,0.492365,0.082502,0
39,35,3834,0.291256,0.020693,0.185972,0.011233,0.491466,0.078222,0
39,36,3835,0.302578,0.02879,0.187061,0.00952,0.50634,0.087628,0
39,37,3836,0.294938,0.026255,0.192052,0.004999,0.501024,0.088644,0
39,38,3837,0.321669,0.025702,0.188529,0.010281,0.502883,0.076896,0
39,39,3838,0.322182,0.02085,0.192593,0.010831,0.504805,0.080052,0
39,40,3839,0.296199,0.022454,0.195404,0.007533,0.475068,0.087222,0
39,41,3840,0.323382,0.028391,0.18471,0.018259,0.508945,0.081604,0
39,42,3841,0.30598,0.014213,0.185937,0.010412,0.487294,0.083776,0
39,43,3842,0.320736,0.017851,0.19164,0.012441,0.49713,0.084556,0
39,44,3843,0.313038,0.019138,0.174002,0.011911,0.501617,0.090741,0
39,45,3844,0.305168,0.023109,0.174735,0.008829,0.491841,0.08308,0
39,46,3845,0.296235,0.026978,0.177983,0.008845,0.49354,0.079063,0
39,47,3846,0.307715,0.019337,0.185869,0.00955,0.492036,0.091948,0
39,48,3847,0.304491,0.03043,0.183872,0.016467,0.490117,0.091728,0
39,49,3848,0.293242,0.015119,0.193122,0.015751,0.521217,0.075644,0
39,50,3849,0.300144,0.020509,0.187589,0.008854,0.492484,0.089522,0
39,51,3850,0.312019,0.022292,0.179949,0.013656,0.479389,0.085215,0
39,52,3851,0.296913,0.020977,0.179062,0.008304,0.490872,0.069927,0
39,53,3852,0.308875,0.019343,0.192231,0.008923,0.484884,0.07974,0
39,54,3853,0.309307,0.025272,0.169588,0.009094,0.49722,0.084385,0
39,55,3854,0.316732,0.02695,0.185523,0.012758,0.488198,0.072541,0
39,56,3855,0.313106,0.023215,0.192113,0.007986,0.509221,0.078423,0
39,57,3856,0.30205,0.026625,0.181578,0.011913,0.489346,0.080859,0
39,58,3857,0.284289,0.018842,0.18534,0.009923,0.503663,0.090183,0
39,59,3858,0.294269,0.022679,0.171744,0.009949,0.508416,0.086317,0
39,60,3859,0.308867,0.021527,0.186139,0.014318,0.502057,0.085003,0
39,61,3860,0.318326,0.018364,0.18254,0.016346,0.48542,0.076155,0
39,62,3861,0.284243,0.023292,0.179098,0.010719,0.486937,0.089933,0
39,63,3862,0.319741,0.022909,0.181264,0.012889,0.497882,0.07722,0
39,64,3863,0.302647,0.019285,0.179104,0.016393,0.486592,0.090973,0
39,65,3864,0.308708,0.01678,0.188937,0.010529,0.501142,0.092681,0
39,66,3865,0.294655,0.033491,0.180528,0.00609,0.517684,0.079694,0
39,67,3866,0.308132,0.022909,0.177332,0.0094,0.491357,0.091963,0
39,68,3867,0.304366,0.026509,0.197431,0.006912,0.504009,0.082113,0
39,69,3868,0.319942,0.029907,0.179407,0.010471,0.469172,0.088532,0
39,70,3869,0.308597,0.015673,0.18839,0.006979,0.494525,0.080012,0
39,71,3870,0.317009,0.019991,0.186095,0.013053,0.496046,0.094254,0
39,72,3871,0.310729,0.02043,0.175346,0.016169,0.49673,0.0727,0
39,73,3872,0.290762,0.018795,0.205132,0.009956,0.503232,0.092843,0
39,74,3873,0.326938,0.024838,0.202734,0.008722,0.511725,0.08391,0
39,75,3874,0.305185,0.022097,0.187662,0.004029,0.480496,0.088116,0
39,76,3875,0.309009,0.024512,0.191412,0.005545,0.483886,0.083303,0
39,77,3876,0.293626,0.022397,0.191825,0.009564,0.481917,0.086892,0
39,78,3877,0.303937,0.016884,0.195055,0.016179,0.478374,0.086064,0
39,79,3878,0.297343,0.026799,0.19322,0.007431,0.490572,0.090956,0
39,80,3879,0.312667,0.021617,0.171028,0.009929,0.510637,0.096007,0
39,81,3880,0.30142,0.03141,0.190337,0.017056,0.501584,0.075684,0
39,82,3881,0.30073,0.018988,0.179074,0.013752,0.49115,0.090889,0
39,83,3882,0.307785,0.014803,0.165045,0.013753,0.50166,0.083973,0
39,84,3883,0.317519,0.024803,0.185839,0.011151,0.483725,0.07683,0
39,85,3884,0.30156,0.030909,0.183095,0.001348,0.482854,0.077471,0
39,86,3885,0.310086,0.02082,0.179644,0.011748,0.48828,0.082642,0
39,87,3886,0.309132,0.02337,0.192435,0.008953,0.491978,0.098097,0
39,88,3887,0.293016,0.018694,0.182539,0.013264,0.49683,0.085348,0
39,89,3888,0.310489,0.022307,0.184359,0.009671,0.477524,0.076069,0
39,90,3889,0.304254,0.022146,0.177568,0.013122,0.489608,0.081136,0
39,91,3890,0.290141,0.022446,0.175634,0.011658,0.450978,0.084483,0
39,92,3891,0.293803,0.031962,0.192518,0.008966,0.485588,0.071384,0
39,93,3892,0.312064,0.02729,0.182678,0.006822,0.503628,0.083253,0
39,94,3893,0.307281,0.021125,0.172582,0.01643,0.50967,0.089319,0
39,95,3894,0.294825,0.016822,0.179865,0.012251,0.484969,0.07706,0
39,96,3895,0.313663,0.022323,0.167914,0.012592,0.507381,0.083324,0
39,97,3896,0.310857,0.018357,0.181148,0.010085,0.49404,0.078175,0
39,98,3897,0.309475,0.022622,0.190553,0.010219,0.491616,0.08099,0
39,99,3898,0.327766,0.025751,0.187449,0.014114,0.459987,0.084975,0
39,100,3899,0.304618,0.01732,0.179563,0.007676,0.500074,0.09204,0
40,1,3900,0.298316,0.018252,0.174852,0.00699,0.481814,0.088247,0
40,2,3901,0.318625,0.023405,0.192803,0.005545,0.481222,0.084106,0
40,3,3902,0.294912,0.019275,0.18226,0.008906,0.475328,0.080081,0
40,4,3903,0.294648,0.026016,0.193087,0.00892,0.490879,0.086366,0
40,5,3904,0.298012,0.025232,0.179884,0.011075,0.48979,0.088016,0
40,6,3905,0.305276,0.014478,0.194702,0.011125,0.484004,0.083163,0
40,7,3906,0.31658,0.025104,0.189093,0.00822,0.478711,0.082139,0
40,8,3907,0.296873,0.025199,0.175013,0.008284,0.489333,0.075761,0
40,9,3908,0.318263,0.033289,0.186365,0.013499,0.485501,0.080657,0
40,10,3909,0.312417,0.017621,0.185863,0.007829,0.483386,0.092547,0
40,11,3910,0.309995,0.019469,0.183246,0.00816,0.480637,0.08314,0
40,12,3911,0.302236,0.015207,0.172495,0.005762,0.507176,0.085104,0
40,13,3912,0.309463,0.027639,0.185903,0.017441,0.486594,0.086233,0
40,14,3913,0.304777,0.012533,0.181571,0.009754,0.482893,0.080165,0
40,15,3914,0.3229,0.024557,0.176156,0.013449,0.498818,0.084795,0
40,16,3915,0.310645,0.015462,0.184223,0.009969,0.486877,0.075388,0
40,17,3916,0.300705,0.023617,0.178707,0.009678,0.496563,0.077188,0
40,18,3917,0.295921,0.022306,0.187606,0.007605,0.493958,0.083121,0
40,19,3918,0.316044,0.012179,0.198502,0.008378,0.466771,0.083291,0
40,20,3919,0.307166,0.032219,0.184075,0.02274,0.501656,0.082739,0
40,21,3920,0.306496,0.024408,0.179167,0.00528,0.502255,0.088241,0
40,22,3921,0.314221,0.026199,0.176818,0.014718,0.486501,0.084702,0
40,23,3922,0.296127,0.024243,0.180697,0.013381,0.499514,0.080357,0
40,24,3923,0.288373,0.01484,0.186763,0.009488,0.479749,0.078418,0
40,25,3924,0.304733,0.026477,0.164733,0.012891,0.480274,0.080591,0
40,26,3925,0.308669,0.01641,0.182539,0.004385,0.485312,0.084562,0
40,27,3926,0.29841,0.018259,0.180188,0.006884,0.460033,0.075964,0
40,28,3927,0.309171,0.025671,0.178594,0.004387,0.490679,0.082131,0
40,29,3928,0.308105,0.022054,0.183471,0.014119,0.477485,0.076879,0
40,30,3929,0.303096,0.021905,0.18158,0.009264,0.505516,0.087774,0
40,31,3930,0.317263,0.018477,0.174375,0.011608,0.490567,0.085031,0
40,32,3931,0.289366,0.018457,0.186725,0.007002,0.462314,0.082936,0
40,33,3932,0.304145,0.019429,0.195448,0.011035,0.492473,0.081937,0
40,34,3933,0.31416,0.025079,0.170101,0.005676,0.471043,0.088371,0
40,35,3934,0.307284,0.022054,0.178196,0.015414,0.486642,0.073315,0
40,36,3935,0.315253,0.028421,0.19064,0.010077,0.468083,0.075626,0
40,37,3936,0.317074,0.028198,0.178013,0.001694,0.471116,0.089052,0
40,38,3937,0.298896,0.017506,0.17226,0.018918,0.505662,0.076959,0
40,39,3938,0.301625,0.024381,0.188697,0.00594,0.500323,0.079741,0
40,40,3939,0.312275,0.009409,0.187737,0.007282,0.485762,0.089298,0
40,41,3940,0.29928,0.019025,0.173399,0.011025,0.486698,0.084578,0
40,42,3941,0.301764,0.019955,0.179963,0.007761,0.48868,0.076115,0
40,43,3942,0.302565,0.027086,0.171224,0.001015,0.47751,0.074832,0
40,44,3943,0.308447,0.024476,0.179426,0.012253,0.479488,0.086596,0
40,45,3944,0.303189,0.028447,0.183019,0.006442,0.488514,0.084614,0
40,46,3945,0.292088,0.021585,0.171934,0.009547,0.476368,0.087547,0
40,47,3946,0.302654,0.019528,0.185336,0.010925,0.479671,0.082183,0
40,48,3947,0.294714,0.022347,0.185667,0.012284,0.480665,0.0898,0
40,49,3948,0.309236,0.016639,0.174052,0.008651,0.474732,0.085383,0
40,50,3949,0.313096,0.014088,0.182137,0.015902,0.495802,0.090148,0
40,51,3950,0.298232,0.023976,0.191987,0.007324,0.461731,0.092585,0
40,52,3951,0.30083,0.010499,0.18314,0.008368,0.48455,0.081652,0
40,53,3952,0.30429,0.022576,0.179973,0.010676,0.485914,0.083086,0
40,54,3953,0.320847,0.01731,0.17841,0.017242,0.481905,0.087,0
40,55,3954,0.312162,0.023512,0.169108,0.011154,0.471739,0.089007,0
40,56,3955,0.305825,0.018592,0.183924,0.006691,0.511746,0.088516,0
40,57,3956,0.297283,0.01534,0.163614,0.010772,0.481022,0.084436,0
40,58,3957,0.310261,0.013559,0.188241,0.008804,0.489651,0.087423,0
40,59,3958,0.303885,0.0253,0.169251,0.006614,0.480009,0.073263,0
40,60,3959,0.302921,0.020536,0.189785,0.012702,0.482428,0.07923,0
40,61,3960,0.327188,0.013512,0.17379,0.006108,0.486431,0.082578,0
40,62,3961,0.305647,0.025471,0.190798,0.001866,0.491347,0.07343,0
40,63,3962,0.301598,0.014737,0.189384,0.005218,0.492046,0.072549,0
40,64,3963,0.325466,0.012646,0.175474,0.008279,0.510021,0.0807,0
40,65,3964,0.289808,0.011421,0.176175,0.019627,0.485971,0.087406,0
40,66,3965,0.309538,0.015244,0.180538,0.006831,0.492717,0.083441,0
40,67,3966,0.299423,0.025696,0.176301,0.012843,0.459069,0.076542,0
40,68,3967,0.307763,0.016541,0.172236,0.009273,0.481834,0.092477,0
40,69,3968,0.302257,0.024431,0.17041,0.002635,0.491481,0.081392,0
40,70,3969,0.310489,0.018012,0.184132,0.009255,0.482069,0.077376,0
40,71,3970,0.298743,0.018936,0.18576,0.012997,0.46875,0.080727,0
40,72,3971,0.31579,0.022375,0.198184,0.011168,0.480322,0.080752,0
40,73,3972,0.29148,0.019394,0.175045,0.014398,0.459132,0.081781,0
40,74,3973,0.297361,0.011456,0.188348,0.000204,0.481783,0.084957,0
40,75,3974,0.29614,0.025938,0.18999,0.015383,0.512819,0.077728,0
40,76,3975,0.281499,0.02005,0.164795,0.008167,0.464382,0.083383,0
40,77,3976,0.309857,0.017461,0.177263,0.006329,0.495709,0.082343,0
40,78,3977,0.326256,0.030357,0.192235,0.007417,0.475829,0.083094,0
40,79,3978,0.315686,0.020164,0.171701,0.014031,0.474873,0.068784,0
40,80,3979,0.30325,0.021279,0.190452,0.009262,0.476092,0.0881,0
40,81,3980,0.30392,0.018023,0.171303,0.018989,0.475097,0.08237,0
40,82,3981,0.288891,0.02877,0.194949,0.012453,0.482899,0.079446,0
40,83,3982,0.301797,0.025269,0.173194,0.016292,0.476368,0.076065,0
40,84,3983,0.283483,0.017934,0.163134,0.007467,0.473768,0.082295,0
40,85,3984,0.313839,0.030641,0.173113,0.014237,0.485934,0.070047,0
40,86,3985,0.303986,0.014916,0.181521,0.020434,0.500318,0.075848,0
40,87,3986,0.290652,0.025236,0.202307,0.012842,0.495328,0.086828,0
40,88,3987,0.291086,0.02671,0.171709,0.012934,0.494621,0.07744,0
40,89,3988,0.291676,0.021022,0.173024,0.006742,0.487523,0.084065,0
40,90,3989,0.312259,0.017978,0.196829,0.00958,0.482509,0.077739,0
40,91,3990,0.29701,0.026582,0.181025,0.014795,0.457617,0.091969,0
40,92,3991,0.309483,0.0209,0.171087,0.000397,0.502633,0.078933,0
40,93,3992,0.315045,0.017709,0.185395,0.008741,0.465582,0.085648,0
40,94,3993,0.299972,0.020625,0.183771,0.017955,0.476674,0.07823,0
40,95,3994,0.283078,0.020789,0.184398,0.01007,0.479728,0.074788,0
40,96,3995,0.304999,0.021718,0.183301,0.015325,0.487266,0.083034,0
40,97,3996,0.297221,0.020476,0.169937,0.018399,0.450629,0.089049,0
40,98,3997,0.320514,0.022629,0.161223,0.00834,0.486654,0.090369,0
40,99,3998,0.31469,0.022531,0.1622,0.011391,0.485543,0.078112,0
40,100,3999,0.296796,0.021794,0.186337,0.001419,0.483152,0.082958,0
41,1,4000,0.314198,0.026722,0.17707,0.009668,0.489262,0.087696,0
41,2,4001,0.302692,0.014362,0.16441,0.006708,0.484926,0.089292,0
41,3,4002,0.301455,0.016717,0.174123,0.01132,0.465471,0.075336,0
41,4,4003,0.284698,0.019286,0.169583,0.007233,0.489224,0.079467,0
41,5,4004,0.30948,0.023894,0.179774,0.004697,0.478418,0.076683,0
41,6,4005,0.285254,0.015531,0.171753,0.008933,0.470382,0.075635,0
41,7,4006,0.299748,0.014302,0.173193,0.018103,0.471151,0.067181,0
41,8,4007,0.302088,0.019412,0.184189,0.009532,0.476721,0.086678,0
41,9,4008,0.291349,0.011376,0.175925,0.007608,0.491056,0.07923,0
41,10,4009,0.28903,0.024274,0.189411,0.005061,0.498721,0.075704,0
41,11,4010,0.30512,0.019444,0.17693,0.014589,0.47172,0.079287,0
41,12,4011,0.294864,0.024906,0.183894,0.013466,0.463245,0.081597,0
41,13,4012,0.307494,0.019648,0.181927,0.010097,0.487428,0.074502,0
41,14,4013,0.3014,0.015619,0.179953,0.013822,0.458412,0.078593,0
41,15,4014,0.284876,0.020529,0.176171,0.012848,0.493623,0.079644,0
41,16,4015,0.290029,0.026875,0.179254,0.005936,0.482382,0.079117,0
41,17,4016,0.315573,0.021073,0.191374,0.008174,0.4691,0.06942,0
41,18,4017,0.295075,0.015697,0.188505,0.009121,0.476642,0.075885,0
41,19,4018,0.284936,0.020044,0.187105,0.009481,0.491211,0.087504,0
41,20,4019,0.298696,0.021349,0.175672,0.007798,0.47172,0.094691,0
41,21,4020,0.290306,0.028109,0.176371,0.010012,0.456407,0.0861,0
41,22,4021,0.310698,0.012894,0.184427,0.008638,0.494355,0.080865,0
41,23,4022,0.29599,0.019415,0.170451,0.00858,0.501365,0.083875,0
41,24,4023,0.30274,0.023692,0.183234,0.011449,0.454187,0.085952,0
41,25,4024,0.299796,0.023697,0.180547,0.013935,0.478274,0.080966,0
41,26,4025,0.304753,0.012916,0.174738,0.012142,0.493117,0.074917,0
41,27,4026,0.302906,0.01321,0.188144,0.007957,0.468969,0.077317,0
41,28,4027,0.289759,0.016808,0.190467,0.008784,0.484565,0.084021,0
41,29,4028,0.290076,0.017637,0.191475,0.015508,0.483673,0.083531,0
41,30,4029,0.314124,0.019959,0.173231,0.008689,0.479206,0.078812,0
41,31,4030,0.282822,0.019827,0.180296,0.010161,0.487815,0.083412,0
41,32,4031,0.301243,0.020456,0.180415,0.004631,0.463318,0.079109,0
41,33,4032,0.291925,0.01787,0.188099,0.005367,0.487878,0.075612,0
41,34,4033,0.295609,0.014878,0.176048,0.002563,0.481934,0.060399,0
41,35,4034,0.314314,0.03023,0.186466,0.00715,0.503351,0.071816,0
41,36,4035,0.304266,0.009921,0.168107,0.011855,0.46676,0.074593,0
41,37,4036,0.299668,0.018528,0.18614,0.007394,0.450354,0.062351,0
41,38,4037,0.29831,0.02331,0.186169,0.015174,0.479275,0.080545,0
41,39,4038,0.28238,0.0251,0.17579,0.007856,0.470461,0.070818,0
41,40,4039,0.290997,0.024408,0.175883,0.003479,0.493364,0.080021,0
41,41,4040,0.288539,0.01659,0.187074,0.016941,0.477559,0.075037,0
41,42,4041,0.30124,0.017041,0.180923,0.005808,0.472224,0.075006,0
41,43,4042,0.306702,0.015031,0.177072,0.01208,0.486944,0.070065,0
41,44,4043,0.306943,0.028443,0.157815,0.006946,0.479725,0.078687,0
41,45,4044,0.292503,0.014018,0.169172,0.006589,0.469699,0.080983,0
41,46,4045,0.287657,0.015587,0.174138,0.006557,0.484477,0.086858,0
41,47,4046,0.304632,0.019979,0.190833,0.008859,0.481143,0.079362,0
41,48,4047,0.298114,0.021391,0.173231,0.006976,0.468148,0.076401,0
41,49,4048,0.304125,0.020367,0.175029,0.014757,0.484993,0.078571,0
41,50,4049,0.282255,0.014895,0.18223,0.003178,0.467109,0.076175,0
41,51,4050,0.308473,0.014974,0.181396,0.002459,0.472033,0.081532,0
41,52,4051,0.302211,0.015967,0.171792,0.006629,0.471757,0.076569,0
41,53,4052,0.313421,0.026934,0.18033,0.008101,0.469441,0.080341,0
41,54,4053,0.293419,0.020704,0.178962,0.007182,0.477116,0.074778,0
41,55,4054,0.291553,0.015255,0.186746,0.007891,0.4978,0.08214,0
41,56,4055,0.290084,0.028767,0.18016,0.01162,0.475971,0.079945,0
41,57,4056,0.300597,0.024004,0.168795,0.015602,0.482734,0.075699,0
41,58,4057,0.306537,0.02456,0.176282,0.011652,0.479633,0.077242,0
41,59,4058,0.313096,0.017583,0.167756,0.015994,0.495234,0.080662,0
41,60,4059,0.287959,0.012259,0.167656,0.009428,0.469685,0.074757,0
41,61,4060,0.29153,0.015223,0.174352,0.013084,0.47436,0.079879,0
41,62,4061,0.303354,0.021487,0.168694,0.010864,0.475864,0.083523,0
41,63,4062,0.302952,0.028253,0.19065,0.014444,0.483765,0.075552,0
41,64,4063,0.294788,0.027632,0.182414,0.010278,0.479229,0.077547,0
41,65,4064,0.302972,0.014117,0.177219,0.00445,0.466256,0.078054,0
41,66,4065,0.289404,0.020234,0.166647,0.009576,0.48624,0.077648,0
41,67,4066,0.299113,0.017431,0.173745,0.003508,0.459178,0.08399,0
41,68,4067,0.297332,0.010788,0.170176,0.010369,0.468416,0.066493,0
41,69,4068,0.285556,0.01928,0.177313,0.011007,0.470482,0.079846,0
41,70,4069,0.289617,0.022816,0.173519,0.008983,0.468835,0.075482,0
41,71,4070,0.301092,0.023912,0.176488,0.013098,0.468507,0.074599,0
41,72,4071,0.295322,0.021963,0.167574,0.008074,0.485898,0.083643,0
41,73,4072,0.292675,0.010034,0.17577,0.011824,0.483833,0.074682,0
41,74,4073,0.290913,0.009054,0.173593,0.009462,0.472985,0.075828,0
41,75,4074,0.290749,0.022047,0.177773,0.021927,0.470092,0.080407,0
41,76,4075,0.311874,0.023488,0.163712,0.00516,0.472365,0.074647,0
41,77,4076,0.277419,0.019114,0.18356,0.012731,0.472188,0.086785,0
41,78,4077,0.288787,0.026068,0.177666,0.015537,0.490138,0.079236,0
41,79,4078,0.287908,0.021416,0.182012,0.002745,0.472767,0.082868,0
41,80,4079,0.280877,0.013148,0.174862,0.014805,0.466395,0.083982,0
41,81,4080,0.2866,0.017431,0.168547,0.014972,0.465262,0.068317,0
41,82,4081,0.291369,0.021624,0.175689,0.013854,0.468895,0.083729,0
41,83,4082,0.287667,0.012716,0.167615,0.010835,0.470268,0.078391,0
41,84,4083,0.301549,0.012314,0.172895,0.001601,0.481215,0.067376,0
41,85,4084,0.294512,0.017524,0.183975,0.008742,0.484869,0.079756,0
41,86,4085,0.310856,0.024437,0.184043,0.012972,0.478782,0.079461,0
41,87,4086,0.291053,0.019482,0.163754,0.003417,0.494902,0.081121,0
41,88,4087,0.282069,0.016119,0.165725,0.007949,0.481204,0.08011,0
41,89,4088,0.270815,0.027993,0.170634,0.009768,0.474182,0.078805,0
41,90,4089,0.282334,0.031155,0.182541,0.009318,0.494982,0.070898,0
41,91,4090,0.299523,0.020322,0.158608,0.003373,0.491837,0.075787,0
41,92,4091,0.293247,0.016637,0.190457,0.017502,0.469281,0.086499,0
41,93,4092,0.296411,0.014798,0.168805,0.003863,0.495571,0.077306,0
41,94,4093,0.290561,0.014885,0.193754,0.003747,0.475381,0.073664,0
41,95,4094,0.295896,0.01375,0.181911,0.008872,0.468728,0.071969,0
41,96,4095,0.288437,0.011304,0.162046,0.013599,0.48331,0.083429,0
41,97,4096,0.305472,0.017731,0.174255,0.005135,0.477434,0.080475,0
41,98,4097,0.292977,0.022016,0.166095,0.004609,0.459211,0.076199,0
41,99,4098,0.30419,0.025353,0.18037,0.013511,0.461178,0.071712,0
41,100,4099,0.286118,0.025145,0.17942,0.011819,0.463989,0.087109,0
42,1,4100,0.289172,0.018843,0.181463,0.016982,0.466723,0.078215,0
42,2,4101,0.273207,0.013001,0.184707,0.015856,0.460844,0.06967,0
42,3,4102,0.291182,0.025256,0.187298,0.012716,0.451302,0.069389,0
42,4,4103,0.287073,0.016217,0.185798,0.01508,0.471688,0.072788,0
42,5,4104,0.308035,0.018891,0.172644,0.013291,0.491155,0.068159,0
42,6,4105,0.295487,0.015457,0.178332,0.010433,0.458078,0.077395,0
42,7,4106,0.286905,0.015191,0.169053,0.012342,0.459716,0.077954,0
42,8,4107,0.308363,0.017206,0.171435,0.00587,0.475509,0.08175,0
42,9,4108,0.292323,0.018495,0.178097,0.005832,0.488909,0.076893,0
42,10,4109,0.298589,0.0128,0.176679,0.018033,0.490326,0.077672,0
42,11,4110,0.289527,0.017408,0.174161,0.007909,0.478669,0.070698,0
42,12,4111,0.285627,0.026151,0.182652,0.005744,0.477327,0.068333,0
42,13,4112,0.297915,0.019116,0.184536,0.011325,0.467847,0.082258,0
42,14,4113,0.29338,0.020479,0.17401,0.001734,0.447866,0.076201,0
42,15,4114,0.283527,0.018389,0.186998,0.009395,0.486667,0.074336,0
42,16,4115,0.292671,0.01783,0.173554,0.01122,0.481627,0.078658,0
42,17,4116,0.293716,0.01672,0.178408,0.009307,0.489589,0.072342,0
42,18,4117,0.287814,0.02307,0.166112,0.004175,0.475607,0.081586,0
42,19,4118,0.286235,0.020927,0.177606,0.00582,0.479433,0.077206,0
42,20,4119,0.286345,0.027405,0.17374,0.004983,0.465893,0.077145,0
42,21,4120,0.287234,0.023958,0.182918,0.007019,0.468862,0.080004,0
42,22,4121,0.294654,0.017424,0.171805,0.006487,0.482973,0.079578,0
42,23,4122,0.295271,0.019109,0.183509,0.014214,0.471363,0.069771,0
42,24,4123,0.305078,0.010308,0.16695,0.011799,0.454636,0.06956,0
42,25,4124,0.290822,0.024361,0.167776,0.003704,0.489631,0.07768,0
42,26,4125,0.292684,0.013981,0.178795,0.012075,0.472352,0.082615,0
42,27,4126,0.292253,0.015238,0.182247,0.010586,0.471449,0.082302,0
42,28,4127,0.288467,0.018719,0.180612,0.008725,0.45406,0.078631,0
42,29,4128,0.290646,0.01931,0.189386,0.004364,0.479241,0.069701,0
42,30,4129,0.2996,0.018069,0.173612,0.010541,0.47017,0.076793,0
42,31,4130,0.310413,0.024402,0.188821,0.006543,0.461417,0.073613,0
42,32,4131,0.288018,0.019199,0.170178,0.003268,0.471071,0.072974,0
42,33,4132,0.284479,0.017135,0.163909,0.00275,0.469905,0.080249,0
42,34,4133,0.29096,0.009528,0.185481,0.007938,0.467293,0.078248,0
42,35,4134,0.303806,0.018023,0.179678,0.007356,0.47964,0.071042,0
42,36,4135,0.292863,0.022646,0.193456,0.008211,0.474844,0.071135,0
42,37,4136,0.324651,0.008926,0.1931,0.012605,0.455653,0.089837,0
42,38,4137,0.280184,0.016528,0.175468,0.01195,0.4983,0.072812,0
42,39,4138,0.287597,0.026332,0.175583,0.005584,0.456804,0.079597,0
42,40,4139,0.290944,0.024293,0.164789,0.001656,0.47883,0.073043,0
42,41,4140,0.282145,0.020378,0.175649,0.004359,0.478287,0.082849,0
42,42,4141,0.282932,0.020066,0.177064,0.005424,0.493357,0.077167,0
42,43,4142,0.284203,0.011376,0.172145,0.007053,0.45899,0.083247,0
42,44,4143,0.280993,0.01073,0.18393,0.009603,0.476844,0.08182,0
42,45,4144,0.286531,0.011641,0.178669,0.009138,0.470196,0.081772,0
42,46,4145,0.306346,0.018433,0.179604,0.002879,0.51303,0.066105,0
42,47,4146,0.31378,0.014077,0.179155,0.006289,0.455839,0.079042,0
42,48,4147,0.298917,0.026594,0.165493,0.007919,0.466902,0.075596,0
42,49,4148,0.267394,0.016048,0.174613,0.007556,0.459536,0.067632,0
42,50,4149,0.290628,0.027658,0.168581,0.01092,0.453091,0.080035,0
42,51,4150,0.312032,0.017467,0.157959,0.008643,0.473765,0.080906,0
42,52,4151,0.291141,0.013683,0.166522,0.00633,0.473638,0.067378,0
42,53,4152,0.285935,0.01881,0.168926,0.009631,0.458577,0.064028,0
42,54,4153,0.289864,0.013484,0.179766,0.009803,0.474265,0.072113,0
42,55,4154,0.307752,0.018453,0.167353,0.009532,0.4657,0.063388,0
42,56,4155,0.292428,0.015426,0.182423,0.004709,0.450966,0.070396,0
42,57,4156,0.284224,0.006171,0.154766,0.008933,0.453972,0.063288,0
42,58,4157,0.291205,0.018202,0.177505,-0.000823,0.478104,0.082729,0
42,59,4158,0.280749,0.023633,0.179251,0.011919,0.459595,0.076889,0
42,60,4159,0.288571,0.028538,0.179619,-0.000198,0.467261,0.077439,0
42,61,4160,0.298605,0.011993,0.179804,0.004216,0.460793,0.080937,0
42,62,4161,0.291651,0.017233,0.168838,0.002323,0.47395,0.084351,0
42,63,4162,0.279815,0.021146,0.178991,0.011421,0.479447,0.084656,0
42,64,4163,0.293332,0.012127,0.166344,0.01325,0.454851,0.075044,0
42,65,4164,0.303628,0.022785,0.18344,0.008047,0.480218,0.07766,0
42,66,4165,0.300607,0.010061,0.166567,0.007776,0.452139,0.067634,0
42,67,4166,0.301432,0.018285,0.176462,0.01669,0.460248,0.076466,0
42,68,4167,0.303499,0.015134,0.180549,0.007345,0.4816,0.069007,0
42,69,4168,0.273654,0.014056,0.183127,0.014869,0.475146,0.072581,0
42,70,4169,0.28729,0.014702,0.173137,0.011837,0.488157,0.081091,0
42,71,4170,0.298176,0.024927,0.182928,0.009131,0.460532,0.076971,0
42,72,4171,0.290416,0.013144,0.195585,0.004726,0.45452,0.075855,0
42,73,4172,0.301971,0.010489,0.168795,0.004778,0.475654,0.07741,0
42,74,4173,0.280087,0.012827,0.16441,0.008852,0.46786,0.068904,0
42,75,4174,0.280995,0.014888,0.178889,0.008235,0.449616,0.072135,0
42,76,4175,0.289972,0.02433,0.173082,0.001378,0.467094,0.085237,0
42,77,4176,0.288149,0.019401,0.172245,0.002178,0.457859,0.074332,0
42,78,4177,0.288188,0.016685,0.168471,0.007863,0.471447,0.067571,0
42,79,4178,0.280397,0.013126,0.185583,0.001359,0.460193,0.074501,0
42,80,4179,0.28683,0.019117,0.173874,0.007806,0.468959,0.065117,0
42,81,4180,0.282402,0.018687,0.160772,0.008574,0.481706,0.073288,0
42,82,4181,0.294855,0.02102,0.174121,0.006335,0.442349,0.075314,0
42,83,4182,0.307064,0.007352,0.161198,0.009105,0.460816,0.071427,0
42,84,4183,0.281114,0.013382,0.174906,0.008838,0.471159,0.071011,0
42,85,4184,0.291269,0.015806,0.172596,0.00569,0.454024,0.072691,0
42,86,4185,0.289996,0.015343,0.188672,0.011041,0.473679,0.07997,0
42,87,4186,0.292292,0.016057,0.164702,0.006534,0.443929,0.072931,0
42,88,4187,0.27679,0.019778,0.17913,0.014889,0.484978,0.075327,0
42,89,4188,0.286326,0.014849,0.179471,0.024472,0.478962,0.075838,0
42,90,4189,0.289647,0.020002,0.173086,0.004064,0.47066,0.078022,0
42,91,4190,0.300109,0.015941,0.170724,0.005263,0.461755,0.083509,0
42,92,4191,0.287205,0.014129,0.167236,0.008491,0.458515,0.081912,0
42,93,4192,0.288598,0.018015,0.186167,0.003921,0.467974,0.064827,0
42,94,4193,0.275401,0.009761,0.180721,0.001411,0.467899,0.071639,0
42,95,4194,0.280772,0.013683,0.178756,0.00689,0.469535,0.072727,0
42,96,4195,0.284843,0.011332,0.181795,0.004796,0.470409,0.074337,0
42,97,4196,0.303879,0.019208,0.175154,0.014526,0.444229,0.067447,0
42,98,4197,0.299578,0.007479,0.170599,0.002735,0.463755,0.079501,0
42,99,4198,0.28585,0.015563,0.179526,0.017409,0.449939,0.083593,0
42,100,4199,0.291902,0.023041,0.176667,0.005415,0.469481,0.080791,0
43,1,4200,0.288851,0.01649,0.173641,0.006018,0.479876,0.059762,0
43,2,4201,0.310899,0.015908,0.177535,0.00849,0.465053,0.084548,0
43,3,4202,0.297442,0.017244,0.171674,0.007698,0.474807,0.076851,0
43,4,4203,0.289352,0.018292,0.171341,0.003137,0.471828,0.077202,0
43,5,4204,0.289096,0.014768,0.17071,0.001796,0.450885,0.075503,0
43,6,4205,0.304054,0.027769,0.173399,0.001941,0.468357,0.061338,0
43,7,4206,0.275863,0.0144,0.161951,0.008165,0.476999,0.070143,0
43,8,4207,0.282192,0.011703,0.180077,0.002276,0.459458,0.076249,0
43,9,4208,0.288874,0.012996,0.181163,0.004451,0.453134,0.081875,0
43,10,4209,0.295535,0.015346,0.162228,0.008915,0.463061,0.068576,0
43,11,4210,0.275922,0.015083,0.171588,0.007423,0.468032,0.077432,0
43,12,4211,0.287256,0.024547,0.168987,0.001445,0.473124,0.076224,0
43,13,4212,0.3128,0.014816,0.18201,0.005778,0.468941,0.077708,0
43,14,4213,0.256983,0.015397,0.169009,0.006358,0.459559,0.079475,0
43,15,4214,0.274617,0.023385,0.168401,0.007337,0.488546,0.069859,0
43,16,4215,0.273191,0.007091,0.169697,0.006062,0.464411,0.067682,0
43,17,4216,0.288497,0.017481,0.176148,0.007189,0.454796,0.072369,0
43,18,4217,0.298931,0.021346,0.159603,0.007317,0.450907,0.064479,0
43,19,4218,0.291735,0.010213,0.175144,0.002578,0.463487,0.069491,0
43,20,4219,0.291362,0.016787,0.172824,0.008231,0.466125,0.068052,0
43,21,4220,0.292973,0.013829,0.174795,0.006345,0.460975,0.066274,0
43,22,4221,0.281911,0.019511,0.185033,0.003959,0.436419,0.082471,0
43,23,4222,0.289373,0.013715,0.197016,0.005657,0.466168,0.081093,0
43,24,4223,0.284593,0.01478,0.155914,0.007472,0.462554,0.07776,0
43,25,4224,0.299506,0.015433,0.183554,0.007805,0.475767,0.078107,0
43,26,4225,0.299683,0.017391,0.178871,0.009004,0.467831,0.081054,0
43,27,4226,0.280926,0.018363,0.17523,0.005216,0.463044,0.069808,0
43,28,4227,0.291334,0.005858,0.176154,0.006517,0.456868,0.066427,0
43,29,4228,0.301335,0.006693,0.165449,0.003593,0.464864,0.080199,0
43,30,4229,0.284258,0.011374,0.177192,0.005912,0.444726,0.076638,0
43,31,4230,0.289704,0.007868,0.156626,0.000304,0.461063,0.071252,0
43,32,4231,0.298328,0.019741,0.17049,0.003676,0.438526,0.081671,0
43,33,4232,0.289699,0.007922,0.174071,0.006335,0.472524,0.07806,0
43,34,4233,0.279767,0.010156,0.168764,0.015647,0.45837,0.073976,0
43,35,4234,0.280813,0.018971,0.169552,0.008817,0.467426,0.070014,0
43,36,4235,0.281985,0.021884,0.168226,0.014858,0.450934,0.070587,0
43,37,4236,0.296384,0.009871,0.173579,0.007645,0.45085,0.077101,0
43,38,4237,0.271941,0.023821,0.168806,0.005672,0.448672,0.081098,0
43,39,4238,0.284882,0.015132,0.178129,0.004918,0.479492,0.068847,0
43,40,4239,0.280311,0.009377,0.178837,0.003607,0.459286,0.066653,0
43,41,4240,0.304028,0.021545,0.161029,0.00227,0.484541,0.071274,0
43,42,4241,0.288624,0.018027,0.154867,0.006285,0.472106,0.068928,0
43,43,4242,0.286774,0.023385,0.163533,0.008666,0.467661,0.073288,0
43,44,4243,0.289815,0.014627,0.16122,0.011969,0.449639,0.064248,0
43,45,4244,0.285218,0.008908,0.176264,0.013084,0.46175,0.064014,0
43,46,4245,0.26808,0.008936,0.15947,0.008012,0.486346,0.065084,0
43,47,4246,0.274498,0.022901,0.189899,0.009187,0.46467,0.072994,0
43,48,4247,0.294411,0.023377,0.168408,0.00804,0.459179,0.078734,0
43,49,4248,0.295582,0.019579,0.182699,0.017178,0.439935,0.076158,0
43,50,4249,0.29306,0.012286,0.15117,0.007452,0.462754,0.072151,0
43,51,4250,0.286982,0.010991,0.178974,0.007185,0.439304,0.07356,0
43,52,4251,0.296731,0.010487,0.183877,0.001946,0.460258,0.076994,0
43,53,4252,0.300147,0.014277,0.177077,0.008378,0.451327,0.071746,0
43,54,4253,0.307944,0.009528,0.169358,0.009131,0.468668,0.071709,0
43,55,4254,0.273421,0.018687,0.180966,0.008645,0.4376,0.070719,0
43,56,4255,0.296433,0.018548,0.173426,0.00752,0.461915,0.072326,0
43,57,4256,0.287925,0.021973,0.177856,0.013329,0.442661,0.070183,0
43,58,4257,0.279521,0.013501,0.188435,0.004744,0.46613,0.074642,0
43,59,4258,0.281571,0.01823,0.186173,0.006042,0.455225,0.087367,0
43,60,4259,0.300826,0.014567,0.174497,0.016336,0.442444,0.071057,0
43,61,4260,0.28147,0.008935,0.178058,0.007441,0.44418,0.065058,0
43,62,4261,0.289225,0.021478,0.177506,0.004897,0.462412,0.064661,0
43,63,4262,0.276506,0.017879,0.15632,0.002637,0.446253,0.069111,0
43,64,4263,0.287903,0.015031,0.172016,0.012857,0.437172,0.076739,0
43,65,4264,0.291878,0.018386,0.184749,0.001876,0.470945,0.071697,0
43,66,4265,0.293769,0.012614,0.179708,0.007166,0.453605,0.068413,0
43,67,4266,0.288254,0.019115,0.172904,0.015246,0.458878,0.080114,0
43,68,4267,0.306371,0.005853,0.174111,0.006883,0.459977,0.069606,0
43,69,4268,0.287574,0.01931,0.16801,0.006006,0.450183,0.065994,0
43,70,4269,0.299123,0.008659,0.171687,0.012023,0.444334,0.079532,0
43,71,4270,0.284319,0.016894,0.184772,0.006814,0.470358,0.073548,0
43,72,4271,0.284369,0.007521,0.175542,0.009922,0.468069,0.080449,0
43,73,4272,0.282498,0.018754,0.174958,0.007209,0.447743,0.068656,0
43,74,4273,0.26295,0.018007,0.167542,0.009144,0.47708,0.065732,0
43,75,4274,0.279452,0.014393,0.176084,0.008567,0.458635,0.078129,0
43,76,4275,0.292602,0.006772,0.18026,0.007339,0.443592,0.06925,0
43,77,4276,0.290306,0.018874,0.171916,0.003782,0.457153,0.063264,0
43,78,4277,0.285681,0.008113,0.172357,0.011761,0.472188,0.064217,0
43,79,4278,0.29314,0.011364,0.167768,0.007549,0.43576,0.074812,0
43,80,4279,0.271858,0.021483,0.173385,0.010046,0.441826,0.063725,0
43,81,4280,0.274708,0.013891,0.158902,0.004394,0.454516,0.074533,0
43,82,4281,0.284245,0.020852,0.17716,0.010599,0.481764,0.06688,0
43,83,4282,0.284878,0.01796,0.180559,0.005651,0.442983,0.07198,0
43,84,4283,0.292567,0.016768,0.178184,0.005821,0.469468,0.071596,0
43,85,4284,0.264901,0.0065,0.173204,0.00353,0.437537,0.068964,0
43,86,4285,0.285461,0.013996,0.167143,0.009686,0.455078,0.070992,0
43,87,4286,0.283851,0.012645,0.168741,-0.000945,0.470283,0.067311,0
43,88,4287,0.299567,0.016907,0.178687,0.004762,0.441615,0.072275,0
43,89,4288,0.273706,0.010042,0.176126,0.00924,0.455016,0.07328,0
43,90,4289,0.288558,0.011268,0.178333,0.012071,0.447589,0.062819,0
43,91,4290,0.284957,0.006054,0.167954,0.006268,0.460698,0.074971,0
43,92,4291,0.296391,0.01529,0.163506,0.004388,0.439576,0.07219,0
43,93,4292,0.288073,0.01943,0.179836,0.002968,0.450423,0.071174,0
43,94,4293,0.288363,0.013525,0.171212,0.003299,0.462637,0.07381,0
43,95,4294,0.297602,0.022861,0.173058,0.005613,0.469035,0.074002,0
43,96,4295,0.277154,0.010646,0.174059,0.007507,0.464047,0.07831,0
43,97,4296,0.304211,0.011097,0.165402,-0.001924,0.457541,0.074604,0
43,98,4297,0.285063,0.015168,0.171507,0.002651,0.457168,0.066203,0
43,99,4298,0.2865,0.016999,0.166784,0.009526,0.468426,0.081584,0
43,100,4299,0.271251,0.013487,0.159649,0.003734,0.479541,0.064892,0
44,1,4300,0.278269,0.01784,0.161639,0.005296,0.470351,0.063068,0
44,2,4301,0.277758,0.01519,0.171095,0.009128,0.478026,0.087021,0
44,3,4302,0.289309,0.012799,0.158241,0.006794,0.468825,0.062152,0
44,4,4303,0.288573,0.025825,0.164435,0.007335,0.455829,0.069103,0
44,5,4304,0.31223,0.017668,0.167231,0.011694,0.45876,0.071228,0
44,6,4305,0.27255,0.005532,0.173816,0.006182,0.466129,0.065511,0
44,7,4306,0.281747,0.018159,0.171088,0.01445,0.464589,0.073278,0
44,8,4307,0.268221,0.015665,0.186323,-0.002232,0.46107,0.061579,0
44,9,4308,0.292069,0.014891,0.181748,0.011586,0.453,0.077326,0
44,10,4309,0.272506,0.02038,0.16833,-0.002776,0.461785,0.068126,0
44,11,4310,0.281134,0.027439,0.184002,0.009697,0.458096,0.077473,0
44,12,4311,0.290032,0.014422,0.178192,0.005209,0.455821,0.064793,0
44,13,4312,0.288966,0.017418,0.179323,0.00247,0.460319,0.070636,0
44,14,4313,0.280987,0.005973,0.164875,0.006882,0.45705,0.060495,0
44,15,4314,0.29838,0.009495,0.174501,0.004614,0.449531,0.065315,0
44,16,4315,0.29473,0.009925,0.163264,0.007687,0.454863,0.070141,0
44,17,4316,0.275211,0.018611,0.169353,0.009226,0.469408,0.075594,0
44,18,4317,0.294558,0.016274,0.171962,0.000272,0.447242,0.070906,0
44,19,4318,0.282924,0.003742,0.165927,0.005675,0.453002,0.078978,0
44,20,4319,0.269155,0.012286,0.17144,0.01078,0.475239,0.081135,0
44,21,4320,0.288256,0.008146,0.155297,0.007376,0.436458,0.065291,0
44,22,4321,0.296756,0.013644,0.166059,-0.001484,0.45982,0.070541,0
44,23,4322,0.271992,0.010136,0.16838,0.004531,0.460849,0.073123,0
44,24,4323,0.282696,0.011841,0.173952,0.006009,0.454727,0.073368,0
44,25,4324,0.275891,0.020269,0.161427,0.008517,0.44825,0.076774,0
44,26,4325,0.299297,0.012563,0.177304,0.003845,0.45886,0.064655,0
44,27,4326,0.292486,0.010126,0.194807,0.001212,0.456715,0.071947,0
44,28,4327,0.286068,0.010638,0.185175,0.00419,0.452064,0.06621,0
44,29,4328,0.290321,0.010076,0.163783,0.002867,0.457413,0.07029,0
44,30,4329,0.287902,0.010108,0.170691,0.006151,0.433418,0.082303,0
44,31,4330,0.28688,0.023662,0.179195,0.008095,0.4451,0.066797,0
44,32,4331,0.290068,0.016548,0.174999,0.004629,0.460133,0.075015,0
44,33,4332,0.304211,0.011903,0.149865,0.003429,0.431666,0.066234,0
44,34,4333,0.291135,0.015055,0.17982,0.004408,0.454243,0.083176,0
44,35,4334,0.275625,0.011237,0.161956,0.013384,0.434581,0.075465,0
44,36,4335,0.294674,0.012007,0.159383,0.008108,0.44333,0.06872,0
44,37,4336,0.271316,0.017264,0.172519,0.007683,0.448749,0.070228,0
44,38,4337,0.300252,0.017683,0.165398,0.000645,0.432627,0.066085,0
44,39,4338,0.284583,0.014911,0.161553,0.012651,0.450591,0.071629,0
44,40,4339,0.30382,0.008273,0.160905,0.003152,0.448882,0.066702,0
44,41,4340,0.298611,0.012451,0.169028,0.007972,0.460572,0.078039,0
44,42,4341,0.273035,0.01688,0.163014,0.003088,0.455038,0.079019,0
44,43,4342,0.273084,0.020771,0.169287,0.005419,0.459302,0.067052,0
44,44,4343,0.276252,0.007503,0.159799,0.010458,0.460586,0.064773,0
44,45,4344,0.279562,0.006991,0.172412,0.014022,0.452655,0.075672,0
44,46,4345,0.281248,0.001073,0.163876,0.007079,0.465391,0.068729,0
44,47,4346,0.298309,0.020583,0.16421,0.000474,0.430634,0.07324,0
44,48,4347,0.285368,0.006908,0.175949,0.005001,0.439262,0.067388,0
44,49,4348,0.29426,0.018611,0.170837,0.005771,0.445336,0.058952,0
44,50,4349,0.294733,0.012016,0.175507,0.00458,0.443974,0.073159,0
44,51,4350,0.281562,0.016947,0.174658,-0.002207,0.448911,0.075588,0
44,52,4351,0.281062,0.015584,0.165786,0.011662,0.474043,0.05792,0
44,53,4352,0.28901,0.009561,0.165634,0.011072,0.435899,0.059963,0
44,54,4353,0.292732,0.011471,0.159208,0.009806,0.484816,0.067996,0
44,55,4354,0.270975,0.011087,0.14827,0.005247,0.436341,0.076933,0
44,56,4355,0.281201,0.013527,0.173528,0.006236,0.443826,0.064478,0
44,57,4356,0.298982,0.013539,0.166621,0.007504,0.444388,0.068252,0
44,58,4357,0.281365,0.013797,0.181155,0.003213,0.449893,0.059382,0
44,59,4358,0.282273,0.012053,0.164634,0.016404,0.451819,0.071039,0
44,60,4359,0.280815,0.015049,0.176449,0.005994,0.443156,0.055264,0
44,61,4360,0.270569,0.020065,0.177062,-0.000919,0.453045,0.064297,0
44,62,4361,0.27656,0.017595,0.175725,0.012428,0.448515,0.060436,0
44,63,4362,0.288183,0.009041,0.160574,0.008524,0.440406,0.067292,0
44,64,4363,0.289777,0.009429,0.163331,0.009233,0.468924,0.06604,0
44,65,4364,0.26791,0.005928,0.159672,0.008544,0.454144,0.075902,0
44,66,4365,0.286307,0.00834,0.162655,0.010401,0.444165,0.066435,0
44,67,4366,0.288549,0.00663,0.167515,0.010989,0.476313,0.06088,0
44,68,4367,0.280662,0.008712,0.175036,0.009148,0.480915,0.061064,0
44,69,4368,0.281081,0.010356,0.170466,0.000741,0.45507,0.068478,0
44,70,4369,0.290953,0.013574,0.181765,0.008615,0.444083,0.064075,0
44,71,4370,0.268184,0.013376,0.162237,0.001288,0.4373,0.068757,0
44,72,4371,0.26069,0.028352,0.177812,0.010019,0.469855,0.069424,0
44,73,4372,0.29489,0.015636,0.1759,0.001325,0.44715,0.079063,0
44,74,4373,0.276039,0.020245,0.172452,0.006998,0.452704,0.068309,0
44,75,4374,0.291403,0.013708,0.174436,0.008447,0.466985,0.071508,0
44,76,4375,0.271776,0.011372,0.173469,0.008961,0.467412,0.06599,0
44,77,4376,0.297443,0.014362,0.171885,0.006097,0.447219,0.060028,0
44,78,4377,0.281691,0.013382,0.176221,0.006602,0.44566,0.06743,0
44,79,4378,0.291744,0.012384,0.170673,0.002954,0.462539,0.077294,0
44,80,4379,0.279971,0.01384,0.172247,-0.00273,0.458794,0.075304,0
44,81,4380,0.28069,0.009705,0.153278,0.003718,0.436591,0.070607,0
44,82,4381,0.275755,0.016231,0.190792,0.007402,0.437135,0.064495,0
44,83,4382,0.291867,0.013727,0.167539,-0.00056,0.460485,0.06397,0
44,84,4383,0.265012,0.011187,0.158828,0.003562,0.454553,0.072725,0
44,85,4384,0.274326,0.008996,0.151383,0.006453,0.429287,0.068937,0
44,86,4385,0.287436,0.012423,0.153371,0.003915,0.452343,0.064734,0
44,87,4386,0.281147,0.007319,0.168598,0.004991,0.469809,0.067802,0
44,88,4387,0.277427,0.00866,0.172068,0.008002,0.474031,0.072844,0
44,89,4388,0.273697,0.00595,0.160331,0.008872,0.46602,0.072764,0
44,90,4389,0.276113,0.006479,0.170354,0.011277,0.438754,0.058101,0
44,91,4390,0.250854,0.017087,0.157366,0.008999,0.42484,0.059451,0
44,92,4391,0.280359,0.024157,0.160089,0.001949,0.445093,0.066171,0
44,93,4392,0.286075,0.014878,0.181147,0.004118,0.452684,0.071875,0
44,94,4393,0.259712,0.012557,0.172974,0.005839,0.439173,0.058135,0
44,95,4394,0.2942,0.004873,0.164418,0.000775,0.460784,0.075614,0
44,96,4395,0.288143,0.01428,0.172735,0.006246,0.455826,0.08099,0
44,97,4396,0.282181,0.011335,0.170091,0.005308,0.462048,0.074384,0
44,98,4397,0.283036,0.013295,0.169687,0.01055,0.42874,0.070854,0
44,99,4398,0.292586,0.01625,0.163294,0.003021,0.439256,0.061229,0
44,100,4399,0.284394,0.016044,0.170378,0.008285,0.422675,0.069918,0
45,1,4400,0.282258,0.008422,0.159395,0.003016,0.43062,0.061069,0
45,2,4401,0.285238,0.007478,0.153065,0.004385,0.434561,0.076724,0
45,3,4402,0.285587,0.012385,0.166031,0.012278,0.436134,0.074151,0
45,4,4403,0.272352,0.00851,0.164422,-0.001633,0.45192,0.068599,0
45,5,4404,0.294371,0.008597,0.161602,0.010414,0.452519,0.067064,0
45,6,4405,0.294035,0.011816,0.171262,0.010342,0.418226,0.074655,0
45,7,4406,0.296341,0.010351,0.164176,0.005721,0.430093,0.081015,0
45,8,4407,0.276318,0.01203,0.175344,0.001521,0.446209,0.073231,0
45,9,4408,0.290752,0.018846,0.180241,0.00322,0.440408,0.064931,0
45,10,4409,0.268147,0.008248,0.160224,0.009447,0.457084,0.06484,0
45,11,4410,0.274926,0.01802,0.163605,0.00153,0.463715,0.061013,0
45,12,4411,0.278356,0.017999,0.154319,-0.000962,0.437559,0.072605,0
45,13,4412,0.266492,0.011123,0.162491,0.00219,0.434952,0.068792,0
45,14,4413,0.26166,0.014256,0.169536,0.004945,0.448898,0.073215,0
45,15,4414,0.266249,0.012158,0.165509,0.00576,0.457061,0.072491,0
45,16,4415,0.286282,0.014233,0.16458,0.006319,0.445214,0.075919,0
45,17,4416,0.275146,0.016468,0.17824,0.007102,0.454623,0.075339,0
45,18,4417,0.284017,0.009515,0.181082,0.004078,0.447375,0.078988,0
45,19,4418,0.272494,0.011641,0.157813,0.004336,0.446857,0.06889,0
45,20,4419,0.277791,0.010747,0.166916,0.005939,0.436519,0.058148,0
45,21,4420,0.283027,0.006914,0.172942,0.005582,0.446579,0.065922,0
45,22,4421,0.290767,0.003908,0.162185,0.010017,0.456157,0.075431,0
45,23,4422,0.267822,0.010066,0.173426,0.004761,0.44226,0.069722,0
45,24,4423,0.268835,0.016275,0.175693,0.001539,0.441329,0.071312,0
45,25,4424,0.275535,0.005436,0.181499,0.004394,0.452372,0.060553,0
45,26,4425,0.263728,0.010677,0.177873,0.003876,0.450912,0.057168,0
45,27,4426,0.272805,0.009677,0.155095,0.008356,0.429845,0.076464,0
45,28,4427,0.285672,0.006535,0.162584,0.0039,0.441164,0.059404,0
45,29,4428,0.277458,0.016472,0.171734,0.003235,0.458251,0.071153,0
45,30,4429,0.288555,0.015313,0.155109,0.001688,0.454025,0.060084,0
45,31,4430,0.282233,0.006785,0.168512,0.009838,0.446787,0.070003,0
45,32,4431,0.287511,0.00782,0.14638,0.004465,0.44929,0.073421,0
45,33,4432,0.284986,0.011963,0.169873,0.004933,0.450077,0.06266,0
45,34,4433,0.284059,0.012938,0.16998,0.000939,0.425222,0.070645,0
45,35,4434,0.286353,0.009029,0.169633,0.010563,0.441517,0.074094,0
45,36,4435,0.283709,0.020814,0.167064,0.001514,0.467761,0.066193,0
45,37,4436,0.279623,0.008469,0.184981,0.010405,0.466337,0.062189,0
45,38,4437,0.303315,0.009651,0.175304,0.001531,0.435092,0.066411,0
45,39,4438,0.257568,0.014574,0.15767,0.002894,0.451085,0.075251,0
45,40,4439,0.281506,0.017951,0.154226,0.012919,0.436048,0.068394,0
45,41,4440,0.282616,0.012383,0.165957,0.004989,0.463111,0.079957,0
45,42,4441,0.261577,0.014316,0.172141,0.008675,0.431028,0.07187,0
45,43,4442,0.284747,0.007101,0.165906,0.001785,0.440431,0.064682,0
45,44,4443,0.290012,0.00788,0.169589,0.001177,0.443232,0.066966,0
45,45,4444,0.276242,0.011892,0.176476,0.003849,0.454682,0.075337,0
45,46,4445,0.268023,0.00755,0.153957,0.008294,0.453377,0.067354,0
45,47,4446,0.291503,0.014128,0.172884,0.018772,0.448257,0.053668,0
45,48,4447,0.277837,0.0102,0.165355,0.002392,0.448726,0.074956,0
45,49,4448,0.26804,0.010939,0.164049,0.007888,0.443168,0.065206,0
45,50,4449,0.278792,0.013086,0.17194,0.008238,0.462706,0.058816,0
45,51,4450,0.274491,0.014789,0.176872,0.003133,0.464243,0.05791,0
45,52,4451,0.271032,0.01128,0.163279,-0.005963,0.451258,0.071149,0
45,53,4452,0.273671,0.002403,0.151902,0.008695,0.456616,0.070021,0
45,54,4453,0.284511,0.007014,0.16819,0.004286,0.440366,0.073251,0
45,55,4454,0.274749,0.009383,0.175672,-0.000342,0.407805,0.071306,0
45,56,4455,0.276006,0.018551,0.157726,0.005854,0.449696,0.057784,0
45,57,4456,0.275555,0.006925,0.167981,0.007979,0.460184,0.080314,0
45,58,4457,0.273403,0.006036,0.169875,0.003451,0.449657,0.060692,0
45,59,4458,0.275851,0.001238,0.166138,0.002213,0.457537,0.072087,0
45,60,4459,0.280943,0.0034,0.173257,0.00029,0.457025,0.062353,0
45,61,4460,0.261537,0.00677,0.161321,0.003577,0.451585,0.066547,0
45,62,4461,0.26022,0.013529,0.16804,0.002891,0.468005,0.06982,0
45,63,4462,0.272699,0.013927,0.168668,0.003152,0.428381,0.066285,0
45,64,4463,0.275027,0.010877,0.163814,0.011567,0.446203,0.063191,0
45,65,4464,0.271032,0.00765,0.173621,0.005679,0.422691,0.069793,0
45,66,4465,0.271999,0.011135,0.165851,0.004757,0.445314,0.066541,0
45,67,4466,0.279172,0.007132,0.169067,0.001246,0.456522,0.057114,0
45,68,4467,0.280846,0.008541,0.171477,0.001428,0.449018,0.069469,0
45,69,4468,0.277972,0.006087,0.157358,0.007495,0.438136,0.06868,0
45,70,4469,0.270549,0.008999,0.166242,0.007767,0.442139,0.078401,0
45,71,4470,0.276131,0.015659,0.164258,0.002723,0.453264,0.065556,0
45,72,4471,0.27784,0.009834,0.161587,0.009537,0.438219,0.065563,0
45,73,4472,0.286537,0.010211,0.176851,0.004285,0.446689,0.064737,0
45,74,4473,0.273748,0.011114,0.163676,0.006528,0.456909,0.066694,0
45,75,4474,0.271249,0.011003,0.165841,0.009953,0.430571,0.074507,0
45,76,4475,0.265602,0.01331,0.158066,0.006744,0.445308,0.063796,0
45,77,4476,0.265658,0.011844,0.159882,0.009432,0.437366,0.061208,0
45,78,4477,0.272017,0.013911,0.177745,0.00138,0.434501,0.067803,0
45,79,4478,0.266105,0.008253,0.167747,0.005425,0.430197,0.075989,0
45,80,4479,0.269682,0.005671,0.175386,-0.001423,0.46037,0.063961,0
45,81,4480,0.273849,0.00689,0.167492,0.003398,0.45307,0.064745,0
45,82,4481,0.278232,0.014253,0.174759,0.004015,0.441979,0.070633,0
45,83,4482,0.273651,0.01223,0.159131,0.009562,0.432587,0.062786,0
45,84,4483,0.254994,0.019274,0.177297,0.002911,0.453683,0.066291,0
45,85,4484,0.297731,0.002509,0.167011,-0.001736,0.435055,0.078978,0
45,86,4485,0.280889,0.012552,0.161271,0.002315,0.43461,0.049068,0
45,87,4486,0.269508,0.009627,0.16962,0.008679,0.426746,0.060651,0
45,88,4487,0.289094,0.016775,0.184709,0.003959,0.459983,0.05987,0
45,89,4488,0.28102,0.01519,0.154517,0.000821,0.442348,0.067434,0
45,90,4489,0.290952,0.008892,0.163094,0.004455,0.437217,0.068249,0
45,91,4490,0.272822,0.012483,0.154081,0.007427,0.454966,0.07418,0
45,92,4491,0.281926,0.015016,0.159698,0.004799,0.446523,0.075994,0
45,93,4492,0.278563,0.011157,0.175884,0.001754,0.443405,0.065403,0
45,94,4493,0.28364,0.010309,0.163119,0.005071,0.449048,0.065527,0
45,95,4494,0.275179,0.005457,0.167847,0.001888,0.429028,0.084339,0
45,96,4495,0.28376,0.015205,0.164546,0.006181,0.437254,0.072684,0
45,97,4496,0.27786,0.020919,0.164509,0.013228,0.43476,0.057335,0
45,98,4497,0.280341,0.008258,0.158329,0.002029,0.441903,0.064189,0
45,99,4498,0.270903,0.016232,0.159415,0.005639,0.451828,0.070066,0
45,100,4499,0.281809,0.00928,0.15612,0.002512,0.435529,0.065186,0
46,1,4500,0.266839,0.019183,0.164369,0.007689,0.428732,0.062287,0
46,2,4501,0.275502,0.012335,0.156787,-0.00212,0.450809,0.08215,0
46,3,4502,0.266059,0.017308,0.161926,0.009635,0.447128,0.06873,0
46,4,4503,0.277684,0.014786,0.159102,0.004015,0.457377,0.065947,0
46,5,4504,0.283174,0.003421,0.170719,0.005509,0.448223,0.064944,0
46,6,4505,0.265801,0.013601,0.185821,0.006419,0.431286,0.065662,0
46,7,4506,0.275181,0.015146,0.163592,0.009508,0.420037,0.064967,0
46,8,4507,0.278245,0.011573,0.173181,0.007416,0.444155,0.070067,0
46,9,4508,0.260747,0.012583,0.168071,0.010461,0.44358,0.06097,0
46,10,4509,0.270468,-0.001916,0.167358,0.003793,0.437693,0.05914,0
46,11,4510,0.260139,0.012328,0.15821,-0.001824,0.453916,0.072675,0
46,12,4511,0.271941,0.00573,0.159599,0.00669,0.464007,0.062542,0
46,13,4512,0.257678,0.009638,0.16344,0.010738,0.457102,0.066901,0
46,14,4513,0.285544,0.010242,0.173391,0.009668,0.447557,0.06016,0
46,15,4514,0.283235,0.010512,0.162082,0.005626,0.435538,0.062943,0
46,16,4515,0.279328,0.010465,0.154738,-0.000194,0.437827,0.052834,0
46,17,4516,0.269768,0.015795,0.163394,0.007444,0.431849,0.064793,0
46,18,4517,0.279427,-0.002423,0.174614,0.002604,0.437612,0.063902,0
46,19,4518,0.279313,0.012482,0.157378,0.006984,0.445255,0.062191,0
46,20,4519,0.277701,0.009326,0.15969,0.006678,0.453664,0.059808,0
46,21,4520,0.276909,0.003266,0.160579,0.001772,0.442965,0.066246,0
46,22,4521,0.274801,0.007301,0.154601,0.001211,0.423368,0.063227,0
46,23,4522,0.268056,0.013761,0.168272,0.007362,0.449001,0.0763,0
46,24,4523,0.277831,0.014856,0.165196,0.009474,0.422661,0.058284,0
46,25,4524,0.274264,0.00582,0.156353,0.002139,0.417568,0.062551,0
46,26,4525,0.275419,0.018467,0.170749,0.007699,0.442376,0.067464,0
46,27,4526,0.292916,0.00913,0.153565,0.007527,0.448423,0.065147,0
46,28,4527,0.275949,0.007909,0.173694,-0.003369,0.439182,0.060945,0
46,29,4528,0.264953,0.015131,0.144488,0.006752,0.422601,0.061385,0
46,30,4529,0.295584,0.000522,0.1677,0.01352,0.430805,0.06032,0
46,31,4530,0.280076,0.007606,0.15768,0.009965,0.428305,0.052603,0
46,32,4531,0.288375,0.003438,0.176245,0.009917,0.440223,0.048775,0
46,33,4532,0.290707,0.006514,0.157857,0.005433,0.420526,0.063892,0
46,34,4533,0.264174,0.01899,0.154889,0.005721,0.443364,0.064861,0
46,35,4534,0.277474,0.008455,0.158585,0.003997,0.435143,0.062793,0
46,36,4535,0.262974,0.013459,0.145947,0.009438,0.430493,0.073967,0
46,37,4536,0.270963,0.017246,0.174106,0.008531,0.45085,0.057395,0
46,38,4537,0.262018,0.010079,0.160579,0.003965,0.43104,0.056363,0
46,39,4538,0.258678,0.01015,0.176031,0.008455,0.430735,0.060892,0
46,40,4539,0.266441,0.001879,0.160278,0.005986,0.431912,0.065134,0
46,41,4540,0.272321,0.013601,0.162467,0.002649,0.423398,0.06432,0
46,42,4541,0.270079,0.007503,0.165745,0.005641,0.443167,0.075152,0
46,43,4542,0.275374,0.016424,0.152041,0.005905,0.434224,0.068866,0
46,44,4543,0.277725,0.005849,0.170112,0.010116,0.437762,0.061262,0
46,45,4544,0.272381,0.003122,0.171297,0.000629,0.441574,0.052482,0
46,46,4545,0.253079,0.010764,0.154839,0.004889,0.431459,0.054767,0
46,47,4546,0.282524,0.013259,0.181176,0.002492,0.429791,0.064429,0
46,48,4547,0.273194,0.012578,0.146693,0.002241,0.419406,0.062667,0
46,49,4548,0.268263,0.009571,0.150103,0.001078,0.438646,0.055406,0
46,50,4549,0.263504,0.001609,0.157776,0.000913,0.421476,0.055089,0
46,51,4550,0.265389,0.011224,0.160878,0.006949,0.426562,0.065186,0
46,52,4551,0.278037,0.01026,0.151711,0.002389,0.426315,0.058537,0
46,53,4552,0.275199,0.015267,0.167308,-0.000431,0.43827,0.066946,0
46,54,4553,0.270905,0.014334,0.164839,-0.001924,0.414006,0.074455,0
46,55,4554,0.281131,9.7e-05,0.154728,-0.000527,0.457294,0.075489,0
46,56,4555,0.275331,0.007496,0.150336,0.01368,0.413808,0.064623,0
46,57,4556,0.280659,0.003986,0.156999,-0.001761,0.437858,0.067585,0
46,58,4557,0.291228,0.013541,0.174072,-0.004538,0.442006,0.064798,0
46,59,4558,0.269916,0.00213,0.15687,0.002574,0.442242,0.059019,0
46,60,4559,0.254407,0.009956,0.166345,0.006077,0.429264,0.056841,0
46,61,4560,0.26083,0.008901,0.157287,0.008603,0.432018,0.070283,0
46,62,4561,0.28309,0.005526,0.160609,0.006507,0.437839,0.059128,0
46,63,4562,0.264629,0.008908,0.159772,0.00151,0.431822,0.062699,0
46,64,4563,0.292794,0.009447,0.157727,0.003705,0.44178,0.069131,0
46,65,4564,0.284607,0.00849,0.155664,0.003545,0.449409,0.065824,0
46,66,4565,0.259427,0.005042,0.16367,-0.000155,0.42966,0.071462,0
46,67,4566,0.253751,0.017049,0.163754,0.004652,0.447067,0.067241,0
46,68,4567,0.267989,0.002009,0.170967,0.010086,0.434513,0.064782,0
46,69,4568,0.282777,-0.000187,0.166849,0.004367,0.425998,0.05994,0
46,70,4569,0.269864,0.016767,0.152769,0.002485,0.434988,0.065406,0
46,71,4570,0.275974,0.008097,0.167922,0.007995,0.416565,0.069099,0
46,72,4571,0.276389,0.01785,0.16292,0.002677,0.428164,0.056647,0
46,73,4572,0.279393,0.007443,0.148734,0.010233,0.39373,0.062349,0
46,74,4573,0.275763,0.005191,0.160822,0.009642,0.435873,0.060707,0
46,75,4574,0.275346,0.004101,0.158873,-0.0005,0.428659,0.072427,0
46,76,4575,0.275559,0.006537,0.167241,0.00328,0.451343,0.057286,0
46,77,4576,0.251164,0.00762,0.169125,-0.004538,0.434696,0.053744,0
46,78,4577,0.269316,0.004931,0.171547,0.00456,0.427973,0.054831,0
46,79,4578,0.264071,0.005512,0.154174,0.008957,0.444884,0.059982,0
46,80,4579,0.268157,0.013519,0.162962,0.009361,0.425038,0.048754,0
46,81,4580,0.278785,0.004462,0.1517,0.004819,0.4097,0.060998,0
46,82,4581,0.273499,0.017099,0.165573,-0.003428,0.431731,0.074122,0
46,83,4582,0.281136,0.006318,0.153896,0.00554,0.448686,0.053068,0
46,84,4583,0.267454,6.6e-05,0.167008,0.001414,0.447256,0.059267,0
46,85,4584,0.274711,0.010781,0.169998,0.006781,0.438095,0.066055,0
46,86,4585,0.255474,0.005991,0.149466,0.005479,0.45276,0.067828,0
46,87,4586,0.274189,0.009446,0.151993,0.009401,0.418983,0.06022,0
46,88,4587,0.271443,0.008858,0.162917,0.00459,0.435607,0.062838,0
46,89,4588,0.280581,0.013459,0.16506,0.005436,0.421978,0.047728,0
46,90,4589,0.272394,0.014741,0.157401,0.001875,0.42081,0.062596,0
46,91,4590,0.279626,0.021712,0.171819,0.003658,0.431329,0.059219,0
46,92,4591,0.280467,0.002332,0.165201,0.008535,0.428518,0.061001,0
46,93,4592,0.274691,0.009431,0.165349,0.002969,0.419227,0.0529,0
46,94,4593,0.274905,0.003996,0.163031,0.004385,0.447908,0.067321,0
46,95,4594,0.262831,-0.004945,0.175988,0.00256,0.444954,0.058212,0
46,96,4595,0.272776,0.008981,0.166132,0.002065,0.432885,0.057091,0
46,97,4596,0.26198,0.005963,0.181231,0.007107,0.422077,0.067053,0
46,98,4597,0.277108,0.00835,0.163456,-0.002182,0.449557,0.059405,0
46,99,4598,0.265459,0.004034,0.168281,0.007917,0.40865,0.058971,0
46,100,4599,0.287113,0.003952,0.174529,0.003425,0.450941,0.060164,0
47,1,4600,0.282923,0.390887,0.167094,-0.402306,0.449655,-0.8235,1
47,2,4601,0.268175,-0.35516,0.166858,0.530609,0.43156,-0.838113,1
47,3,4602,0.274862,-0.851255,0.172218,0.525842,0.449541,0.875922,1
47,4,4603,0.263739,-0.42243,0.16242,-0.348448,0.427709,0.366805,1
47,5,4604,0.261497,-0.519636,0.17375,-0.518368,0.450376,-0.493487,1
47,6,4605,0.268534,0.601309,0.157161,0.849941,0.432144,0.737708,1
47,7,4606,0.276171,0.899537,0.157912,-0.86557,0.411515,-0.580564,1
47,8,4607,0.273511,-0.633909,0.164263,-0.84441,0.431758,-0.642216,1
47,9,4608,0.273264,0.737304,0.156637,-0.672918,0.432968,0.819546,1
47,10,4609,0.281971,-0.585246,0.173597,-0.824478,0.428359,0.455807,1
47,11,4610,0.266466,0.395451,0.150841,0.887192,0.441604,0.653358,1
47,12,4611,0.275838,-0.398714,0.160662,0.816688,0.442363,-0.783368,1
47,13,4612,0.265923,-0.729845,0.164369,0.800628,0.425697,-0.427402,1
47,14,4613,0.270199,0.004098,0.157131,-0.000858,0.443094,0.072633,1
47,15,4614,0.266841,0.014057,0.146909,0.004762,0.425985,0.065535,0
47,16,4615,0.26819,0.015511,0.16015,0.007307,0.438342,0.066883,0
47,17,4616,0.272569,0.001733,0.159821,0.013017,0.426018,0.059314,0
47,18,4617,0.270555,0.005415,0.164709,0.003582,0.454064,0.061766,0
47,19,4618,0.255189,0.016099,0.153552,0.00859,0.448039,0.058305,0
47,20,4619,0.275265,0.00263,0.160556,0.002556,0.416664,0.05516,0
47,21,4620,0.26136,0.007996,0.156224,0.009028,0.429164,0.067985,0
47,22,4621,0.274911,0.006891,0.157059,0.003174,0.43923,0.054107,0
47,23,4622,0.266292,0.00647,0.161835,0.010414,0.434416,0.055684,0
47,24,4623,0.249952,0.001729,0.162271,0.008866,0.442109,0.054378,0
47,25,4624,0.242984,0.006682,0.167706,0.00275,0.414866,0.056209,0
47,26,4625,0.266922,0.010675,0.160599,0.004697,0.418718,0.057135,0
47,27,4626,0.265788,-0.010508,0.165069,0.007637,0.420179,0.064102,0
47,28,4627,0.28818,0.006441,0.162801,0.001232,0.426294,0.06216,0
47,29,4628,0.276981,0.010024,0.160026,0.000675,0.442121,0.064824,0
47,30,4629,0.252791,0.007563,0.159139,0.008452,0.441586,0.061363,0
47,31,4630,0.27911,0.007116,0.165942,0.008407,0.422813,0.056133,0
47,32,4631,0.265664,0.013579,0.158604,0.004992,0.422701,0.060968,0
47,33,4632,0.270829,0.004167,0.165648,0.002462,0.408799,0.064765,0
47,34,4633,0.268527,0.008257,0.164839,0.007749,0.440846,0.062923,0
47,35,4634,0.267554,0.000874,0.14897,0.002487,0.43072,0.075812,0
47,36,4635,0.264207,0.010394,0.163193,0.001097,0.417062,0.058536,0
47,37,4636,0.269615,0.004774,0.172556,0.008278,0.426365,0.055135,0
47,38,4637,0.267522,0.00527,0.152495,0.00377,0.42483,0.059318,0
47,39,4638,0.268822,0.005254,0.163741,0.000749,0.415905,0.05552,0
47,40,4639,0.251123,0.009737,0.171024,0.005841,0.423083,0.050531,0
47,41,4640,0.267133,0.003202,0.142555,0.009522,0.41373,0.058665,0
47,42,4641,0.272596,0.003475,0.163825,0.004864,0.412187,0.062185,0
47,43,4642,0.270806,0.005118,0.163724,0.005107,0.411504,0.065184,0
47,44,4643,0.266491,0.010986,0.158153,0.012031,0.446448,0.061411,0
47,45,4644,0.261793,0.007746,0.16618,-0.001838,0.436193,0.066281,0
47,46,4645,0.273056,0.013596,0.160184,0.003644,0.453991,0.062493,0
47,47,4646,0.271719,0.003803,0.151788,0.004494,0.427599,0.053155,0
47,48,4647,0.267026,0.009518,0.146495,-0.000919,0.422397,0.068547,0
47,49,4648,0.268055,-0.005177,0.167796,0.005319,0.431558,0.053083,0
47,50,4649,0.270494,0.01198,0.160939,0.006794,0.412393,0.046888,0
47,51,4650,0.261064,0.009241,0.158441,0.003385,0.413785,0.052873,0
47,52,4651,0.267496,0.009702,0.173586,0.003408,0.44968,0.062908,0
47,53,4652,0.274597,0.002951,0.169104,0.001984,0.43146,0.061237,0
47,54,4653,0.253488,0.017398,0.167089,0.001268,0.414112,0.066106,0
47,55,4654,0.277991,0.003671,0.154468,0.001579,0.415813,0.061757,0
47,56,4655,0.258917,0.0111,0.152449,0.006808,0.40976,0.069756,0
47,57,4656,0.273985,0.000532,0.167001,0.001237,0.423847,0.056299,0
47,58,4657,0.271453,0.003742,0.169019,0.012715,0.419876,0.06113,0
47,59,4658,0.264613,0.011368,0.157078,0.012395,0.401062,0.062521,0
47,60,4659,0.269904,0.007112,0.161982,0.005042,0.448268,0.043637,0
47,61,4660,0.249489,0.007039,0.17117,0.007074,0.447315,0.062432,0
47,62,4661,0.273305,0.014112,0.147898,-0.001474,0.427317,0.068169,0
47,63,4662,0.262836,0.02112,0.155718,0.006081,0.421618,0.062989,0
47,64,4663,0.263142,0.004014,0.157677,0.005473,0.449645,0.056567,0
47,65,4664,0.258287,-0.001456,0.168594,0.003682,0.429022,0.048517,0
47,66,4665,0.266545,0.007372,0.161119,0.000682,0.416564,0.058891,0
47,67,4666,0.257326,0.002206,0.154753,0.001529,0.413542,0.057347,0
47,68,4667,0.254262,-0.004632,0.174681,0.007887,0.430055,0.066966,0
47,69,4668,0.254198,0.016183,0.156464,0.00179,0.427009,0.060288,0
47,70,4669,0.260781,0.006749,0.164275,0.000662,0.44384,0.059808,0
47,71,4670,0.273046,0.002148,0.154824,0.006919,0.423658,0.075484,0
47,72,4671,0.271648,0.005394,0.166526,0.002105,0.4312,0.061061,0
47,73,4672,0.248367,0.007048,0.154231,-0.002115,0.416186,0.056121,0
47,74,4673,0.271773,0.004495,0.172487,0.001785,0.402803,0.057742,0
47,75,4674,0.278373,0.006025,0.150561,-0.000581,0.435221,0.065084,0
47,76,4675,0.267559,0.008072,0.164272,0.000997,0.424535,0.059871,0
47,77,4676,0.282207,0.012992,0.174228,0.007293,0.418848,0.068921,0
47,78,4677,0.256398,0.010898,0.171244,0.005067,0.401236,0.054002,0
47,79,4678,0.264312,0.006812,0.147909,0.010317,0.421225,0.064393,0
47,80,4679,0.26733,0.00781,0.157566,0.006919,0.417673,0.05996,0
47,81,4680,0.259372,0.010125,0.173973,-0.000473,0.426744,0.053682,0
47,82,4681,0.260246,0.003825,0.157173,0.003215,0.411158,0.06168,0
47,83,4682,0.263298,0.010829,0.154092,0.001807,0.430222,0.057532,0
47,84,4683,0.257564,0.00374,0.167976,0.005319,0.427473,0.050694,0
47,85,4684,0.2721,0.007585,0.15569,0.001134,0.42787,0.051969,0
47,86,4685,0.255224,0.007191,0.164116,0.004517,0.411826,0.048224,0
47,87,4686,0.275144,0.000873,0.177294,-0.000708,0.430675,0.055,0
47,88,4687,0.274253,0.011358,0.165209,0.007281,0.417647,0.063283,0
47,89,4688,0.266756,0.009341,0.161692,0.006162,0.415268,0.049929,0
47,90,4689,0.264391,0.010276,0.146296,0.000624,0.425863,0.048918,0
47,91,4690,0.259443,0.004467,0.15605,-0.002034,0.42219,0.059218,0
47,92,4691,0.26341,0.010279,0.158514,-0.004615,0.410394,0.064861,0
47,93,4692,0.284649,0.009319,0.142053,0.00886,0.426436,0.061456,0
47,94,4693,0.264553,-0.001268,0.161798,-0.002457,0.446359,0.057037,0
47,95,4694,0.268692,0.008392,0.15375,0.004872,0.425293,0.058605,0
47,96,4695,0.277078,0.009742,0.168162,0.00425,0.420208,0.043292,0
47,97,4696,0.276802,0.007092,0.1465,0.005579,0.420983,0.063308,0
47,98,4697,0.274001,0.015699,0.153822,-0.000968,0.436515,0.05153,0
47,99,4698,0.285957,0.001796,0.156102,0.003465,0.418487,0.048459,0
47,100,4699,0.268719,0.005311,0.171135,0.000992,0.411155,0.069012,0
48,1,4700,0.264245,0.005427,0.14659,-0.00174,0.435496,0.067312,0
48,2,4701,0.247102,0.010683,0.166967,-0.008253,0.394833,0.059791,0
48,3,4702,0.264571,0.004724,0.159151,-0.000624,0.423693,0.054894,0
48,4,4703,0.263095,0.009955,0.156305,0.001556,0.438829,0.06506,0
48,5,4704,0.265395,0.000134,0.154711,0.005252,0.440961,0.052587,0
48,6,4705,0.263283,0.005092,0.161899,0.011079,0.429301,0.056271,0
48,7,4706,0.255983,0.006578,0.13953,0.002095,0.421936,0.051856,0
48,8,4707,0.27657,0.003194,0.162978,-0.003064,0.419886,0.060175,0
48,9,4708,0.266689,0.001282,0.169628,0.001559,0.428742,0.058025,0
48,10,4709,0.273713,0.005388,0.163283,0.00939,0.399225,0.058338,0
48,11,4710,0.271413,0.003448,0.154524,0.003715,0.407922,0.060699,0
48,12,4711,0.251271,0.002944,0.152661,0.001697,0.439636,0.063746,0
48,13,4712,0.273253,-6e-05,0.158819,0.000457,0.42098,0.063495,0
48,14,4713,0.286346,0.00876,0.157937,0.007499,0.409654,0.067736,0
48,15,4714,0.257129,0.009029,0.146103,0.002007,0.409924,0.049931,0
48,16,4715,0.256899,0.001442,0.167667,0.00692,0.438044,0.053831,0
48,17,4716,0.256653,0.002186,0.153222,0.002477,0.412656,0.059908,0
48,18,4717,0.253253,0.002313,0.153328,0.006603,0.428695,0.057497,0
48,19,4718,0.282047,0.0055,0.145673,8e-06,0.429271,0.055804,0
48,20,4719,0.264967,-0.002049,0.158153,0.003164,0.417086,0.052173,0
48,21,4720,0.265727,0.009239,0.159676,0.007725,0.408775,0.053655,0
48,22,4721,0.269028,0.009055,0.163597,0.003105,0.434913,0.047148,0
48,23,4722,0.274086,-0.000218,0.149683,-0.001296,0.428508,0.06156,0
48,24,4723,0.266714,0.006161,0.156649,0.006492,0.426834,0.069649,0
48,25,4724,0.256399,0.008287,0.154855,0.007844,0.417357,0.064771,0
48,26,4725,0.277442,0.002676,0.162166,0.003821,0.4282,0.065957,0
48,27,4726,0.270331,-0.000866,0.157893,-0.001666,0.421702,0.064921,0
48,28,4727,0.253182,0.008365,0.153877,0.005865,0.407353,0.06048,0
48,29,4728,0.257048,0.009339,0.170212,-0.006371,0.42238,0.047322,0
48,30,4729,0.262885,0.007308,0.16537,0.003766,0.429764,0.051659,0
48,31,4730,0.278767,0.012136,0.1641,0.011616,0.399954,0.062777,0
48,32,4731,0.251814,0.007354,0.160853,-6.8e-05,0.420696,0.050183,0
48,33,4732,0.273208,0.009204,0.165723,0.006574,0.413717,0.060077,0
48,34,4733,0.249497,-0.001863,0.143726,-0.001533,0.415054,0.067084,0
48,35,4734,0.264962,0.004375,0.151723,0.000306,0.434085,0.049521,0
48,36,4735,0.25711,0.013061,0.156716,0.002249,0.430639,0.047917,0
48,37,4736,0.273468,0.002046,0.159335,0.001204,0.426075,0.056413,0
48,38,4737,0.26029,0.007274,0.176182,0.004189,0.39183,0.053892,0
48,39,4738,0.262162,0.010558,0.162752,0.005049,0.40628,0.060889,0
48,40,4739,0.259879,0.006992,0.158614,0.008356,0.429622,0.060267,0
48,41,4740,0.263411,0.003426,0.165722,-0.000372,0.419933,0.05086,0
48,42,4741,0.253595,0.00441,0.153929,0.006891,0.437724,0.054895,0
48,43,4742,0.263351,0.005405,0.16545,0.001124,0.413077,0.055606,0
48,44,4743,0.279182,0.007157,0.156553,0.006115,0.408905,0.066226,0
48,45,4744,0.25312,0.008255,0.155435,0.002183,0.400426,0.055072,0
48,46,4745,0.260074,-0.008144,0.15433,-0.003268,0.407886,0.063673,0
48,47,4746,0.257628,0.00158,0.149785,0.003818,0.425502,0.047269,0
48,48,4747,0.266536,-0.000845,0.153918,-0.002585,0.413895,0.056384,0
48,49,4748,0.267054,0.01857,0.16499,0.007226,0.398932,0.045809,0
48,50,4749,0.287294,0.001582,0.15284,0.004686,0.417714,0.056498,0
48,51,4750,0.275546,0.014346,0.142747,0.006799,0.408602,0.067559,0
48,52,4751,0.255021,0.002561,0.154247,0.005539,0.424767,0.06599,0
48,53,4752,0.267152,0.007275,0.15668,0.006247,0.425732,0.053993,0
48,54,4753,0.255075,0.004513,0.147035,0.004366,0.436609,0.057713,0
48,55,4754,0.252079,0.014955,0.138001,0.002501,0.410457,0.06687,0
48,56,4755,0.26261,0.001096,0.143668,0.006877,0.409583,0.054831,0
48,57,4756,0.256104,0.00261,0.143271,-0.005782,0.428684,0.062564,0
48,58,4757,0.255088,0.012201,0.143018,0.000556,0.421368,0.057288,0
48,59,4758,0.267509,-0.001237,0.156108,0.004148,0.41537,0.057289,0
48,60,4759,0.245377,0.00549,0.152363,0.000218,0.426108,0.051297,0
48,61,4760,0.274098,0.010786,0.148234,0.00209,0.403979,0.05684,0
48,62,4761,0.266983,0.003486,0.170952,0.002733,0.388545,0.046297,0
48,63,4762,0.2643,0.004809,0.168471,-0.005248,0.434991,0.064702,0
48,64,4763,0.258144,-0.003686,0.161752,0.003356,0.422168,0.060004,0
48,65,4764,0.261881,0.007429,0.154903,0.006561,0.420128,0.056569,0
48,66,4765,0.25895,0.001637,0.160041,0.003613,0.418658,0.052766,0
48,67,4766,0.259916,0.010218,0.161916,0.002416,0.390568,0.05571,0
48,68,4767,0.264683,0.003537,0.15885,0.007934,0.428081,0.049217,0
48,69,4768,0.273279,-0.003663,0.155282,0.011813,0.415336,0.072115,0
48,70,4769,0.25452,-0.001776,0.1434,0.001425,0.420218,0.052629,0
48,71,4770,0.271217,0.003307,0.160339,-0.004246,0.421636,0.056526,0
48,72,4771,0.260162,-0.001988,0.170308,0.006093,0.413666,0.046307,0
48,73,4772,0.259663,0.008375,0.14925,0.001051,0.415164,0.058289,0
48,74,4773,0.252023,0.004132,0.142775,-0.001022,0.41631,0.059195,0
48,75,4774,0.261661,-0.004817,0.159459,-0.001377,0.414381,0.059635,0
48,76,4775,0.26927,0.004306,0.166887,0.008097,0.437274,0.048203,0
48,77,4776,0.274215,0.011699,0.164544,0.000542,0.424451,0.053407,0
48,78,4777,0.241167,0.000412,0.174857,0.001883,0.419763,0.056638,0
48,79,4778,0.25703,-0.006975,0.16295,0.008671,0.40379,0.054183,0
48,80,4779,0.264927,0.026055,0.161688,0.002485,0.428261,0.06129,0
48,81,4780,0.266939,0.008119,0.15422,0.008781,0.434937,0.061247,0
48,82,4781,0.259206,-0.004801,0.137713,0.004779,0.431588,0.044866,0
48,83,4782,0.257976,-0.002533,0.167188,-0.003224,0.39405,0.048293,0
48,84,4783,0.253148,0.006978,0.159171,-0.007059,0.423571,0.063597,0
48,85,4784,0.279739,0.000771,0.155155,0.003484,0.417861,0.054846,0
48,86,4785,0.268827,0.003926,0.149538,-0.000774,0.428603,0.04689,0
48,87,4786,0.246915,0.00519,0.150014,0.000464,0.398991,0.054988,0
48,88,4787,0.252377,0.001748,0.150276,0.002266,0.427696,0.058554,0
48,89,4788,0.263847,0.006061,0.165573,-0.000802,0.426426,0.051216,0
48,90,4789,0.265082,-0.001215,0.148749,-0.00047,0.417461,0.050713,0
48,91,4790,0.267079,0.004515,0.170317,0.002585,0.402179,0.055023,0
48,92,4791,0.275621,0.00263,0.151113,0.002816,0.405846,0.062068,0
48,93,4792,0.266316,0.001662,0.144218,0.000778,0.410622,0.044021,0
48,94,4793,0.249812,0.010807,0.160306,0.00593,0.422675,0.062708,0
48,95,4794,0.247986,0.003781,0.147981,0.007027,0.421518,0.0633,0
48,96,4795,0.242411,0.005906,0.152725,0.005072,0.41678,0.043369,0
48,97,4796,0.264857,-0.007001,0.155452,-0.00203,0.402997,0.05219,0
48,98,4797,0.240289,0.004638,0.153284,-0.001723,0.412546,0.054003,0
48,99,4798,0.261754,0.003797,0.162618,0.008359,0.415978,0.05233,0
48,100,4799,0.251025,0.015758,0.178263,0.001158,0.3961,0.059953,0
49,1,4800,0.278981,-0.005245,0.144366,0.003236,0.428201,0.055601,0
49,2,4801,0.272152,0.000869,0.149062,0.006204,0.421371,0.059502,0
49,3,4802,0.248955,0.005196,0.156834,0.002455,0.425214,0.049819,0
49,4,4803,0.251934,-0.002669,0.171019,0.001692,0.4115,0.049048,0
49,5,4804,0.267985,0.003615,0.16189,-0.001335,0.418291,0.055554,0
49,6,4805,0.278447,0.011993,0.14665,0.004259,0.397756,0.056353,0
49,7,4806,0.254822,0.009664,0.169168,0.008704,0.429419,0.056315,0
49,8,4807,0.247847,0.00959,0.16131,0.004876,0.388062,0.058506,0
49,9,4808,0.254593,-0.002972,0.144287,0.002537,0.412543,0.054267,0
49,10,4809,0.256093,0.012291,0.153233,0.002175,0.413179,0.059965,0
49,11,4810,0.260044,-0.001191,0.158449,0.005046,0.420623,0.066376,0
49,12,4811,0.26421,0.002602,0.164737,0.003043,0.400707,0.060174,0
49,13,4812,0.256913,0.007436,0.164272,0.001242,0.412438,0.043357,0
49,14,4813,0.262462,0.003205,0.148339,0.002481,0.414148,0.040367,0
49,15,4814,0.256921,0.005483,0.152978,-0.004558,0.440845,0.060079,0
49,16,4815,0.27051,-0.003151,0.153586,0.004809,0.407278,0.061014,0
49,17,4816,0.251999,0.005702,0.17098,0.002541,0.421392,0.059741,0
49,18,4817,0.25752,-0.006965,0.161802,-0.001897,0.422796,0.050942,0
49,19,4818,0.278312,0.002776,0.155032,0.008086,0.403549,0.05576,0
49,20,4819,0.25948,0.003148,0.162202,0.002517,0.426077,0.057781,0
49,21,4820,0.255899,0.009132,0.154145,-0.003803,0.41045,0.051064,0
49,22,4821,0.260229,0.008651,0.167256,0.002961,0.427348,0.054307,0
49,23,4822,0.256943,0.007538,0.153797,0.006524,0.43622,0.05001,0
49,24,4823,0.277338,0.003372,0.153447,0.001738,0.40456,0.064319,0
49,25,4824,0.245007,-0.000133,0.149678,-0.001309,0.411972,0.048591,0
49,26,4825,0.26249,0.007809,0.171449,0.00539,0.411026,0.048814,0
49,27,4826,0.260119,0.003806,0.156928,-0.005739,0.415678,0.059614,0
49,28,4827,0.270219,0.000941,0.158724,0.001901,0.389498,0.054067,0
49,29,4828,0.265428,0.002352,0.14796,0.002656,0.443084,0.042126,0
49,30,4829,0.254289,0.002897,0.152378,0.004117,0.410779,0.042159,0
49,31,4830,0.252432,0.003649,0.164841,0.005833,0.429888,0.057347,0
49,32,4831,0.255017,0.005583,0.137897,-0.004629,0.41952,0.058986,0
49,33,4832,0.254844,0.004319,0.13653,0.003542,0.413829,0.056525,0
49,34,4833,0.247368,0.010957,0.149869,0.004901,0.400372,0.05492,0
49,35,4834,0.2549,0.01054,0.1704,0.002611,0.408328,0.047005,0
49,36,4835,0.243564,0.001098,0.156192,-0.008756,0.398193,0.046919,0
49,37,4836,0.268478,-3.8e-05,0.151227,0.001162,0.403454,0.057427,0
49,38,4837,0.264544,0.003896,0.15696,0.006348,0.391604,0.047357,0
49,39,4838,0.255983,0.00747,0.158033,0.001936,0.410167,0.052293,0
49,40,4839,0.242541,0.010536,0.148929,0.003841,0.413844,0.047908,0
49,41,4840,0.242293,0.002832,0.156459,-0.006685,0.387353,0.049798,0
49,42,4841,0.244819,0.002568,0.147632,0.006046,0.414883,0.059536,0
49,43,4842,0.259262,0.005425,0.149558,-0.000425,0.407942,0.052953,0
49,44,4843,0.258249,-0.003155,0.144827,0.000717,0.426125,0.053515,0
49,45,4844,0.240383,0.005304,0.152645,0.003344,0.414336,0.048895,0
49,46,4845,0.259925,0.002786,0.166975,-0.001918,0.396477,0.052171,0
49,47,4846,0.266455,0.002037,0.145485,6.9e-05,0.403427,0.047269,0
49,48,4847,0.252055,0.001103,0.161348,0.001753,0.393527,0.058627,0
49,49,4848,0.24895,-0.004324,0.147349,0.001932,0.429275,0.050004,0
49,50,4849,0.25321,0.01159,0.153345,0.006181,0.416673,0.058773,0
49,51,4850,0.261689,0.006991,0.158708,-0.00557,0.415092,0.05056,0
49,52,4851,0.274429,0.00182,0.170253,-0.002898,0.426701,0.057054,0
49,53,4852,0.251035,0.009348,0.152773,-0.001088,0.39592,0.063952,0
49,54,4853,0.262804,0.003573,0.151587,0.005329,0.404255,0.04126,0
49,55,4854,0.251367,-0.001542,0.141905,9e-06,0.401177,0.060166,0
49,56,4855,0.262477,0.002363,0.152194,0.001231,0.432856,0.058214,0
49,57,4856,0.265778,0.004179,0.151691,-0.000138,0.398618,0.055403,0
49,58,4857,0.26339,0.011296,0.157284,0.001009,0.411215,0.061118,0
49,59,4858,0.259746,-0.004303,0.157384,-0.002081,0.416093,0.049849,0
49,60,4859,0.245596,0.001367,0.171877,-0.007682,0.413276,0.048167,0
49,61,4860,0.258859,0.007387,0.156157,0.001424,0.404014,0.052035,0
49,62,4861,0.238029,0.007928,0.169745,-0.000339,0.425219,0.053365,0
49,63,4862,0.257757,-0.000847,0.158989,-0.000697,0.398161,0.054021,0
49,64,4863,0.256307,-0.003959,0.165781,0.004621,0.403399,0.053995,0
49,65,4864,0.275599,0.001527,0.163592,-0.003979,0.39671,0.064187,0
49,66,4865,0.256273,0.00902,0.147942,0.001183,0.388546,0.051237,0
49,67,4866,0.243981,-0.001201,0.149143,0.004399,0.415277,0.057458,0
49,68,4867,0.248886,0.004822,0.166702,-0.002433,0.398424,0.047175,0
49,69,4868,0.262154,0.0001,0.158906,0.000169,0.392021,0.059497,0
49,70,4869,0.259363,-0.004601,0.157376,-0.001073,0.408607,0.060766,0
49,71,4870,0.255489,-0.010203,0.147325,0.001969,0.40123,0.045941,0
49,72,4871,0.249236,0.006955,0.159668,-0.002617,0.401588,0.064689,0
49,73,4872,0.276057,-0.000284,0.164664,-0.002808,0.411899,0.060356,0
49,74,4873,0.263794,-0.00197,0.171733,0.005421,0.405873,0.052401,0
49,75,4874,0.251578,0.008251,0.142576,0.000947,0.41109,0.049558,0
49,76,4875,0.263132,-0.000895,0.144312,0.006274,0.416338,0.051579,0
49,77,4876,0.274092,0.005801,0.142601,-0.001395,0.402589,0.055577,0
49,78,4877,0.262041,0.007461,0.152868,0.002068,0.398229,0.050555,0
49,79,4878,0.25866,0.000792,0.150705,-0.006651,0.42903,0.041147,0
49,80,4879,0.253393,0.002379,0.148326,0.003821,0.393917,0.055597,0
49,81,4880,0.252001,0.001573,0.157617,0.001057,0.420796,0.059869,0
49,82,4881,0.276199,-0.004687,0.162179,0.007369,0.414724,0.064994,0
49,83,4882,0.253296,0.005013,0.148547,0.012025,0.418906,0.053819,0
49,84,4883,0.243994,0.00614,0.133492,0.006705,0.40427,0.04336,0
49,85,4884,0.255157,0.009219,0.156527,0.004344,0.406295,0.056042,0
49,86,4885,0.248168,0.008898,0.154054,0.003801,0.412348,0.064288,0
49,87,4886,0.246099,-0.007968,0.14522,0.005828,0.408758,0.052101,0
49,88,4887,0.261783,0.003874,0.157732,-0.000669,0.421605,0.046117,0
49,89,4888,0.254059,8.6e-05,0.171668,0.006794,0.41066,0.047537,0
49,90,4889,0.268209,0.004199,0.139644,0.001751,0.403038,0.0543,0
49,91,4890,0.261261,0.001973,0.156616,-0.001792,0.415459,0.05214,0
49,92,4891,0.233134,-0.000543,0.158177,0.005988,0.41438,0.049237,0
49,93,4892,0.271005,0.006763,0.160663,0.001342,0.395788,0.044804,0
49,94,4893,0.250331,0.005001,0.146853,-0.001492,0.425456,0.057811,0
49,95,4894,0.264789,0.006502,0.158294,0.000349,0.395345,0.053091,0
49,96,4895,0.255725,0.010279,0.150716,0.00054,0.392195,0.056889,0
49,97,4896,0.245664,0.003122,0.140479,-0.004503,0.415031,0.052686,0
49,98,4897,0.272532,0.008469,0.152231,0.004295,0.409692,0.042445,0
49,99,4898,0.239342,0.003398,0.14866,0.002721,0.413448,0.0572,0
49,100,4899,0.245495,0.005577,0.162811,0.003903,0.405955,0.056431,0
50,1,4900,0.259668,0.008539,0.143148,0.001061,0.413266,0.049313,0
50,2,4901,0.256032,0.002543,0.145112,0.000865,0.403145,0.050904,0
50,3,4902,0.246217,0.00202,0.15002,-0.002748,0.384457,0.058625,0
50,4,4903,0.261667,-0.003184,0.150453,-0.001151,0.404429,0.056787,0
50,5,4904,0.262232,0.002229,0.148146,0.001923,0.419592,0.059215,0
50,6,4905,0.264741,0.000462,0.13525,-0.00197,0.402331,0.050975,0
50,7,4906,0.264055,0.003306,0.142528,-0.000338,0.413456,0.053057,0
50,8,4907,0.260198,-0.000132,0.173159,-0.004348,0.439815,0.047083,0
50,9,4908,0.245504,0.004837,0.148794,0.002019,0.409134,0.050664,0
50,10,4909,0.245512,-0.00251,0.16037,0.002624,0.3916,0.04671,0
50,11,4910,0.261386,-0.003644,0.157897,0.008842,0.388728,0.049009,0
50,12,4911,0.253489,-0.000211,0.154489,-0.001338,0.4023,0.054319,0
50,13,4912,0.252835,0.002217,0.157453,0.003213,0.389045,0.061088,0
50,14,4913,0.245315,0.011686,0.171489,0.008335,0.408417,0.054675,0
50,15,4914,0.259713,0.002856,0.16793,0.006605,0.405224,0.06173,0
50,16,4915,0.251397,0.002437,0.14627,-0.00122,0.389479,0.047615,0
50,17,4916,0.26334,0.003829,0.140286,-0.002604,0.404351,0.058297,0
50,18,4917,0.268633,-0.002015,0.143467,0.001739,0.406039,0.049489,0
50,19,4918,0.248984,0.001459,0.136173,0.00464,0.390085,0.046827,0
50,20,4919,0.254923,-0.006921,0.147585,-5.5e-05,0.404758,0.059279,0
50,21,4920,0.248656,0.007672,0.147683,-0.009695,0.391406,0.038168,0
50,22,4921,0.238023,-0.002691,0.140959,0.000282,0.396078,0.05843,0
50,23,4922,0.249352,0.012282,0.15236,-0.001334,0.435145,0.041369,0
50,24,4923,0.235467,-0.008796,0.157244,-0.004546,0.403103,0.057661,0
50,25,4924,0.265938,0.009567,0.142266,0.002693,0.402813,0.0514,0
50,26,4925,0.249523,0.008651,0.143008,-0.008792,0.405927,0.044709,0
50,27,4926,0.252702,-0.000676,0.150968,0.00413,0.392064,0.056591,0
50,28,4927,0.238219,0.004173,0.151375,0.001116,0.417347,0.047263,0
50,29,4928,0.25061,0.005024,0.154799,-0.0016,0.420889,0.055531,0
50,30,4929,0.251355,0.003657,0.134422,-0.002492,0.39875,0.043504,0
50,31,4930,0.248611,-0.000652,0.141071,-0.000154,0.387551,0.060854,0
50,32,4931,0.242226,0.005653,0.156809,0.008189,0.431213,0.039909,0
50,33,4932,0.258891,0.005249,0.157927,0.004681,0.398717,0.046323,0
50,34,4933,0.271964,-0.002482,0.148963,-9.2e-05,0.386867,0.042781,0
50,35,4934,0.278497,0.000849,0.143745,0.002341,0.375737,0.049979,0
50,36,4935,0.246932,0.00893,0.153416,0.002248,0.395758,0.04401,0
50,37,4936,0.242232,-0.004982,0.13561,0.003237,0.403554,0.048202,0
50,38,4937,0.239714,0.006847,0.170141,0.003367,0.410699,0.048399,0
50,39,4938,0.266829,0.003373,0.159524,-0.003045,0.412363,0.047832,0
50,40,4939,0.247738,-0.003865,0.154731,7.1e-05,0.406514,0.055773,0
50,41,4940,0.258319,-0.001302,0.149025,0.002418,0.400441,0.054502,0
50,42,4941,0.254887,0.00182,0.147909,0.008242,0.389681,0.047552,0
50,43,4942,0.247132,-0.00158,0.149413,0.000989,0.423284,0.055371,0
50,44,4943,0.258007,-0.006634,0.153167,0.001042,0.426417,0.061056,0
50,45,4944,0.244903,-0.000353,0.162094,0.00222,0.410696,0.056547,0
50,46,4945,0.257952,-0.002795,0.139439,-0.00378,0.417052,0.049406,0
50,47,4946,0.256494,-0.000268,0.15519,-0.001372,0.410371,0.048458,0
50,48,4947,0.252912,0.002455,0.147631,5.2e-05,0.406478,0.054636,0
50,49,4948,0.253465,0.004392,0.140895,-0.004766,0.396213,0.050406,0
50,50,4949,0.250725,-0.010735,0.142625,-0.000692,0.38281,0.057353,0
50,51,4950,0.24221,0.003057,0.146215,-0.00027,0.408234,0.05108,0
50,52,4951,0.247819,0.005194,0.159899,0.00084,0.419953,0.050057,0
50,53,4952,0.251102,-0.000593,0.145721,-0.003496,0.405169,0.05863,0
50,54,4953,0.264842,0.001036,0.143499,-0.000928,0.403032,0.048335,0
50,55,4954,0.234979,0.000193,0.128155,9.4e-05,0.402447,0.062037,0
50,56,4955,0.242653,-0.004188,0.142582,0.006556,0.392675,0.049037,0
50,57,4956,0.255526,0.001647,0.133524,-0.004768,0.406582,0.050887,0
50,58,4957,0.23772,-0.002115,0.155434,-0.002167,0.407191,0.044413,0
50,59,4958,0.231529,-0.00154,0.15486,-3.9e-05,0.417283,0.048903,0
50,60,4959,0.241265,0.001449,0.132946,-0.00069,0.411712,0.054713,0
50,61,4960,0.247028,-0.000691,0.156214,-0.0026,0.395377,0.041723,0
50,62,4961,0.239321,0.004892,0.150362,-0.002797,0.413177,0.048794,0
50,63,4962,0.242955,0.015589,0.147139,-0.0079,0.423439,0.050475,0
50,64,4963,0.2377,-0.010365,0.166305,-0.006101,0.421964,0.053943,0
50,65,4964,0.274346,-0.003015,0.145328,0.002835,0.394156,0.044687,0
50,66,4965,0.270015,0.010852,0.136301,0.004309,0.39036,0.045129,0
50,67,4966,0.240479,-0.011209,0.162178,0.003727,0.401906,0.044907,0
50,68,4967,0.245387,-0.007816,0.154888,-0.001212,0.405162,0.051696,0
50,69,4968,0.248045,0.003161,0.158163,0.006304,0.388509,0.057331,0
50,70,4969,0.245143,0.004578,0.162471,0.001027,0.401912,0.05034,0
50,71,4970,0.250422,-0.010276,0.157973,0.003627,0.402917,0.046171,0
50,72,4971,0.253438,-0.008638,0.154265,0.00058,0.417767,0.055077,0
50,73,4972,0.243188,0.007466,0.153195,0.002669,0.39469,0.053749,0
50,74,4973,0.239796,-0.009332,0.168909,0.00081,0.403446,0.03959,0
50,75,4974,0.249307,0.00497,0.160144,0.002363,0.376085,0.04387,0
50,76,4975,0.252119,-0.003658,0.14565,0.005021,0.419982,0.055533,0
50,77,4976,0.250496,-0.005538,0.139362,0.005499,0.401525,0.053582,0
50,78,4977,0.254599,0.003947,0.14455,0.00496,0.392987,0.052127,0
50,79,4978,0.244502,0.000561,0.156543,0.000524,0.42529,0.055436,0
50,80,4979,0.254828,0.003942,0.140758,0.002757,0.387183,0.053869,0
50,81,4980,0.227743,-0.008512,0.155102,-0.009615,0.408919,0.056509,0
50,82,4981,0.255335,0.001424,0.138787,0.00317,0.418206,0.054706,0
50,83,4982,0.263876,0.006191,0.158755,-0.006187,0.406219,0.054414,0
50,84,4983,0.26637,-0.008799,0.154977,0.002086,0.412193,0.059763,0
50,85,4984,0.258949,-0.000616,0.14321,0.000945,0.404708,0.052527,0
50,86,4985,0.246695,0.006383,0.164132,-0.0031,0.401919,0.056283,0
50,87,4986,0.259348,-0.002749,0.152024,-0.003836,0.410655,0.047894,0
50,88,4987,0.245838,0.002321,0.141795,0.007323,0.403267,0.046992,0
50,89,4988,0.260558,-0.004233,0.14741,-7.8e-05,0.41947,0.056355,0
50,90,4989,0.264878,0.006556,0.155904,0.003218,0.393745,0.0613,0
50,91,4990,0.257267,-0.006657,0.149891,0.000913,0.399439,0.050065,0
50,92,4991,0.237762,-0.002752,0.156224,0.003457,0.407992,0.055741,0
50,93,4992,0.240948,-0.006151,0.148423,0.003233,0.403483,0.050378,0
50,94,4993,0.242095,0.000743,0.158234,0.000239,0.390877,0.055062,0
50,95,4994,0.253122,-0.001147,0.138849,-0.004548,0.399855,0.061536,0
50,96,4995,0.254111,0.01192,0.146619,0.006312,0.395617,0.045928,0
50,97,4996,0.25582,-0.01154,0.151303,-0.002355,0.391633,0.042345,0
50,98,4997,0.245884,-0.008133,0.150875,-0.003137,0.38062,0.046801,0
50,99,4998,0.244485,-0.007208,0.142953,-0.006887,0.413806,0.057847,0
50,100,4999,0.263021,0.002055,0.143453,-0.002504,0.398016,0.050645,0
